<?xml version="1.0" encoding="utf-8"?>
<COLLADA xmlns="http://www.collada.org/2005/11/COLLADASchema" version="1.4.1">
  <asset>
    <contributor>
      <author/>
      <authoring_tool>FBX COLLADA exporter</authoring_tool>
      <comments/>
    </contributor>
    <created>2021-01-05T20:13:25Z</created>
    <keywords/>
    <modified>2021-01-05T20:13:25Z</modified>
    <revision/>
    <subject/>
    <title/>
    <unit meter="0.010000" name="centimeter"/>
    <up_axis>Y_UP</up_axis>
  </asset>
  <library_materials>
    <material id="lambert1" name="lambert1">
      <instance_effect url="#lambert1-fx"/>
    </material>
  </library_materials>
  <library_effects>
    <effect id="lambert1-fx" name="lambert1">
      <profile_COMMON>
        <technique sid="standard">
          <lambert>
            <emission>
              <color sid="emission">0.000000  0.000000 0.000000 1.000000</color>
            </emission>
            <ambient>
              <color sid="ambient">0.000000  0.000000 0.000000 1.000000</color>
            </ambient>
            <diffuse>
              <color sid="diffuse">0.400000  0.400000 0.400000 1.000000</color>
            </diffuse>
            <transparent opaque="RGB_ZERO">
              <color sid="transparent">0.000000  0.000000 0.000000 1.000000</color>
            </transparent>
            <transparency>
              <float sid="transparency">1.000000</float>
            </transparency>
          </lambert>
        </technique>
      </profile_COMMON>
    </effect>
  </library_effects>
  <library_geometries>
    <geometry id="pPlane2-lib" name="pPlane2Mesh">
      <mesh>
        <source id="pPlane2-POSITION">
          <float_array id="pPlane2-POSITION-array" count="9963">
0.000095 46.061478 11.321210
0.490411 43.831417 11.277935
1.066513 41.632732 11.214410
1.508225 39.406845 11.137124
1.705211 37.147644 11.000049
2.035925 34.911354 10.892844
2.916796 32.827209 10.925433
3.534344 30.649553 10.986593
3.973626 28.424620 11.060902
4.488308 26.213793 11.089909
4.751432 23.960312 11.046414
4.998411 21.709536 10.999640
4.816741 19.474283 10.848063
4.874227 17.211710 10.812592
4.929659 14.947109 10.771228
4.738492 12.693570 10.674636
4.252417 10.483706 10.503435
3.561554 8.341516 10.207865
2.627661 6.314547 9.812297
1.465291 4.401085 9.494103
0.515620 2.404484 9.141400
0.000033 46.062202 9.056919
0.715437 43.937130 9.040799
1.443616 41.787357 9.016776
1.958195 39.578087 8.949082
2.429166 37.360836 8.877951
2.969264 35.157799 8.865740
3.579638 32.974140 8.902028
4.133867 30.774458 8.919938
4.404710 28.522081 8.882154
4.755446 26.280476 8.855073
5.142793 24.044722 8.836438
5.452754 21.797237 8.798800
5.638960 19.533485 8.747899
5.550491 17.266035 8.657429
5.404604 15.003641 8.564785
5.177292 12.752300 8.458461
4.908364 10.509326 8.344723
4.029591 8.436593 8.153127
2.956107 6.469887 7.844274
1.975296 4.444454 7.620550
0.676184 2.697319 7.037817
0.000028 46.062279 6.792706
0.703614 43.934395 6.783630
1.575237 41.835964 6.775761
2.400183 39.715218 6.767905
3.048198 37.533092 6.753945
3.527298 35.308563 6.728524
3.976982 33.080463 6.703564
4.367453 30.843277 6.675994
4.788658 28.611435 6.659099
5.127567 26.367592 6.632097
5.292629 24.104364 6.585406
5.506978 21.848063 6.544767
5.722570 19.593121 6.493865
5.807985 17.331892 6.429495
5.622802 15.095065 6.359933
4.997319 12.917099 6.290118
4.622095 10.689583 6.128820
4.298270 8.451319 5.971639
3.803054 6.241001 5.857721
3.151706 4.070900 5.761364
2.179037 2.030043 5.705215
0.000015 46.062302 4.528508
0.781295 43.970917 4.524922
1.649289 41.871288 4.519874
2.420050 39.730740 4.511582
3.139200 37.572212 4.500188
3.732374 35.374420 4.484646
4.247252 33.156712 4.466325
4.681291 30.923323 4.444394
5.066825 28.682940 4.421237
5.379786 26.433836 4.391526
5.636212 24.179642 4.356465
5.705306 21.919140 4.303568
5.624304 19.657593 4.238219
5.577866 17.397652 4.189180
5.588410 15.138116 4.128230
5.111161 12.952337 4.057495
4.218502 10.882318 4.011892
3.660466 8.697328 3.844366
3.316580 6.472296 3.663146
2.467467 4.387348 3.636666
1.679020 2.266434 3.581139
0.000031 46.062351 2.264279
0.768819 43.967220 2.262674
1.658228 41.879662 2.259700
2.408601 39.736732 2.253999
3.084425 37.568302 2.244098
3.683320 35.378601 2.229457
4.209437 33.168785 2.210119
4.668806 30.943077 2.188110
5.090311 28.711044 2.163750
5.506880 26.478542 2.139910
5.718281 24.221617 2.117270
5.827954 21.956242 2.092401
5.976493 19.692186 2.044455
6.046439 17.424335 2.016735
5.753039 15.184015 2.012088
4.945789 13.089662 1.906186
4.087326 10.994798 1.823540
3.237452 8.912097 1.771938
2.352236 6.838274 1.668610
1.649889 4.715830 1.574557
0.872964 2.597752 1.566362
0.000016 46.062401 0.000022
0.755704 43.963562 -0.000262
1.633468 41.872646 -0.002039
2.465877 39.761314 -0.003577
3.239512 37.626411 -0.006224
3.816017 35.427799 -0.021901
4.300349 33.206669 -0.041972
4.706681 30.970676 -0.064355
5.099384 28.732716 -0.088823
5.482194 26.494642 -0.112945
5.657538 24.234928 -0.132834
5.660188 21.968262 -0.148558
5.564609 19.701857 -0.161040
5.499112 17.435396 -0.154410
5.545974 15.167170 -0.185853
5.488065 12.899742 -0.210460
5.004939 10.682446 -0.188675
4.142538 8.583991 -0.243929
3.135167 6.555527 -0.351696
2.138846 4.533798 -0.448971
0.959127 2.627853 -0.693098
0.000011 46.062397 -2.264238
0.807257 43.987968 -2.262243
1.725028 41.911911 -2.261566
2.525334 39.787750 -2.261105
3.278220 37.645760 -2.261702
3.780977 35.433777 -2.272991
4.169628 33.197861 -2.291282
4.619326 30.974243 -2.310578
5.017803 28.739763 -2.334558
5.377906 26.497240 -2.357944
5.569638 24.232100 -2.360841
5.686357 21.962263 -2.359053
5.760776 19.690908 -2.367067
5.750063 17.418350 -2.375640
5.639124 15.149847 -2.374413
5.365047 12.899420 -2.376189
4.932081 10.678589 -2.432649
4.199391 8.559569 -2.411441
3.656482 6.363731 -2.474366
2.936880 4.214420 -2.500958
2.034799 2.135473 -2.504422
0.000007 46.062408 -4.528481
0.797183 43.983994 -4.525125
1.655582 41.884666 -4.521603
2.516532 39.785084 -4.519114
3.343261 37.670784 -4.519223
3.830325 35.457539 -4.526863
4.068755 33.199799 -4.534279
4.324134 30.945171 -4.542758
4.619669 28.697083 -4.551991
4.903594 26.452486 -4.566926
5.119382 24.198381 -4.558832
5.442760 21.956799 -4.553502
5.459653 19.692673 -4.567294
5.252371 17.436310 -4.568540
5.205909 15.172177 -4.581644
5.190132 12.925378 -4.600287
4.193878 10.900337 -4.552294
3.412109 8.786615 -4.513560
3.041202 6.577068 -4.639980
2.540617 4.372803 -4.717621
1.814632 2.238447 -4.722345
0.000019 46.062393 -6.792767
0.773076 43.971329 -6.785998
1.776513 41.935509 -6.777827
2.669818 39.847717 -6.773327
3.331144 37.678005 -6.776227
3.738778 35.446434 -6.781755
4.082356 33.203346 -6.784985
4.498900 30.972519 -6.793148
4.763408 28.721119 -6.792203
4.919779 26.458866 -6.778772
5.218075 24.210623 -6.791648
5.515409 21.964312 -6.811605
5.390723 19.702858 -6.824172
5.326007 17.438791 -6.826540
5.113340 15.185151 -6.836584
5.001004 12.924434 -6.848032
4.227833 10.809460 -6.801854
3.157167 8.819581 -6.732282
2.092405 6.853333 -6.672842
1.509932 4.674870 -6.672653
0.791003 2.533657 -6.577867
0.000028 46.062286 -9.057007
0.831859 43.996559 -9.044819
1.845142 41.963886 -9.036306
2.677038 39.851498 -9.032246
3.364731 37.688622 -9.035044
3.759812 35.453007 -9.035915
4.068369 33.206406 -9.041236
4.265557 30.947561 -9.029610
4.488885 28.689560 -9.031069
4.556868 26.422525 -8.992030
4.815452 24.170269 -9.003783
5.292130 21.956541 -9.056912
5.458398 19.704802 -9.078925
5.337647 17.441338 -9.085025
5.102158 15.188944 -9.094157
4.721160 12.957829 -9.087569
4.130609 10.784358 -9.058758
2.944051 8.868041 -8.982881
2.076851 6.802732 -8.887900
1.449806 4.629490 -8.806020
1.271486 2.405602 -8.479323
0.000023 46.062000 -11.321246
0.795778 43.971264 -11.304817
1.737649 41.910561 -11.294501
2.678699 39.846916 -11.293213
3.348209 37.683270 -11.290053
3.575780 35.423950 -11.288495
3.813195 33.165871 -11.274208
3.966916 30.902500 -11.246677
4.154903 28.643286 -11.210119
4.056897 26.380142 -11.191552
4.518078 24.164799 -11.239244
4.909107 21.932495 -11.285147
5.335517 19.711248 -11.338277
5.099374 17.463045 -11.332577
4.818365 15.234833 -11.309104
4.477241 13.001200 -11.334675
3.853101 10.826643 -11.302120
3.142728 8.678731 -11.219708
3.038857 6.440084 -10.896773
3.165697 4.369070 -10.099133
3.461813 2.413061 -9.007105
2.536705 39.791122 -1.130905
2.143812 40.856663 -2.261044
3.214856 37.624958 -1.134850
2.916264 38.721909 -2.260935
3.705735 35.410591 -1.146117
3.568691 36.548199 -2.264808
4.220367 33.200947 -1.167406
3.963126 34.313633 -2.282982
4.706647 30.982159 -1.191727
4.374286 32.081985 -2.300437
5.165442 28.756124 -1.215247
4.836008 29.860342 -2.324507
5.528254 26.510452 -1.240040
5.203977 27.619940 -2.346215
5.787241 24.248285 -1.253530
5.492917 25.366224 -2.362202
5.887031 21.971174 -1.253244
5.633723 23.097399 -2.359266
5.842181 19.693958 -1.253263
5.726674 20.826809 -2.361233
5.724394 17.422142 -1.254778
5.765688 18.554182 -2.370917
5.333413 15.185286 -1.287138
5.714622 16.282986 -2.379677
5.133349 12.923465 -1.282658
5.531188 14.020472 -2.366165
5.079872 10.656655 -1.312981
5.146426 11.789214 -2.406390
4.450609 8.477438 -1.318770
4.444150 9.661664 -2.381771
3.628702 6.363247 -1.351155
3.965727 7.452880 -2.451889
2.667185 4.315655 -1.424781
3.308801 5.285238 -2.488199
1.327422 2.521101 -1.744236
2.512620 3.162630 -2.508091
0.810606 43.990620 -3.393771
0.286616 44.995785 -4.526034
0.000012 46.062401 -3.396365
1.688323 41.898582 -3.391684
1.247721 42.943348 -4.523030
2.491305 39.775391 -3.389986
2.071787 40.829048 -4.520500
3.324605 37.662670 -3.390090
2.952853 38.737064 -4.517902
3.858763 35.457451 -3.399144
3.645631 36.576889 -4.522732
4.157920 33.207157 -3.414720
3.943137 34.327820 -4.530506
4.490698 30.963369 -3.431926
4.195749 32.072392 -4.538586
4.788391 28.713783 -3.439865
4.478988 29.821558 -4.546215
5.139104 26.474543 -3.462078
4.774284 27.575232 -4.563092
5.261819 24.212219 -3.446517
4.987159 25.323420 -4.562057
5.336782 21.945852 -3.429280
5.272205 23.076632 -4.554925
5.459569 19.689968 -3.440103
5.500494 20.825003 -4.562556
5.389764 17.428482 -3.447171
5.352973 18.564552 -4.569176
5.422837 15.166858 -3.472573
5.222807 16.304420 -4.573156
5.175355 12.963213 -3.475277
5.315512 14.045000 -4.610271
4.610322 10.775324 -3.511094
4.716439 11.899719 -4.574046
3.744766 8.687076 -3.438066
3.895851 9.808544 -4.566525
3.395399 6.458618 -3.570838
3.128246 7.699606 -4.537150
2.759922 4.287317 -3.611875
2.751068 5.483112 -4.665870
1.772486 2.250271 -3.595178
2.127788 3.323298 -4.722817
0.757497 43.965302 -5.655632
0.256717 44.980431 -6.788742
0.000019 46.062424 -5.660618
1.679022 41.893803 -5.652211
1.282114 42.957504 -6.781858
2.600769 39.820572 -5.645702
2.242294 40.899906 -6.774054
3.361454 37.682556 -5.648068
3.041242 38.774834 -6.773977
3.837086 35.461365 -5.656223
3.553399 36.565281 -6.778498
4.169003 33.215389 -5.659340
3.899256 34.323475 -6.782871
4.422493 30.961311 -5.668459
4.285529 32.086750 -6.789169
4.783407 28.722635 -5.667228
4.668984 29.851246 -6.794872
5.048819 26.471062 -5.668832
4.830472 27.589470 -6.784461
5.317801 24.220192 -5.671373
5.078078 25.335474 -6.784368
5.472159 21.959745 -5.682840
5.370361 23.087624 -6.801948
5.385525 19.698874 -5.693520
5.484378 20.831984 -6.817809
5.283349 17.438507 -5.697293
5.349803 18.570797 -6.825633
5.129924 15.180627 -5.707582
5.175952 16.315981 -6.830301
5.085238 12.919606 -5.724347
5.104988 14.051962 -6.845240
4.173711 10.877210 -5.676582
4.704952 11.834757 -6.830733
3.156029 8.863493 -5.602414
3.739710 9.788552 -6.768184
2.606778 6.707285 -5.676457
2.492213 7.906204 -6.687304
2.179041 4.488842 -5.783200
1.825934 5.755531 -6.687224
1.589598 2.302843 -5.812601
1.142640 3.606642 -6.620244
0.785451 43.976002 -7.916073
0.276397 44.986229 -9.049683
0.000025 46.062370 -7.924893
1.831025 41.960270 -7.906330
1.368833 42.995487 -9.039745
2.658971 39.845608 -7.902703
2.277853 40.913975 -9.033476
3.364788 37.688324 -7.905138
3.052665 38.780270 -9.032488
3.665206 35.438328 -7.909471
3.586781 36.574909 -9.036053
4.040262 33.199707 -7.912850
3.922706 34.330868 -9.037766
4.473096 30.970753 -7.922169
4.163566 32.076447 -9.035075
4.629117 28.706791 -7.913300
4.397902 29.821161 -9.034278
4.844381 26.450638 -7.903509
4.525594 27.555298 -9.013022
5.108626 24.202684 -7.914747
4.681193 25.295868 -8.999701
5.472370 21.967915 -7.941009
5.008440 23.053425 -9.021979
5.507673 19.701141 -7.948888
5.459095 20.836964 -9.074989
5.356844 17.438143 -7.956242
5.384001 18.574167 -9.080444
5.058349 15.192698 -7.965695
5.258620 16.311052 -9.090493
4.916842 12.932023 -7.974871
4.943107 14.068009 -9.093117
4.217386 10.780045 -7.931632
4.533146 11.842335 -9.086490
3.025807 8.861013 -7.854437
3.622795 9.773330 -9.025049
1.907689 6.895010 -7.783079
2.380720 7.889329 -8.943151
1.160418 4.753904 -7.722070
1.743692 5.721498 -8.854234
0.559338 2.570641 -7.636399
1.277328 3.515667 -8.702204
0.843869 44.001179 -10.175024
0.271272 44.976456 -11.311405
0.000021 46.062248 -10.189137
1.806726 41.944973 -10.165970
1.309695 42.960613 -11.300319
2.711195 39.863258 -10.162282
2.211604 40.880516 -11.293678
3.271743 37.669010 -10.161949
3.076582 38.784672 -11.291751
3.634748 35.434807 -10.159854
3.484224 36.556019 -11.291458
3.823849 33.177299 -10.143700
3.692702 34.294678 -11.282837
3.957719 30.916042 -10.116619
3.870334 32.032715 -11.261841
4.077861 28.655333 -10.084411
4.103223 29.776133 -11.226933
4.236680 26.394308 -10.075032
4.086553 27.511623 -11.201958
4.620502 24.159580 -10.114082
4.277221 25.270945 -11.211849
5.140101 21.952749 -10.177618
4.715690 23.049004 -11.264434
5.429331 19.708380 -10.210236
5.122283 20.820858 -11.309719
5.260370 17.449186 -10.212732
5.183909 18.590485 -11.330437
5.118061 15.188116 -10.224623
5.087144 16.331284 -11.343417
4.627456 12.973956 -10.214324
4.684668 14.111577 -11.328594
4.032266 10.791320 -10.185187
4.099997 11.932822 -11.304483
2.954520 8.814136 -10.112341
3.522643 9.743570 -11.283837
2.601118 6.612198 -9.867798
3.049976 7.559585 -11.075582
2.116124 4.442621 -9.684584
2.986908 5.331083 -10.666772
2.353498 2.382057 -8.786579
3.333641 3.420530 -9.501966
0.176052 44.925430 11.303708
0.571084 43.880608 10.155723
0.239975 44.967266 9.046980
0.000059 46.062115 10.189054
0.776819 42.731060 11.246053
1.099659 41.674175 10.086348
1.122674 42.876862 9.034213
1.330888 40.528465 11.181129
1.659371 39.478127 10.018848
1.703219 40.682800 8.982148
1.619759 38.277382 11.074306
2.036612 37.247715 9.925856
2.210448 38.472736 8.919702
1.824219 36.022419 10.930466
2.394836 35.012695 9.826388
2.686869 36.256321 8.862566
2.467549 33.866543 10.912935
2.939965 32.809551 9.819581
3.260360 34.061966 8.875039
3.267964 31.750359 10.947552
3.612410 30.641916 9.892084
3.884979 31.881424 8.920220
3.740486 29.534992 11.030599
4.333634 28.496449 10.001316
4.258444 29.647131 8.898549
4.238747 27.320518 11.080760
4.714910 26.260927 9.983175
4.582182 27.401161 8.868303
4.632373 25.088564 11.073613
5.046495 24.016899 9.957382
4.946046 25.162031 8.846103
4.874661 22.834400 11.020598
5.327474 21.763689 9.919353
5.283204 22.919342 8.817596
4.993218 20.584064 10.944465
5.281770 19.501310 9.817730
5.586137 20.669004 8.777543
4.819484 18.342527 10.821644
5.223147 17.239243 9.736979
5.616221 18.398529 8.706223
4.936230 16.080021 10.801984
5.120715 14.977700 9.657197
5.476216 16.134863 8.609153
4.883427 13.815285 10.732436
4.963219 12.721822 9.567647
5.309006 13.875255 8.514941
4.505577 11.586274 10.596582
4.657515 10.482614 9.447249
4.998181 11.636569 8.394611
3.934554 9.401007 10.379268
3.496891 8.577707 9.108138
4.530345 9.445346 8.269114
3.143214 7.305677 10.006238
2.364987 6.645500 8.775839
3.477464 7.462770 7.987637
2.030896 5.365568 9.659208
1.266733 4.693411 8.449934
2.469395 5.455690 7.732080
0.844398 3.463411 9.368649
0.273664 2.690876 8.094230
1.352685 3.541435 7.358727
0.670954 43.920414 7.912630
0.249567 44.973583 6.787050
0.000034 46.062279 7.924797
1.601280 41.846401 7.903756
1.138054 42.885254 6.779078
2.329950 39.690182 7.892787
2.003600 40.781952 6.772127
2.914518 37.490612 7.872987
2.748245 38.631214 6.762362
3.437534 35.277836 7.853087
3.297994 36.422852 6.741686
3.901881 33.053574 7.829733
3.756294 34.194912 6.716044
4.279068 30.814417 7.801030
4.179017 31.962933 6.689984
4.557282 28.560999 7.763392
4.575665 29.726879 6.666179
4.928705 26.322250 7.740275
4.986175 27.493677 6.650781
5.193270 24.072910 7.709324
5.209179 25.235968 6.608969
5.423884 21.815434 7.669649
5.396772 22.975525 6.564872
5.741717 19.567425 7.623766
5.592435 20.718746 6.521475
5.805790 17.297604 7.559018
5.807359 18.464254 6.462229
5.694077 15.028528 7.473989
5.821545 16.199148 6.392418
5.360840 12.784389 7.344381
5.289277 14.012563 6.328420
4.887637 10.570434 7.217265
4.756247 11.809593 6.233221
4.377616 8.373584 7.094777
4.472077 9.569102 6.043809
3.624391 6.243843 6.968816
4.075711 7.340916 5.910868
2.675012 4.200138 6.765930
3.487968 5.152866 5.809058
1.366879 2.456917 6.284645
2.736432 3.018246 5.728978
0.758547 43.960762 5.655032
0.272677 44.984829 4.526012
0.000033 46.062328 5.660589
1.626391 41.860596 5.648558
1.236481 42.930397 4.522897
2.407425 39.723145 5.639642
2.039242 40.802799 4.516114
3.121554 37.562157 5.628407
2.794774 38.656540 4.506341
3.672510 35.352707 5.610798
3.445713 36.476192 4.493057
4.154864 33.128288 5.590316
4.000236 34.267822 4.475772
4.539596 30.887184 5.561767
4.475406 32.041874 4.456077
4.971774 28.655355 5.545572
4.877020 29.803198 4.432715
5.216971 26.397890 5.507728
5.230542 27.559433 4.406776
5.501585 24.146389 5.476775
5.527645 25.308680 4.375932
5.690174 21.886080 5.431475
5.738503 23.050983 4.337167
5.693414 19.623215 5.364207
5.646049 20.788435 4.267575
5.758487 17.365120 5.299920
5.598139 18.526730 4.214441
5.713669 15.100471 5.236990
5.575570 16.266876 4.161759
5.078375 12.925021 5.179391
5.479539 14.021096 4.089438
4.264085 10.810810 5.085692
4.741130 11.883678 4.018472
3.842534 8.589165 4.946896
3.913812 9.796200 3.922571
3.610415 6.346354 4.748758
3.433202 7.591639 3.764490
2.847145 4.217230 4.683794
2.809070 5.463221 3.686876
1.866195 2.203947 4.674473
2.087043 3.321924 3.599725
0.770533 43.967461 3.393915
0.263653 44.982288 2.263550
0.000025 46.062340 3.396388
1.647833 41.874531 3.390021
1.232548 42.931755 2.261406
2.439643 39.743538 3.382912
2.055939 40.816296 2.257653
3.120433 37.574059 3.372002
2.746493 38.652363 2.249627
3.743953 35.386581 3.356528
3.406440 36.479542 2.237709
4.233147 33.164787 3.338333
3.938647 34.272205 2.220589
4.660414 30.931734 3.316292
4.461941 32.060646 2.199218
5.074810 28.697289 3.292324
4.864020 29.823771 2.175732
5.487909 26.463818 3.268606
5.319448 27.598604 2.152264
5.798274 24.214081 3.239882
5.652883 25.353456 2.127866
5.925206 21.945864 3.200356
5.758865 23.088421 2.108498
5.932460 19.678015 3.158750
5.908289 20.824812 2.066439
6.002565 17.417095 3.145641
6.020703 18.558165 2.029184
5.434165 15.252461 3.077580
5.986251 16.293806 2.013630
4.739355 13.110216 3.002267
5.474457 14.086962 2.003574
3.967108 11.017644 2.917641
4.491519 12.053066 1.845094
3.355241 8.841956 2.834445
3.694170 9.933575 1.811280
2.913094 6.632248 2.623677
2.738427 7.898123 1.720611
1.973330 4.589760 2.646130
2.136467 5.735037 1.555695
1.061901 2.517874 2.672073
1.197446 3.680447 1.585117
0.758994 43.964378 1.131232
0.269754 44.986977 0.000333
0.000018 46.062386 1.132163
1.653918 41.880230 1.128775
1.203594 42.922096 -0.000959
2.469572 39.762024 1.126483
2.051348 40.817795 -0.003133
3.194892 37.608742 1.121584
2.876374 38.702579 -0.003424
3.778419 35.410675 1.106061
3.532245 36.528393 -0.013570
4.191340 33.176338 1.081244
4.077320 34.321308 -0.031783
4.629708 30.947075 1.060602
4.487578 32.085705 -0.054003
5.024198 28.709093 1.036671
4.922725 29.854973 -0.075018
5.534794 26.494932 1.011771
5.289591 27.613132 -0.102142
5.767528 24.232941 0.990396
5.595129 25.366360 -0.124169
5.747610 21.960400 0.975847
5.675238 23.101683 -0.140575
5.639380 19.694412 0.966248
5.615798 20.834970 -0.155953
5.762961 17.426222 0.927884
5.520258 18.569067 -0.161269
5.852369 15.159025 0.892145
5.501722 16.300949 -0.158266
5.435225 12.928127 0.911440
5.562171 14.033010 -0.211399
4.587904 10.826015 0.846898
5.309278 11.777637 -0.195639
3.617855 8.783463 0.729620
4.610422 9.617130 -0.203743
2.564906 6.793354 0.585353
3.647407 7.565167 -0.293937
1.543067 4.774984 0.477846
2.575645 5.576059 -0.445570
0.871578 2.618492 0.434296
1.537531 3.585075 -0.577250
0.799810 43.985096 -1.130797
0.283246 44.993366 -2.262767
0.000019 46.062412 -1.132118
1.696153 41.900059 -1.131020
1.280390 42.956596 -2.261688
0.234973 44.963047 10.176381
0.836372 42.777641 10.121094
1.373371 40.574074 10.052269
1.852687 38.363720 9.972456
2.210809 36.129894 9.874578
2.644221 33.906013 9.809351
3.264980 31.721630 9.848299
3.982147 29.571808 9.954243
4.558250 27.384604 9.997458
4.860376 25.136183 9.967948
5.202784 22.892271 9.940881
5.332561 20.631147 9.872622
5.247198 18.370401 9.774865
5.172908 16.108624 9.696986
5.090069 13.845823 9.620859
4.781012 11.606501 9.503047
4.085464 9.529715 9.279972
2.927141 7.614147 8.938942
1.813579 5.670113 8.615256
0.737680 3.707935 8.275928
0.238035 44.968830 7.917154
1.143763 42.887688 7.907331
1.994616 40.778328 7.899825
2.632378 38.592896 7.883216
3.177037 36.384174 7.862422
3.681390 34.168064 7.842411
4.111744 31.937481 7.817337
4.427128 29.688602 7.783811
4.722019 27.438150 7.747704
5.134605 25.206343 7.734365
5.288152 22.941977 7.688330
5.583329 20.691620 7.649540
5.801601 18.433378 7.593090
5.770884 16.162249 7.519135
5.550086 13.902514 7.411780
5.144918 11.672642 7.276288
4.638578 9.472429 7.157902
4.032151 7.297180 7.036839
3.171045 5.210136 6.884365
1.927388 3.431627 6.403183
0.272620 44.985703 5.656752
1.195754 42.912682 5.651534
2.021321 40.793724 5.644272
2.784984 38.649574 5.634727
3.411039 36.461021 5.620211
3.923671 34.242435 5.601149
4.349059 32.007816 5.575694
4.749272 29.769957 5.552135
5.113525 27.528591 5.529265
5.366261 25.272907 5.492484
5.623807 23.018539 5.459284
5.669732 20.752975 5.396055
5.777270 18.496380 5.331529
5.763663 16.233599 5.264282
5.464257 13.991816 5.218567
4.642880 11.879767 5.127879
3.974635 9.712697 5.041962
3.729045 7.467947 4.843499
3.217453 5.285362 4.726257
2.494866 3.143349 4.631972
0.260535 44.980240 3.394914
1.235268 42.932438 3.392324
2.050079 40.811726 3.387172
2.790310 38.661957 3.377761
3.445116 36.484299 3.365222
3.999254 34.277946 3.347708
4.467159 32.051991 3.327556
4.855887 29.812201 3.304329
5.285521 27.581249 3.279940
5.665427 25.342253 3.255935
5.883949 23.081060 3.219599
5.933730 20.811190 3.179032
5.961993 18.546600 3.149526
5.751573 16.331583 3.112781
5.071416 14.183309 3.055217
4.509193 12.007447 2.918660
3.661217 9.929194 2.879153
3.098577 7.742579 2.752836
2.549892 5.563759 2.592310
1.497764 3.562695 2.666275
0.266151 44.984940 1.131959
1.221809 42.929119 1.130180
2.065665 40.822952 1.127362
2.836069 38.686993 1.124884
3.507206 36.515369 1.114610
3.995186 34.295296 1.093698
4.416613 32.062843 1.071859
4.814735 29.826031 1.048084
5.284360 27.603277 1.024707
5.687683 25.368002 1.000048
5.792392 23.095877 0.981986
5.648936 20.829390 0.972401
5.681015 18.559366 0.952339
5.859695 16.294731 0.897247
5.707139 14.031630 0.902684
5.038426 11.864681 0.890698
4.101365 9.805529 0.787034
3.173083 7.742972 0.688193
2.013174 5.806765 0.508186
1.117904 3.723873 0.458210
0.283804 44.994396 -1.131177
1.252168 42.944695 -1.130938
2.139115 40.854778 -1.130170
2.892797 38.712872 -1.132439
3.459224 36.517265 -1.140254
3.959070 34.305115 -1.154821
4.470061 32.093258 -1.180451
4.946281 29.871500 -1.203005
5.356215 27.635090 -1.228333
5.676001 25.381899 -1.248806
5.858991 23.110922 -1.254259
5.874871 20.831846 -1.253015
5.801731 18.556917 -1.252467
5.519296 16.305531 -1.277015
5.216661 14.055687 -1.284716
5.102369 11.789488 -1.297203
4.794054 9.558970 -1.312613
4.061794 7.411446 -1.332079
3.160649 5.332708 -1.382420
1.977411 3.435141 -1.595463
0.279893 44.992195 -3.394375
1.275974 42.956108 -3.392669
2.087440 40.836151 -3.390420
2.914011 38.721592 -3.389712
3.637560 36.571274 -3.392766
4.008654 34.331825 -3.407174
4.305033 32.082630 -3.419822
4.623296 29.836159 -3.433005
4.992675 27.598188 -3.455240
5.229298 25.344805 -3.460977
5.285580 23.078947 -3.432095
5.442234 20.818678 -3.435325
5.407649 18.559464 -3.441061
5.365643 16.296713 -3.452066
5.466842 14.035570 -3.490645
4.816264 11.888783 -3.461622
4.178263 9.731337 -3.477213
3.567583 7.573125 -3.502151
3.092548 5.368526 -3.593990
2.238746 3.282600 -3.598109
0.265163 44.985596 -5.657422
1.231377 42.935680 -5.653495
2.136895 40.856075 -5.649208
3.026114 38.768059 -5.644639
3.634186 36.579128 -5.652184
4.006179 34.338493 -5.658119
4.319370 32.090973 -5.661414
4.578550 29.838066 -5.670608
4.915895 27.596672 -5.668121
5.183849 25.345814 -5.669981
5.393620 23.089329 -5.677993
5.445799 20.828217 -5.689036
5.311957 18.570425 -5.695484
5.263332 16.305683 -5.703215
5.088351 14.049751 -5.715752
4.772058 11.838239 -5.701844
3.707629 9.849838 -5.639474
2.710466 7.826985 -5.581025
2.423143 5.593214 -5.743216
1.899469 3.392139 -5.807149
0.261327 44.981697 -7.919506
1.317862 42.973389 -7.911234
2.261828 40.909477 -7.903532
3.036642 38.774822 -7.903288
3.532879 36.566048 -7.907641
3.834179 34.315975 -7.910920
4.283898 32.090645 -7.916367
4.591356 29.841316 -7.922420
4.721059 27.576876 -7.906287
4.958875 25.324642 -7.906904
5.279572 23.083738 -7.925813
5.543458 20.835672 -7.946986
5.440099 18.568892 -7.952357
5.205847 16.315138 -7.960583
5.035181 14.059931 -7.973045
4.646376 11.830421 -7.960598
3.701250 9.770965 -7.897498
2.407813 7.911766 -7.816009
1.513626 5.831217 -7.754602
0.834448 3.669006 -7.682767
0.286069 44.989929 -10.180134
1.354177 42.986347 -10.170099
2.272217 40.909904 -10.164145
3.033128 38.776154 -10.162124
3.468738 36.554451 -10.160059
3.729370 34.306458 -10.151997
3.898589 32.046944 -10.130721
4.023409 29.785961 -10.101110
4.138452 27.524240 -10.074667
4.385314 25.269131 -10.087410
4.869549 23.053434 -10.143774
5.351006 20.838810 -10.201417
5.339268 18.578684 -10.210154
5.223831 16.316904 -10.220865
4.912804 14.071893 -10.223526
4.357627 11.874604 -10.204089
3.549454 9.775131 -10.153453
2.647511 7.730294 -10.031583
2.240472 5.545887 -9.855765
2.242543 3.416292 -9.227740
0.000688 45.495808 10.754921
0.342128 44.393173 10.726540
0.484265 44.454090 9.608618
0.000658 45.496128 9.622858
0.631480 43.295586 10.696506
0.912516 42.195358 10.664656
1.134180 42.281231 9.566905
0.852424 43.380592 9.596378
1.211822 41.100746 10.632683
1.482809 40.000050 10.598698
1.607345 40.065205 9.479895
1.377405 41.173992 9.525042
1.652802 38.880939 10.549084
1.768158 37.755512 10.483890
2.065749 37.848331 9.398352
1.838712 38.956970 9.437759
1.910455 36.632671 10.420486
2.083140 35.513565 10.368143
2.522519 35.629982 9.333335
2.292907 36.739407 9.363598
2.317267 34.405586 10.342021
2.644721 33.322350 10.357889
3.095871 33.435074 9.344495
2.790962 34.528152 9.327006
2.978920 32.241192 10.384324
3.290951 31.153746 10.414372
3.787308 31.275854 9.435107
3.433287 32.352306 9.384507
3.590071 30.062359 10.446603
3.915264 28.977730 10.484428
4.360229 29.081665 9.454919
4.119222 30.191559 9.468120
4.255803 27.898783 10.527946
4.517237 26.797510 10.541577
4.683084 26.836290 9.427181
4.511590 27.956888 9.439506
4.682031 25.675827 10.530297
4.832726 24.551306 10.513303
5.048822 24.597797 9.406937
4.847675 25.714788 9.414429
4.987072 23.427803 10.495595
5.116797 22.301256 10.473859
5.358818 22.348009 9.373460
5.216035 23.474617 9.391962
5.191566 21.172638 10.441327
5.046059 20.053843 10.346886
5.513225 20.083511 9.318235
5.479434 21.218824 9.350928
5.049223 18.922226 10.318037
5.019544 17.791183 10.278873
5.387055 17.820515 9.211123
5.469523 18.949720 9.269144
5.051473 16.659674 10.261968
5.028448 15.528267 10.229336
5.283970 15.557119 9.129320
5.327540 16.689135 9.166610
5.017558 14.395704 10.197463
4.950734 13.265250 10.155077
5.140197 13.297869 9.041142
5.198830 14.428163 9.082082
4.783071 12.145711 10.093050
4.585888 11.031702 10.024554
4.841769 11.061015 8.923780
4.939131 12.186038 8.973618
4.322769 9.934504 9.926010
3.839530 8.928474 9.742154
3.944467 9.055141 8.650303
4.497406 10.027353 8.813697
3.303420 7.948588 9.561086
2.739499 6.983509 9.393614
2.856220 7.097775 8.332098
3.393963 8.079923 8.487432
2.124457 6.044476 9.248866
1.537062 5.088795 9.091733
1.829363 5.106522 8.052031
2.343771 6.099112 8.194067
0.985429 4.112175 8.922754
0.511708 3.098328 8.741718
0.680201 3.210184 7.649836
1.288658 4.128725 7.887132
0.000608 45.496178 8.490755
0.459479 44.445168 8.478427
0.468904 44.450562 7.350432
0.000565 45.496227 7.358707
0.932597 43.413364 8.472279
1.369952 42.364311 8.467771
1.353430 42.358700 7.341775
0.901233 43.401577 7.345825
1.734008 41.287514 8.459454
2.040572 40.193008 8.443373
2.209525 40.250648 7.334318
1.803360 41.314255 7.338217
2.326254 39.093594 8.426722
2.594914 37.989967 8.409412
2.864552 38.069569 7.321508
2.555872 39.165756 7.329355
2.856759 36.885574 8.395682
3.125259 35.782654 8.388660
3.377874 35.852356 7.297997
3.131971 36.963116 7.310639
3.398793 34.681339 8.386083
3.672038 33.579803 8.385828
3.820695 33.622746 7.272382
3.609042 34.739124 7.285830
3.922803 32.472626 8.380816
4.137716 31.357847 8.369964
4.231560 31.389265 7.245965
4.041333 32.508492 7.260338
4.297570 30.234127 8.352322
4.426211 29.105865 8.333884
4.570259 29.144394 7.215444
4.397747 30.266460 7.229997
4.560160 27.979309 8.313424
4.725935 26.856977 8.298786
4.971614 26.910524 7.199407
4.757966 28.025162 7.204098
4.928411 25.740623 8.290489
5.120961 24.623075 8.281572
5.208338 24.655071 7.159566
5.141884 25.788548 7.184389
5.213619 23.492552 8.261338
5.360572 22.367786 8.243021
5.410689 22.396181 7.117929
5.275538 23.522081 7.135522
5.516918 21.243633 8.222592
5.668879 20.117804 8.200552
5.661442 20.142265 7.073155
5.543364 21.270037 7.097351
5.738167 18.983511 8.172352
5.733349 17.847294 8.135894
5.820123 17.881708 7.011511
5.777287 19.014568 7.043754
5.681852 16.713005 8.092752
5.592485 15.581568 8.041741
5.808321 15.612656 6.937880
5.825951 16.747608 6.976162
5.478768 14.453778 7.986945
5.336513 13.330345 7.928467
5.367013 13.389775 6.822348
5.620629 14.493789 6.879780
5.135136 12.217761 7.862547
4.972660 11.098811 7.804463
4.917610 11.173553 6.692514
5.121741 12.284913 6.764203
4.815111 9.980052 7.748169
4.489727 8.897455 7.688715
4.484072 8.959740 6.562128
4.631286 10.079633 6.638608
4.066979 7.850468 7.612657
3.580664 6.835554 7.505143
3.940779 6.763271 6.449398
4.244743 7.853934 6.501393
3.093104 5.820473 7.393630
2.599564 4.809324 7.277413
3.195466 4.629604 6.336595
3.584203 5.689779 6.394880
2.001001 3.883335 7.057742
1.239500 3.141331 6.672182
2.106238 2.705698 6.121492
2.686139 3.632517 6.218167
0.000628 45.496243 6.226599
0.501656 44.465763 6.219931
0.538212 44.483730 5.091113
0.000632 45.496262 5.094536
0.944783 43.421192 6.216060
1.380519 42.371765 6.212041
1.441291 42.399460 5.086581
1.007826 43.450409 5.089431
1.802904 41.316139 6.208313
2.207427 40.252384 6.204229
2.214912 40.260006 5.078165
1.841715 41.335136 5.082771
2.590786 39.181114 6.199800
2.933189 38.095398 6.193677
2.967877 38.112354 5.067917
2.593440 39.187073 5.073371
3.230176 36.996983 6.185175
3.482769 35.886852 6.173911
3.570477 35.917259 5.052600
3.284841 37.019539 5.061048
3.724269 34.775200 6.163030
3.956542 33.661690 6.151553
4.086255 33.699776 5.033910
3.832185 34.809345 5.043243
4.148335 32.541817 6.135614
4.338866 31.421455 6.121125
4.542833 31.470867 5.013525
4.330759 32.588539 5.024755
4.545667 30.304424 6.110108
4.768888 29.190025 6.103759
4.943353 29.232544 4.990907
4.736867 30.350454 5.000934
4.975594 28.073679 6.096620
5.100307 26.945820 6.077883
5.214260 26.977808 4.956272
5.110851 28.108929 4.977425
5.202301 25.815802 6.055693
5.331539 24.688488 6.037422
5.513041 24.727421 4.926103
5.352683 25.850780 4.938616
5.451218 23.560947 6.020002
5.548525 22.432358 5.997244
5.730754 22.469687 4.885900
5.646847 23.600965 4.910107
5.602068 21.301144 5.970263
5.639213 20.169592 5.943173
5.635356 20.205257 4.815665
5.706593 21.335835 4.849859
5.770277 19.045200 5.912384
5.798759 17.914497 5.880601
5.639220 17.948275 4.764711
5.719306 19.076700 4.783348
5.785273 16.782543 5.846215
5.785902 15.651615 5.808131
5.583685 15.688156 4.708843
5.598179 16.817713 4.741272
5.485927 14.560318 5.781276
5.130308 13.486320 5.744779
5.329107 13.456244 4.637250
5.550209 14.557919 4.670807
4.766111 12.413846 5.710613
4.458891 11.321486 5.669825
4.600426 11.315911 4.563153
4.973044 12.382779 4.599999
4.253304 10.205978 5.606785
4.141920 9.080833 5.502313
3.790805 9.206911 4.447578
4.204879 10.257142 4.508952
4.025674 7.958124 5.402896
3.832217 6.843550 5.332721
3.476652 6.972664 4.267806
3.599190 8.094561 4.365053
3.585214 5.739843 5.272036
3.219167 4.667364 5.231796
2.876685 4.825888 4.165938
3.238685 5.892000 4.207110
2.862445 3.592470 5.184540
2.265636 2.644684 5.210678
2.119810 2.694412 4.092561
2.525670 3.750708 4.116561
0.000624 45.496254 3.962421
0.524438 44.477291 3.959722
0.517902 44.475342 2.829139
0.000558 45.496284 2.830330
1.014390 43.454029 3.958179
1.444461 42.402802 3.955692
1.447113 42.405979 2.826376
1.004414 43.451092 2.827992
1.844570 41.339108 3.952270
2.240752 40.272911 3.948234
2.247124 40.279961 2.820967
1.855721 41.346882 2.824132
2.624142 39.202240 3.943483
2.979034 38.121189 3.937610
2.921193 38.109695 2.811811
2.597038 39.198822 2.816585
3.303781 37.031021 3.931099
3.603422 35.932774 3.923252
3.575756 35.933533 2.797626
3.253371 37.023418 2.805688
3.883685 34.829750 3.914646
4.137337 33.720013 3.905401
4.084361 33.718388 2.780060
3.844150 34.829460 2.788822
4.366500 32.605721 3.895570
4.573338 31.487122 3.884587
4.566080 31.496861 2.758009
4.335598 32.609856 2.769113
4.766634 30.367069 3.872716
4.969522 29.248665 3.861262
4.959678 29.258862 2.734081
4.762026 30.377636 2.746210
5.179777 28.132713 3.849293
5.362357 27.011724 3.836378
5.393424 27.029171 2.709857
5.180527 28.144609 2.721744
5.536150 25.889750 3.823837
5.660134 24.761536 3.805694
5.748169 24.787106 2.684022
5.595148 25.912012 2.698361
5.745822 23.630663 3.784032
5.778848 22.498932 3.757290
5.942707 22.524097 2.645529
5.853727 23.656672 2.665454
5.758023 21.366758 3.726317
5.727001 20.234699 3.694116
6.036145 20.254230 2.612450
6.000831 21.389046 2.629168
5.712162 19.101694 3.668761
5.761964 17.969582 3.666394
6.059776 17.986616 2.587344
6.055528 19.119545 2.598866
5.880135 16.843412 3.695117
5.782418 15.715538 3.619949
5.663109 15.782774 2.533877
6.012404 16.856197 2.574607
5.541309 14.610679 3.546772
5.084851 13.574383 3.557975
4.996899 13.652312 2.476902
5.371603 14.690312 2.513293
4.801798 12.480717 3.490455
4.390223 11.432842 3.457500
4.118774 11.575193 2.369607
4.542816 12.619316 2.408524
4.052897 10.386138 3.403756
3.817397 9.281971 3.319905
3.306705 9.466083 2.337290
3.700889 10.524594 2.345718
3.554747 8.183666 3.240408
3.299532 7.083885 3.158435
2.682277 7.294767 2.235388
2.957402 8.389964 2.306934
2.953847 6.009459 3.118277
2.388802 5.030680 3.166470
2.130989 5.123501 2.069537
2.518882 6.182518 2.092651
1.973797 3.978035 3.158452
1.557490 2.926268 3.146917
1.100338 3.112490 2.137576
1.557713 4.147556 2.125626
0.000544 45.496307 1.698200
0.520537 44.477760 1.697381
0.516207 44.476795 0.566197
0.000521 45.496338 0.566086
1.004330 43.452129 1.696293
1.448364 42.407871 1.694864
1.427864 42.400848 0.564515
0.983205 43.444176 0.565421
1.866695 41.353035 1.692980
2.247469 40.283543 1.690434
2.265298 40.291973 0.562035
1.843662 41.345760 0.563265
2.600054 39.204319 1.686635
2.950732 38.123993 1.682465
3.057799 38.163300 0.560590
2.669703 39.231483 0.561708
3.287687 37.039715 1.676674
3.576759 35.941319 1.668682
3.682619 35.976624 0.547318
3.390031 37.076134 0.555227
3.826150 34.833759 1.659434
4.069765 33.724575 1.649718
4.158468 33.753296 0.526845
3.941019 34.868988 0.538078
4.330232 32.619041 1.638861
4.562450 31.506504 1.627869
4.580525 31.520393 0.504788
4.360854 32.635292 0.515769
4.747015 30.384954 1.616147
4.941324 29.265572 1.604641
4.949561 29.277905 0.479095
4.779170 30.401361 0.493439
5.190355 28.157642 1.592303
5.430499 27.047163 1.580349
5.371840 27.046644 0.456103
5.146580 28.159254 0.466662
5.601907 25.924324 1.568186
5.699017 24.793116 1.556222
5.673123 24.799488 0.433909
5.559961 25.928190 0.445054
5.738957 23.659035 1.547058
5.726495 22.525366 1.539567
5.746447 22.530853 0.415358
5.731154 23.666176 0.424330
5.708340 21.391472 1.537070
5.753639 20.257460 1.522049
5.613929 20.264975 0.405807
5.695246 21.396704 0.409287
5.829275 19.125637 1.497228
5.917025 17.994102 1.469167
5.691169 18.001221 0.376583
5.611175 19.131828 0.397525
5.980631 16.860176 1.449148
5.934898 15.724726 1.451609
5.770984 15.730740 0.335879
5.748441 16.868185 0.351371
5.753232 14.604218 1.460459
5.460659 13.509936 1.456461
5.623048 13.461936 0.344662
5.740626 14.593308 0.335029
5.042944 12.456192 1.427843
4.631205 11.401074 1.400349
5.045950 11.265923 0.360055
5.391047 12.348808 0.360503
4.209934 10.349532 1.363904
3.762662 9.310709 1.313629
4.105072 9.206026 0.257925
4.614103 10.215478 0.329361
3.241711 8.307873 1.250682
2.634358 7.360872 1.141994
3.058286 7.204128 0.110077
3.573566 8.209644 0.174951
2.106128 6.363064 1.075493
1.682156 5.314762 1.048417
2.034257 5.189425 -0.000348
2.546741 6.196039 0.056353
1.291082 4.252640 1.032517
1.034524 3.150696 1.008684
1.035629 3.173027 -0.114730
1.597979 4.145290 -0.011642
0.000545 45.496346 -0.566052
0.535953 44.486774 -0.565411
0.557689 44.497616 -1.696423
0.000553 45.496353 -1.698167
1.003329 43.454075 -0.565804
1.443370 42.408531 -0.566548
1.492732 42.430214 -1.695811
1.043265 43.472828 -1.695844
1.880199 41.361340 -0.566803
2.308125 40.310070 -0.566729
2.346805 40.326664 -1.695252
1.939685 41.386673 -1.695269
2.710066 39.248413 -0.567573
3.069153 38.170982 -0.570008
3.059390 38.171345 -1.697970
2.703856 39.249043 -1.696206
3.340645 37.068825 -0.573506
3.613494 35.966995 -0.580025
3.633253 35.978485 -1.705502
3.379282 37.083450 -1.700198
3.898212 34.868130 -0.590013
4.163630 33.763771 -0.601950
4.035190 33.746101 -1.722884
3.833433 34.862488 -1.714410
4.405598 32.653927 -0.613538
4.627612 31.539303 -0.624134
4.482784 31.520237 -1.740332
4.255899 32.633022 -1.731086
4.845597 30.424229 -0.634631
5.052200 29.306501 -0.646028
4.992128 29.306477 -1.769200
4.726601 30.410814 -1.752407
5.242070 28.185978 -0.659432
5.425599 27.064283 -0.672556
5.393267 27.069689 -1.796501
5.197468 28.189718 -1.781967
5.597227 25.940622 -0.682438
5.707385 24.809166 -0.689363
5.654984 24.809055 -1.810279
5.544954 25.942154 -1.805649
5.762360 23.673988 -0.695239
5.764380 22.537447 -0.702405
5.807780 22.537596 -1.813594
5.732965 23.673559 -1.810500
5.731940 21.401800 -0.711120
5.689315 20.266562 -0.715941
5.888770 20.261539 -1.817428
5.864181 21.400402 -1.817372
5.645993 19.131907 -0.718259
5.597980 17.998672 -0.716243
5.839299 17.984312 -1.813646
5.876573 19.122318 -1.814942
5.490649 16.871790 -0.719225
5.392204 15.743338 -0.721028
5.597900 15.724211 -1.819387
5.761202 16.848875 -1.813689
5.362630 14.610535 -0.730167
5.339892 13.477237 -0.744669
5.254107 13.482595 -1.841268
5.401168 14.606496 -1.836333
5.316063 12.343173 -0.761429
5.202639 11.213483 -0.754283
4.985646 11.233898 -1.860377
5.086198 12.362176 -1.851799
4.926506 10.111475 -0.747739
4.563271 9.034866 -0.754221
4.502900 9.054225 -1.864302
4.826061 10.136892 -1.861916
4.128572 7.985762 -0.777976
3.633582 6.966129 -0.824960
3.893281 6.875729 -1.904333
4.232629 7.955689 -1.889605
3.145125 5.945417 -0.869653
2.603026 4.955444 -0.949684
3.108326 4.749508 -1.929831
3.514618 5.807533 -1.916933
2.034227 4.007370 -1.039288
1.376413 3.097624 -1.191023
2.049623 2.752613 -2.001109
2.637313 3.719322 -1.950312
0.000552 45.496334 -2.830294
0.545816 44.491428 -2.828224
0.559228 44.498924 -3.959592
0.000547 45.496353 -3.962413
1.051106 43.476280 -2.827538
1.505438 42.436188 -2.827237
1.453869 42.415657 -3.956260
1.038960 43.471951 -3.958227
1.923299 41.380611 -2.826678
2.326199 40.319302 -2.826508
2.267016 40.296612 -3.954777
1.856333 41.354843 -3.955152
2.734932 39.260422 -2.826794
3.127693 38.194508 -2.826130
3.134362 38.198132 -3.953908
2.699224 39.247135 -3.954424
3.464936 37.110191 -2.827552
3.727915 36.005932 -2.832246
3.755448 36.018505 -3.959963
3.504033 37.124905 -3.955580
3.937748 34.890293 -2.839684
4.131375 33.771828 -2.848944
3.985415 33.760033 -3.967549
3.868262 34.889221 -3.963965
4.316682 32.652843 -2.859780
4.496678 31.533005 -2.870999
4.270636 31.508171 -3.975958
4.120112 32.632893 -3.971329
4.644927 30.408478 -2.876151
4.794750 29.283709 -2.879758
4.565752 29.258127 -3.983218
4.418920 30.383522 -3.979959
4.981443 28.164373 -2.891104
5.178526 27.046915 -2.905909
4.982936 27.028933 -4.016566
4.750978 28.138363 -3.995364
5.319880 25.921337 -2.913457
5.409580 24.789816 -2.913985
5.089823 24.766451 -3.996781
5.052927 25.898449 -4.010368
5.470454 23.656393 -2.910305
5.483104 22.521330 -2.895840
5.287092 22.508677 -3.993880
5.160870 23.635517 -3.992313
5.473133 21.387163 -2.875355
5.498682 20.253786 -2.873209
5.520735 20.256090 -4.000442
5.457662 21.387978 -3.993202
5.540648 19.121950 -2.887632
5.552860 17.989841 -2.900426
5.337535 17.997995 -4.004854
5.461260 19.123814 -4.005800
5.546619 16.857298 -2.911493
5.471344 15.726608 -2.903617
5.289121 15.734856 -4.017714
5.280690 16.867313 -4.006887
5.443716 14.593553 -2.917090
5.480843 13.462749 -2.931992
5.370799 13.478177 -4.053810
5.371655 14.606067 -4.041637
5.211870 12.363562 -2.954120
4.950257 11.262858 -2.980335
4.489982 11.395344 -4.002447
4.913262 12.443412 -4.026201
4.517658 10.223217 -2.946092
4.092851 9.175972 -2.911454
3.843799 9.237034 -4.010049
4.267062 10.286251 -4.042991
3.879542 8.066627 -2.956030
3.681804 6.954344 -3.011852
3.323737 7.073338 -4.078418
3.404513 8.197142 -3.973803
3.384229 5.862980 -3.037327
2.994423 4.801323 -3.043288
2.820410 4.868507 -4.156466
3.072721 5.971201 -4.118193
2.576889 3.749958 -3.046607
2.174877 2.692873 -3.063345
1.938712 2.792700 -4.157087
2.463475 3.796228 -4.170487
0.000534 45.496353 -5.094532
0.537715 44.488407 -5.091235
0.501683 44.470459 -6.221705
0.000479 45.496353 -6.226667
1.021618 43.463230 -5.089750
1.464354 42.418903 -5.087687
1.480017 42.424992 -6.217047
0.994137 43.449959 -6.219616
1.882579 41.364437 -5.086242
2.330948 40.322353 -5.084044
2.416724 40.358063 -6.209956
1.956904 41.395847 -6.213165
2.783430 39.281574 -5.081860
3.184524 38.218941 -5.083223
3.195974 38.227886 -6.210354
2.849508 39.308865 -6.208510
3.510494 37.130768 -5.086457
3.755347 36.021614 -5.090899
3.708747 36.015911 -6.218069
3.462508 37.124229 -6.212973
3.925331 34.898914 -5.093302
4.060085 33.771549 -5.095383
4.057209 33.773178 -6.222837
3.864857 34.891617 -6.219260
4.208422 32.646946 -5.097233
4.319590 31.517807 -5.103148
4.421559 31.533852 -6.227213
4.237682 32.653038 -6.224657
4.462196 30.393076 -5.106903
4.629787 29.272255 -5.108456
4.750165 29.290457 -6.230342
4.572182 30.409981 -6.229700
4.702046 28.141039 -5.122862
4.806192 27.012428 -5.132720
5.009651 27.037798 -6.233645
4.892919 28.165163 -6.231317
4.949245 25.886944 -5.130276
5.128209 24.767820 -5.120647
5.271451 24.786144 -6.235488
5.135505 25.911963 -6.233773
5.289859 23.647623 -5.114271
5.394191 22.521250 -5.118216
5.481692 22.528355 -6.243459
5.380335 23.657255 -6.238539
5.435488 21.392616 -5.121867
5.437688 20.261206 -5.128051
5.460934 20.263256 -6.256773
5.511915 21.395214 -6.249104
5.330626 19.134293 -5.129520
5.253136 18.004723 -5.133255
5.344810 18.004408 -6.259937
5.340155 19.136738 -6.260144
5.235147 16.871698 -5.136374
5.183111 15.741583 -5.142183
5.200877 15.744944 -6.271309
5.285756 16.873405 -6.264390
5.135466 14.611052 -5.148255
5.208179 13.481055 -5.171577
5.019052 13.490075 -6.283782
5.109769 14.617043 -6.275794
5.002172 12.372831 -5.150528
4.436444 11.395762 -5.127095
4.508757 11.319808 -6.251940
4.944925 12.361503 -6.279678
3.887203 10.408236 -5.097782
3.438512 9.370344 -5.057301
3.474186 9.311337 -6.185338
3.951342 10.335324 -6.222624
3.024849 8.317440 -5.033261
2.885120 7.201982 -5.113859
2.412762 7.337254 -6.131972
2.834242 8.379689 -6.143989
2.738438 6.083845 -5.194091
2.454598 4.987984 -5.220776
2.027056 5.118038 -6.251926
2.281331 6.217888 -6.219571
2.267673 3.873198 -5.282152
1.954155 2.785191 -5.288566
1.366949 2.955564 -6.216493
1.706572 4.033352 -6.241193
0.000519 45.496315 -7.358793
0.523513 44.479694 -7.352972
0.534629 44.483280 -8.482254
0.000571 45.496281 -8.490879
1.046372 43.472969 -7.349324
1.558918 42.459900 -7.344579
1.605228 42.480629 -8.472606
1.079570 43.487999 -8.477497
2.045656 41.434036 -7.340033
2.476884 40.382866 -7.338829
2.465594 40.379082 -8.467783
2.057249 41.438766 -8.469378
2.867075 39.316174 -7.339282
3.209757 38.233448 -7.340927
3.218729 38.237003 -8.468903
2.846723 39.309834 -8.467354
3.448651 37.124641 -7.343156
3.620524 36.003052 -7.345408
3.626324 36.006680 -8.472983
3.476892 37.132023 -8.470803
3.769755 34.878609 -7.346288
3.941983 33.756847 -7.347663
3.969234 33.763935 -8.475204
3.789703 34.883698 -8.473599
4.138864 32.638706 -7.351137
4.356224 31.524349 -7.356249
4.349086 31.527733 -8.483366
4.189122 32.651390 -8.478891
4.558850 30.408413 -7.359374
4.644560 29.278732 -7.355334
4.568440 29.267759 -8.481688
4.471687 30.399078 -8.483897
4.695943 28.145903 -7.345262
4.781266 27.014576 -7.339830
4.716247 27.005121 -8.465230
4.643691 28.135342 -8.473921
4.906451 25.887276 -7.339387
5.082817 24.767094 -7.349990
4.918933 24.750963 -8.463905
4.790427 25.875572 -8.458875
5.196566 23.639463 -7.354445
5.395869 22.523508 -7.370294
5.244406 22.511171 -8.482184
5.055905 23.627062 -8.467877
5.520988 21.399591 -7.380498
5.465988 20.268179 -7.386683
5.513633 20.269230 -8.513374
5.466781 21.401356 -8.507291
5.401096 19.136898 -7.389949
5.371414 18.003916 -7.390984
5.409163 18.003696 -8.519252
5.467644 19.136328 -8.515675
5.260165 16.877293 -7.394897
5.109542 15.754694 -7.397878
5.147281 15.753433 -8.528002
5.318323 16.873343 -8.523042
5.095428 14.621661 -7.406168
5.037336 13.489672 -7.413205
4.868888 13.507009 -8.526764
4.987583 14.632900 -8.530486
4.837251 12.374837 -7.406038
4.459708 11.308268 -7.382272
4.394151 11.304578 -8.510002
4.735783 12.383568 -8.531044
3.985445 10.279814 -7.351448
3.430826 9.293309 -7.315372
3.323467 9.317517 -8.440309
3.935772 10.268197 -8.479239
2.769212 8.374821 -7.273701
2.181546 7.409807 -7.233816
2.112151 7.408859 -8.361166
2.654383 8.403836 -8.398162
1.758432 6.361086 -7.206880
1.406065 5.287308 -7.178183
1.423653 5.246634 -8.296185
1.756353 6.329952 -8.331293
1.058924 4.211067 -7.140886
0.704403 3.138262 -7.095829
0.897677 3.046942 -8.180613
1.117395 4.156054 -8.252249
0.000707 45.496208 -9.622990
0.563611 44.495869 -9.612726
0.545603 44.483253 -10.741916
0.000771 45.496132 -10.755073
1.112000 43.501205 -9.607795
1.605686 42.477997 -9.603645
1.541355 42.445938 -10.731370
1.076304 43.480240 -10.736711
2.060601 41.437546 -9.600475
2.493173 40.388012 -9.598584
2.473032 40.377106 -10.728067
1.995440 41.406399 -10.728271
2.863801 39.316498 -9.597866
3.178822 38.227329 -9.598387
3.218381 38.236980 -10.724338
2.902395 39.326981 -10.726954
3.441758 37.125069 -9.600003
3.629269 36.006992 -9.600146
3.512035 35.989750 -10.724073
3.420232 37.120029 -10.725266
3.772217 34.882801 -9.598116
3.879604 33.754646 -9.593005
3.789892 33.738625 -10.713913
3.651438 34.864494 -10.720616
3.950156 32.623909 -9.579062
4.033885 31.493591 -9.568962
3.894753 31.473198 -10.688635
3.870519 32.607018 -10.703204
4.149155 30.366226 -9.566651
4.258363 29.238287 -9.566639
4.061728 29.214260 -10.657841
3.977480 30.343018 -10.674792
4.298756 28.105545 -9.547483
4.335455 26.971819 -9.530156
4.087530 26.950241 -10.631112
4.069168 28.082376 -10.642994
4.426429 25.840679 -9.529061
4.575426 24.715206 -9.540937
4.414732 24.708851 -10.659417
4.200065 25.822409 -10.635905
4.791900 23.601248 -9.566343
5.062070 22.500053 -9.598620
4.910450 22.497206 -10.718349
4.660174 23.602064 -10.687876
5.328348 21.398863 -9.630469
5.448302 20.272892 -9.643169
5.348987 20.274878 -10.769948
5.134987 21.386904 -10.743737
5.422468 19.140272 -9.645791
5.334460 18.010384 -9.647131
5.187508 18.022551 -10.767086
5.331493 19.146051 -10.772517
5.294796 16.877693 -9.654111
5.203415 15.747759 -9.658298
5.123701 15.758850 -10.786077
5.196621 16.889198 -10.780697
5.045622 14.624882 -9.660213
4.805107 13.517257 -9.655715
4.719816 13.529924 -10.782739
4.926534 14.643468 -10.781452
4.585377 12.406596 -9.652161
4.282395 11.316466 -9.635937
4.061227 11.362953 -10.744289
4.403068 12.441941 -10.766772
3.878000 10.259506 -9.609085
3.241437 9.324925 -9.568677
3.247329 9.273838 -10.698032
3.794302 10.262503 -10.736768
2.672693 8.349486 -9.526466
2.482471 7.250248 -9.414267
2.825368 7.086802 -10.473286
2.895970 8.204549 -10.625757
2.212560 6.155256 -9.337701
1.822682 5.093130 -9.342312
2.559610 4.889444 -10.161764
2.675414 5.985600 -10.354398
1.679125 3.980692 -9.208840
1.744074 2.895214 -8.892861
2.860329 2.936464 -9.074301
2.732163 3.941750 -9.576979
0.186492 44.938759 10.738765
0.424240 44.427128 10.169393
0.251465 44.970062 9.610598
0.000586 45.496025 10.188894
0.770739 42.744904 10.681122
0.969222 42.224716 10.103868
1.000152 42.830997 9.581868
0.700118 43.326813 10.137338
1.356524 40.552402 10.616769
1.512151 40.024479 10.035190
1.490762 40.618752 9.500311
1.233164 41.122257 10.068690
1.707805 38.317944 10.517060
1.937025 37.804550 9.946869
1.952409 38.402634 9.416600
1.769262 38.923031 9.997664
1.990547 36.072285 10.392138
2.294847 35.569500 9.847090
2.403054 36.183197 9.344828
2.128277 36.689247 9.902003
2.475280 33.862183 10.347284
2.788824 33.355011 9.812273
2.937034 33.978214 9.330307
2.511992 34.456448 9.813585
3.138728 31.698658 10.399173
3.437412 31.179768 9.868777
3.609437 31.812607 9.408404
3.099990 32.262878 9.832394
3.746431 29.518284 10.465293
4.181832 29.041679 9.989931
4.254756 29.637815 9.462549
3.791579 30.103811 9.920194
4.399701 27.351368 10.539322
4.643104 26.822374 9.990986
4.597280 27.395788 9.432846
4.458975 27.941893 10.002210
4.751479 25.112617 10.521687
4.953300 24.575205 9.962722
4.949175 25.155020 9.409204
4.781830 25.696718 9.975066
5.055236 22.864702 10.485710
5.271863 22.326902 9.931285
5.286765 22.909420 9.381338
5.128925 23.453426 9.949671
5.111305 20.614391 10.392341
5.282274 20.067139 9.833735
5.511059 20.649305 9.335739
5.357727 21.195898 9.902084
5.027403 18.356945 10.295768
5.222616 17.805119 9.751710
5.434674 18.383804 9.240910
5.279469 18.934912 9.801636
5.042315 16.093895 10.246723
5.148357 15.542730 9.677537
5.308831 16.122345 9.147649
5.202946 16.673517 9.717699
4.998314 13.829481 10.178663
5.045398 13.281070 9.598119
5.159771 13.863301 9.059368
5.110332 14.411205 9.640121
4.684566 11.588442 10.059995
4.726351 11.043685 9.477056
4.866580 11.625532 8.943805
4.852448 12.167284 9.532185
4.091994 9.425795 9.836224
3.785926 9.056868 9.193602
4.216839 9.543574 8.729529
4.429687 9.969684 9.372112
3.036122 7.458789 9.472066
2.644120 7.131090 8.855673
3.121209 7.590916 8.407685
3.211241 8.096533 9.022748
1.827048 5.569275 9.172050
1.540825 5.181168 8.533288
2.089431 5.599339 8.126043
2.088316 6.158468 8.695637
0.734850 3.611246 8.833471
0.500104 3.201691 8.185895
0.983811 3.669680 7.767604
0.995600 4.203941 8.364762
0.233771 44.965168 8.482119
0.456019 44.444080 7.915143
0.244314 44.970165 7.351123
0.000512 45.496201 7.924747
1.160083 42.892410 8.471385
1.379377 42.367146 7.905335
1.126466 42.877270 7.341625
0.901824 43.399437 7.910419
1.891785 40.741119 8.453378
2.167476 40.232395 7.896534
2.015795 40.782528 7.334171
1.809163 41.313137 7.902317
2.462894 38.541912 8.419300
2.774435 38.039036 7.877742
2.716808 38.616005 7.323959
2.487605 39.140095 7.888964
2.991061 36.333744 8.393044
3.306271 35.828449 7.857125
3.256578 36.405258 7.302368
3.048513 36.935425 7.868097
3.537050 34.130722 8.387197
3.793840 33.609184 7.836121
3.718577 34.179497 7.277683
3.564285 34.721855 7.848366
4.036252 31.915997 8.376823
4.201127 31.375015 7.809714
4.146983 31.948940 7.252484
4.011497 32.494556 7.824142
4.362238 29.669676 8.344118
4.498054 29.123835 7.775031
4.486075 29.704142 7.221036
4.352931 30.249716 7.792222
4.638571 27.417210 8.306176
4.821677 26.878090 7.743116
4.865038 27.466471 7.200736
4.630864 27.996786 7.753888
5.042467 25.184580 8.290608
5.178012 24.638603 7.722598
5.185128 25.220554 7.170737
5.042609 25.764856 7.739635
5.281085 22.929241 8.252924
5.358623 22.377621 7.679814
5.327843 22.956131 7.123834
5.231506 23.505110 7.698338
5.598397 20.681341 8.213481
5.675323 20.129402 7.637357
5.592919 20.704079 7.083692
5.496055 21.250822 7.659720
5.742166 18.415043 8.155219
5.807101 17.863400 7.576487
5.809137 18.447451 7.027249
5.782291 18.998894 7.609200
5.638088 16.146812 8.068069
5.736913 15.592474 7.497506
5.826402 16.178167 6.956023
5.794207 16.727442 7.540074
5.408007 13.891671 7.958786
5.459484 13.340794 7.377831
5.493420 13.940848 6.849864
5.630996 14.461869 7.443837
5.034924 11.661127 7.830909
5.032213 11.117157 7.243245
5.017806 11.729567 6.727623
5.254717 12.226905 7.310604
4.669867 9.433227 7.721116
4.527999 8.918293 7.124691
4.547504 9.520899 6.601316
4.708360 10.032858 7.196514
3.831191 7.339140 7.563870
3.835257 6.767559 7.004955
4.096077 7.307079 6.474481
4.208942 7.834167 7.065536
2.851022 5.312481 7.339567
2.930762 4.700516 6.831662
3.393016 5.157951 6.366253
3.401802 5.725080 6.929242
1.597998 3.543356 6.849164
1.636604 2.953796 6.316472
2.329520 3.221603 6.064655
2.295471 3.823763 6.579723
0.260421 44.978668 6.221916
0.524473 44.476173 5.656257
0.279377 44.987144 5.090727
0.000581 45.496246 5.660582
1.162456 42.896259 6.215089
1.413904 42.385250 5.650430
1.229840 42.924549 5.086620
0.980538 43.436234 5.653730
2.007761 40.784798 6.208123
2.213658 40.254982 5.642271
2.032784 40.795975 5.078327
1.832272 41.327271 5.646953
2.767031 38.639248 6.198549
2.958009 38.104046 5.631996
2.785473 38.648220 5.068663
2.601587 39.185085 5.637559
3.359920 36.442055 6.181475
3.541898 35.903450 5.615530
3.431865 36.466087 5.054551
3.274374 37.010307 5.624922
3.844108 34.218555 6.159174
4.042070 33.682949 5.596043
3.959278 34.251411 5.036275
3.801366 34.795090 5.606303
4.241144 31.980717 6.129111
4.444839 31.445206 5.568729
4.442216 32.027905 5.017708
4.257175 32.566311 5.583828
4.654953 29.746265 6.107913
4.863551 29.210953 5.549264
4.840440 29.789173 4.993789
4.639626 30.325275 5.556121
5.048448 27.510469 6.089797
5.159121 26.960894 5.517838
5.167419 27.541853 4.965927
5.058832 28.091913 5.539465
5.266150 25.251791 6.047645
5.435108 24.708467 5.484843
5.432873 25.287769 4.930547
5.288932 25.833618 5.499472
5.511891 22.997255 6.012383
5.663187 22.451317 5.446175
5.703334 23.034941 4.899073
5.568695 23.581827 5.469167
5.616299 20.735130 5.957818
5.643095 20.186773 5.380199
5.668718 20.770157 4.830251
5.694613 21.318192 5.414493
5.803140 18.480314 5.896608
5.761855 17.930777 5.316798
5.688588 18.511635 4.772662
5.765834 19.062120 5.347085
5.807452 16.216911 5.827670
5.759884 15.664806 5.245414
5.588879 16.252432 4.726208
5.761907 16.799370 5.282283
5.317168 14.020323 5.763780
5.276042 13.455073 5.200168
5.497091 13.995384 4.653457
5.613111 14.537889 5.232182
4.602759 11.870340 5.692137
4.443677 11.347299 5.105702
4.786283 11.849209 4.581131
4.867441 12.398696 5.155295
4.188027 9.643373 5.560841
3.888805 9.150678 5.001729
3.999650 9.731213 4.476749
4.104085 10.263338 5.065291
3.929282 7.400574 5.367990
3.656564 6.908125 4.799919
3.528286 7.534079 4.318377
3.815764 8.025938 4.882874
3.410272 5.200991 5.251040
3.038441 4.749043 4.702439
3.008982 5.374657 4.207609
3.426387 5.811396 4.734463
2.631294 3.075628 5.176446
2.167222 2.682682 4.655831
2.344362 3.214153 4.090895
2.686102 3.675688 4.653870
0.264544 44.981052 3.960525
0.519673 44.474918 3.394783
0.260809 44.979683 2.828846
0.000542 45.496254 3.396386
1.236621 42.931129 3.957675
1.446761 42.403675 3.391710
1.232753 42.929893 2.826268
1.011621 43.452450 3.393517
2.043660 40.805927 3.951709
2.248656 40.276386 3.385617
2.055348 40.812553 2.821130
1.850110 41.341286 3.389078
2.805975 38.662640 3.942055
2.957076 38.116020 3.375248
2.761095 38.652649 2.812525
2.622460 39.202545 3.380656
3.456015 36.482056 3.929183
3.598471 35.933590 3.361352
3.419031 36.477470 2.799798
3.285082 37.027248 3.369126
4.014948 34.275341 3.911794
4.117398 33.718845 3.343424
3.965395 34.271805 2.782688
3.879723 34.831219 3.352201
4.473195 32.046429 3.891785
4.568867 31.490299 3.322155
4.456048 32.052124 2.761598
4.352268 32.606236 3.333205
4.865765 29.806885 3.868542
4.962605 29.252077 3.298499
4.859523 29.815979 2.738286
4.755370 30.369228 3.310404
5.273768 27.572361 3.844152
5.380690 27.019602 3.273959
5.287656 27.585257 2.713891
5.186217 28.138494 3.286234
5.605311 25.326057 3.817004
5.736214 24.776663 3.248204
5.678990 25.348898 2.690070
5.585561 25.902609 3.262812
5.778732 23.064899 3.774157
5.908444 22.511610 3.209192
5.900184 23.088509 2.653814
5.848624 23.645922 3.230147
5.743993 20.800518 3.711237
5.928504 20.243902 3.167259
6.019359 20.820002 2.619548
5.932488 21.377140 3.189965
5.726147 18.534986 3.663447
5.987229 17.981369 3.148044
6.061864 18.552305 2.592368
5.943286 19.112347 3.153014
5.848876 16.278038 3.666862
5.589359 15.791248 3.094288
5.818826 16.325256 2.550775
5.969132 16.853609 3.137789
5.333326 14.082589 3.546489
4.892447 13.649651 3.032325
5.288175 14.131705 2.534760
5.261100 14.716506 3.067417
4.643696 11.938610 3.463857
4.241470 11.510305 2.917905
4.335914 12.094403 2.386802
4.602273 12.563603 2.968261
3.944675 9.832498 3.358986
3.503760 9.386593 2.861519
3.503189 9.995488 2.339641
3.820227 10.472206 2.896175
3.426806 7.633830 3.200427
3.004271 7.187328 2.687900
2.806066 7.845422 2.279241
3.219948 8.293589 2.798587
2.655214 5.529388 3.146813
2.252590 5.081493 2.620360
2.370585 5.636293 2.060314
2.774951 6.083181 2.587259
1.769052 3.451128 3.150071
1.276547 3.041660 2.670470
1.309378 3.638546 2.137890
1.723290 4.081879 2.662435
0.265829 44.983902 1.697768
0.517513 44.476368 1.131984
0.268119 44.985592 0.565896
0.000491 45.496319 1.132146
1.231015 42.931717 1.695768
1.442021 42.405151 1.129923
1.208847 42.922848 0.564296
0.996444 43.448406 1.131020
2.063473 40.820255 1.692602
2.272082 40.292522 1.127195
2.051386 40.816067 0.561517
1.859848 41.350273 1.128512
2.774988 38.663631 1.685786
3.017174 38.146175 1.123570
2.869483 38.697121 0.559895
2.657740 39.224224 1.126426
3.438509 36.491714 1.674409
3.645468 35.960880 1.110520
3.540610 36.524586 0.549605
3.361230 37.062263 1.119014
3.947841 34.278763 1.656126
4.092782 33.733704 1.087340
4.056463 34.310078 0.531152
3.898730 34.853035 1.101123
4.452545 32.063774 1.635034
4.529764 31.504200 1.066506
4.467109 32.074974 0.508179
4.301315 32.617020 1.076821
4.837972 29.823864 1.611968
4.916522 29.264784 1.042361
4.865281 29.837635 0.484398
4.719134 30.383921 1.054278
5.316635 27.603493 1.588007
5.419781 27.049133 1.018131
5.258966 27.601336 0.459214
5.146874 28.152353 1.031067
5.659882 25.359228 1.563601
5.734553 24.798018 0.994788
5.625255 25.363518 0.437452
5.623623 25.930401 1.005771
5.741226 23.091732 1.544182
5.779279 22.525568 0.978814
5.745303 23.096918 0.417881
5.788404 23.661909 0.985947
5.724500 20.823975 1.532165
5.638081 20.260469 0.970030
5.651715 20.829773 0.406340
5.690865 21.393888 0.973852
5.873412 18.559715 1.483628
5.719261 17.990450 0.940771
5.651565 18.565807 0.387075
5.654055 19.124722 0.960822
5.977505 16.291536 1.449267
5.876746 15.724550 0.890704
5.765892 16.296780 0.339009
5.807619 16.858171 0.913002
5.633151 14.049724 1.462525
5.587135 13.473429 0.908270
5.693576 14.023543 0.336837
5.794463 14.590967 0.897527
4.835339 11.929359 1.413927
4.821398 11.341005 0.872730
5.230817 11.800989 0.362152
5.247893 12.390360 0.905755
3.989899 9.828219 1.340894
3.856408 9.296082 0.757263
4.374398 9.701967 0.302101
4.345641 10.315318 0.816658
2.953716 7.823722 1.203057
2.883661 7.257523 0.645368
3.317095 7.706150 0.141991
3.409153 8.256849 0.713802
1.888102 5.841715 1.058681
1.773283 5.291969 0.490889
2.289723 5.692856 0.027585
2.270927 6.309925 0.537045
1.134976 3.708395 1.023483
0.971824 3.175659 0.447327
1.283446 3.680315 -0.081363
1.319240 4.252924 0.468233
0.276751 44.990463 -0.565427
0.551834 44.493977 -1.130664
0.287358 44.994957 -1.697233
0.000534 45.496346 -1.132107
1.225216 42.931877 -0.566109
1.472354 42.420017 -1.130745
1.269892 42.950584 -1.696697
1.033050 43.466648 -1.130282
2.097700 40.836720 -0.566430
2.345973 40.324089 -1.129870
2.152944 40.858509 -1.696056
1.923480 41.378174 -1.129964
2.898297 38.712078 -0.567690
3.072417 38.172798 -1.133387
2.884986 38.709862 -1.698444
2.716618 39.250816 -1.131361
3.473308 36.516701 -0.575341
3.583205 35.963234 -1.142912
3.514529 36.531960 -1.703421
3.333386 37.069149 -1.137190
4.034286 34.316498 -0.595019
4.090097 33.751770 -1.160607
3.930494 34.302387 -1.720160
3.829842 34.856209 -1.149516
4.517151 32.096405 -0.617707
4.586838 31.535355 -1.185496
4.367911 32.074516 -1.736909
4.347593 32.645874 -1.173797
4.951197 29.865467 -0.638590
5.057934 29.311836 -1.208658
4.858063 29.856394 -1.761952
4.828383 30.425114 -1.197195
5.333441 27.624798 -0.664534
5.443052 27.070023 -1.234406
5.298901 27.627813 -1.791444
5.267043 28.194044 -1.221691
5.659707 25.375235 -0.684654
5.733581 24.811779 -1.251267
5.604751 25.372889 -1.810298
5.610227 25.944105 -1.244894
5.768340 23.105232 -0.697161
5.877066 22.537136 -1.253592
5.769672 23.102381 -1.813170
5.829470 23.676208 -1.254223
5.711263 20.833673 -0.712470
5.857189 20.259809 -1.253561
5.880346 20.827543 -1.819040
5.885550 21.397804 -1.252990
5.623806 18.564594 -0.716439
5.769283 17.986406 -1.253053
5.861275 18.549950 -1.815351
5.826689 19.122425 -1.252158
5.433661 16.308203 -0.718772
5.418871 15.744875 -1.283977
5.689480 16.282818 -1.816416
5.644519 16.857403 -1.261040
5.353449 14.043685 -0.736364
5.170847 13.488300 -1.282556
5.329457 14.043684 -1.839302
5.269985 14.619233 -1.286628
5.275922 11.776666 -0.759591
5.119194 11.221453 -1.311453
5.017992 11.798738 -1.856870
5.110066 12.355408 -1.286891
4.753772 9.570188 -0.748643
4.628081 9.014971 -1.314465
4.644722 9.601114 -1.856997
4.950087 10.103136 -1.311529
3.886448 7.472769 -0.797952
3.850203 6.884069 -1.340361
4.070195 7.413424 -1.898080
4.262372 7.940740 -1.324915
2.861735 5.457962 -0.918908
2.912192 4.824732 -1.404499
3.317380 5.275522 -1.923342
3.400938 5.844910 -1.363884
1.698833 3.557947 -1.118711
1.649860 2.980270 -1.671696
2.348646 3.232382 -1.971648
2.328587 3.868881 -1.500725
0.276450 44.989914 -2.828542
0.552093 44.494225 -3.393787
0.288170 44.995872 -3.960370
0.000527 45.496338 -3.396354
1.286193 42.959438 -2.827213
1.486735 42.427547 -3.391834
1.249978 42.943733 -3.958004
1.054336 43.476997 -3.392802
2.125988 40.849937 -2.826313
2.289238 40.304169 -3.389851
2.058577 40.822914 -3.955597
1.888932 41.366276 -3.390601
2.935045 38.728596 -2.825365
3.127312 38.193226 -3.389378
2.916937 38.720772 -3.955771
2.698308 39.244946 -3.389373
3.606535 36.560085 -2.828605
3.761667 36.015125 -3.395079
3.647306 36.574142 -3.958743
3.495056 37.119102 -3.390731
4.036838 34.331017 -2.842892
4.081194 33.767979 -3.410715
3.924961 34.322857 -3.966949
3.937912 34.893440 -3.403416
4.408342 32.092964 -2.864362
4.401396 31.522320 -3.426463
4.192716 32.068848 -3.974463
4.232537 32.644024 -3.417532
4.712279 29.844955 -2.875274
4.696675 29.272322 -3.434059
4.487978 29.818829 -3.982388
4.561577 30.398840 -3.433428
5.080805 27.605505 -2.897233
5.087060 27.038212 -3.461429
4.862422 27.581938 -4.005878
4.885961 28.154032 -3.446662
5.370719 25.355881 -2.913809
5.251007 24.778124 -3.455026
5.067145 25.332037 -4.003173
5.184195 25.909067 -3.460610
5.487086 23.088728 -2.904503
5.303082 22.510944 -3.429286
5.217320 23.070450 -3.993968
5.273340 23.644842 -3.438446
5.484617 20.820202 -2.871790
5.486736 20.254545 -3.436656
5.502193 20.821871 -3.998197
5.385988 21.381945 -3.432594
5.555484 18.555979 -2.895466
5.395858 17.993944 -3.442449
5.407181 18.559767 -4.007128
5.430469 19.125071 -3.441152
5.505642 16.292252 -2.904581
5.372690 15.730570 -3.458839
5.282664 16.300858 -4.012003
5.378910 16.862617 -3.450177
5.448463 14.027699 -2.925509
5.424970 13.471065 -3.492114
5.415998 14.041957 -4.054390
5.451355 14.601359 -3.481801
5.080757 11.813454 -2.967490
4.697182 11.334032 -3.479895
4.683558 11.926670 -4.010610
4.978305 12.431183 -3.464334
4.281336 9.709470 -2.921407
3.938106 9.218971 -3.452768
4.076051 9.752724 -4.033566
4.428243 10.238573 -3.503225
3.794547 7.508334 -2.988091
3.513098 7.011652 -3.548659
3.346545 7.635828 -4.019493
3.622370 8.134580 -3.455230
3.177010 5.336779 -3.035694
2.944191 4.822466 -3.606235
2.936025 5.422197 -4.135333
3.258469 5.909683 -3.587020
2.359205 3.227818 -3.048393
1.997280 2.769785 -3.594758
2.186336 3.301741 -4.161419
2.521368 3.772991 -3.608338
0.281216 44.993431 -5.091877
0.516296 44.477421 -5.656287
0.253152 44.979065 -6.223325
0.000473 45.496353 -5.660594
1.251223 42.944344 -5.088507
1.456175 42.414173 -5.652380
1.236946 42.936218 -6.219534
0.998555 43.451660 -5.654230
2.102286 40.841141 -5.085052
2.370092 40.337505 -5.647065
2.188447 40.876060 -6.212569
1.904527 41.372253 -5.650719
2.993726 38.753578 -5.080976
3.206047 38.226860 -5.645852
3.038907 38.771725 -6.210550
2.824234 39.296898 -5.644207
3.644104 36.578178 -5.087554
3.745869 36.020023 -5.654474
3.594782 36.570389 -6.216810
3.503231 37.129829 -5.649850
3.991435 34.334637 -5.093349
4.086934 33.775471 -5.658667
3.959755 34.330780 -6.222227
3.920147 34.897980 -5.657012
4.270118 32.082733 -5.098628
4.375165 31.525391 -5.664237
4.332636 32.092892 -6.227323
4.249284 32.652676 -5.659818
4.557069 29.834126 -5.105820
4.684284 29.279957 -5.669339
4.660777 29.849434 -6.230556
4.491973 30.397470 -5.670343
4.749916 27.576462 -5.127979
4.981541 27.033123 -5.668925
4.951841 27.600908 -6.233030
4.851190 28.159039 -5.667381
5.033236 25.326229 -5.125525
5.253558 24.782612 -5.670746
5.207751 25.348616 -6.235536
5.117492 25.907967 -5.668881
5.323065 23.082649 -5.117508
5.433189 22.524342 -5.680572
5.438968 23.092819 -6.242230
5.363935 23.654598 -5.673668
5.431901 20.827026 -5.123771
5.436632 20.262369 -5.692029
5.494361 20.828335 -6.253016
5.467929 21.393839 -5.685461
5.284997 18.570210 -5.130598
5.303660 18.004215 -5.695979
5.341042 18.570473 -6.260804
5.322281 19.136400 -5.694724
5.234178 16.305374 -5.138453
5.214887 15.740322 -5.705947
5.238664 16.309317 -6.268733
5.282125 16.871437 -5.699061
5.167425 14.045763 -5.155960
5.119201 13.484635 -5.727725
5.073087 14.052589 -6.281608
5.087304 14.615796 -5.710977
4.757655 11.861956 -5.136895
4.487316 11.348285 -5.687648
4.751798 11.829986 -6.267489
4.984938 12.362562 -5.715516
3.665178 9.888434 -5.076855
3.441399 9.350879 -5.622114
3.725529 9.817001 -6.204304
3.902494 10.380865 -5.661422
2.906732 7.764427 -5.053864
2.625863 7.268642 -5.612389
2.574439 7.877826 -6.128166
2.895195 8.362063 -5.581934
2.587928 5.538021 -5.204795
2.300205 5.041206 -5.762352
2.156384 5.667061 -6.236994
2.534832 6.147602 -5.718528
2.115524 3.327765 -5.288317
1.746674 2.846678 -5.811265
1.526080 3.498011 -6.219225
2.045417 3.938992 -5.797935
0.261717 44.982254 -7.354212
0.525504 44.478855 -7.917431
0.266427 44.981796 -8.485550
0.000524 45.496296 -7.924835
1.302930 42.966316 -7.346486
1.582368 42.468788 -7.908164
1.349421 42.985592 -8.476289
1.049894 43.472008 -7.913527
2.267762 40.910603 -7.338502
2.466507 40.377934 -7.902770
2.264806 40.908333 -8.469589
2.055046 41.436417 -7.904284
3.045844 38.776703 -7.338660
3.217871 38.234978 -7.904115
3.035075 38.772449 -8.469347
2.845791 39.307739 -7.902509
3.540658 36.564613 -7.342975
3.595499 36.000084 -7.908685
3.558229 36.568642 -8.473134
3.470516 37.128662 -7.905992
3.853165 34.317154 -7.346061
3.931134 33.755150 -7.911458
3.870435 34.321301 -8.475800
3.746172 34.875156 -7.910027
4.245927 32.080891 -7.352708
4.385865 31.530060 -7.919385
4.276062 32.089066 -8.482376
4.163994 32.643856 -7.914406
4.620258 29.844795 -7.357945
4.617023 29.272707 -7.918625
4.526011 29.832218 -8.484629
4.545821 30.405544 -7.923560
4.732001 27.579628 -7.341077
4.787579 27.013823 -7.904469
4.683199 27.570124 -8.471045
4.657931 28.139416 -7.908710
4.997684 25.327526 -7.343402
5.037703 24.764153 -7.911834
4.851470 25.312895 -8.462564
4.889360 25.886410 -7.902880
5.286075 23.079653 -7.360681
5.381769 22.526657 -7.934203
5.123677 23.064077 -8.469635
5.186532 23.642052 -7.918351
5.498145 20.833664 -7.383202
5.529841 20.266787 -7.947952
5.509930 20.835291 -8.512058
5.529498 21.401581 -7.945238
5.380904 18.570396 -7.390139
5.408774 18.001825 -7.954154
5.437708 18.569046 -8.518419
5.475102 19.133873 -7.950205
5.172235 16.317665 -7.395941
5.123338 15.755016 -7.962857
5.241651 16.311584 -8.525505
5.276963 16.876720 -7.959217
5.086077 14.054569 -7.410135
4.992355 13.493047 -7.975493
4.928289 14.069945 -8.528838
5.043296 14.625931 -7.968032
4.670922 11.833403 -7.395388
4.442693 11.299137 -7.946662
4.593718 11.834113 -8.524199
4.805258 12.373669 -7.969986
3.731107 9.773622 -7.333138
3.368900 9.310729 -7.876628
3.657879 9.773732 -8.461894
3.977310 10.264827 -7.915465
2.447906 7.908881 -7.251489
2.139330 7.411394 -7.796744
2.350118 7.922332 -8.379028
2.701255 8.395501 -7.834391
1.582092 5.824366 -7.193063
1.333966 5.292444 -7.739267
1.591834 5.786879 -8.313484
1.701617 6.364964 -7.769380
0.884440 3.674191 -7.119160
0.685742 3.121965 -7.661168
0.989589 3.603914 -8.223255
0.993713 4.211836 -7.702832
0.283179 44.988800 -9.614758
0.567376 44.495106 -10.176804
0.277871 44.981979 -10.746086
0.000714 45.496170 -10.189013
1.366859 42.993046 -9.604868
1.584866 42.465740 -10.167629
1.325980 42.969418 -10.735212
1.109027 43.496559 -10.172155
2.279707 40.913532 -9.598714
2.499726 40.388340 -10.163046
2.239822 40.892902 -10.729030
2.039740 41.426025 -10.164569
3.025158 38.772850 -9.596823
3.156067 38.223007 -10.162211
3.077388 38.785217 -10.726386
2.893185 39.324654 -10.161312
3.542601 36.567165 -9.599524
3.551750 35.994633 -10.159615
3.469819 36.554249 -10.726128
3.379832 37.113495 -10.160963
3.827457 34.318760 -9.595033
3.777322 33.741436 -10.148243
3.722500 34.300663 -10.717994
3.680434 34.870396 -10.155515
3.988791 32.058537 -9.572476
3.928727 31.481285 -10.123853
3.876835 32.038948 -10.696315
3.866384 32.612061 -10.137424
4.211165 29.802986 -9.567737
4.051639 29.220705 -10.092098
4.021844 29.778746 -10.667131
3.992267 30.351114 -10.109179
4.313340 27.538643 -9.536896
4.178466 26.957386 -10.072661
4.070163 27.516016 -10.636541
4.105715 28.089355 -10.078334
4.493334 25.276772 -9.532414
4.488567 24.709845 -10.098517
4.299352 25.262896 -10.646879
4.306972 25.829702 -10.080423
4.920476 23.048782 -9.580481
5.004273 22.502016 -10.160388
4.776538 23.046974 -10.702112
4.751155 23.606798 -10.129462
5.408911 20.837954 -9.638524
5.413877 20.274246 -10.207694
5.244851 20.831137 -10.757389
5.258321 21.397165 -10.191490
5.379044 18.575216 -9.645901
5.280620 18.014881 -10.209088
5.242443 18.585947 -10.767833
5.396977 19.141808 -10.210435
5.260105 16.311806 -9.656220
5.184698 15.750267 -10.223475
5.178587 16.322275 -10.785099
5.244087 16.882601 -10.216854
4.939896 14.067720 -9.658549
4.766042 13.522784 -10.218901
4.835705 14.084000 -10.784189
5.027152 14.626297 -10.224863
4.457793 11.854750 -9.647307
4.170910 11.340146 -10.189570
4.212402 11.908436 -10.750226
4.517399 12.417581 -10.213087
3.580707 9.777873 -9.588778
3.225691 9.310566 -10.133685
3.550335 9.751532 -10.719028
3.847075 10.256236 -10.173360
2.502476 7.810838 -9.490371
2.602799 7.170559 -9.959956
2.836826 7.645738 -10.558306
2.760672 8.282668 -10.081493
2.001214 5.630253 -9.349803
2.128956 4.993311 -9.807997
2.555645 5.434322 -10.312575
2.469348 6.063126 -9.833015
1.699237 3.431364 -9.069876
2.300778 2.904812 -8.994709
2.801633 3.447296 -9.310723
2.176018 3.921946 -9.473345
0.000792 45.495411 11.320987
0.336720 44.379292 11.292411
0.487811 43.844673 10.713102
0.685227 43.922951 9.602902
0.481106 44.453918 9.044014
0.000604 45.496136 9.056822
0.000044 46.062199 9.622978
0.000055 46.061874 10.755140
0.636049 43.281639 11.262383
0.919958 42.181290 11.230498
1.059811 41.647160 10.649311
1.261064 41.728157 9.546472
1.292175 42.334415 9.027671
0.931586 43.411751 9.038342
1.207586 41.082714 11.198446
1.430387 39.969353 11.161494
1.582099 39.442451 10.577630
1.723441 39.510963 9.457377
1.824086 40.128857 8.962460
1.580171 41.236282 9.001801
1.569814 38.842491 11.107712
1.662580 37.712265 11.038339
1.835821 37.193680 10.451637
2.181591 37.294247 9.380651
2.316850 37.916222 8.896931
2.092737 39.027073 8.938068
1.756675 36.584061 10.963092
1.915438 35.464260 10.906546
2.187583 34.956741 10.349663
2.653738 35.078167 9.327275
2.829226 35.707207 8.865215
2.550883 36.806908 8.865451
2.225027 34.377850 10.899833
2.707911 33.353725 10.919542
2.815477 32.782974 10.370613
3.265414 32.893337 9.364066
3.419309 33.517742 8.888528
3.111084 34.608723 8.868143
3.099644 32.291172 10.935104
3.415332 31.203360 10.964372
3.441157 30.608238 10.430072
3.960890 30.735912 9.456013
4.020565 31.330256 8.923087
3.736316 32.428802 8.913484
3.637487 30.092403 11.009880
3.851611 28.978785 11.046905
4.086452 28.438505 10.506702
4.439865 28.518917 9.445760
4.327053 29.083931 8.890766
4.202262 30.211462 8.909847
4.104166 27.872118 11.072673
4.372478 26.769110 11.088084
4.610703 26.238335 10.538346
4.762402 26.274824 9.419275
4.671805 26.841188 8.862038
4.489097 27.960758 8.874706
4.569944 25.652477 11.084664
4.690554 24.524048 11.060546
4.912992 23.989836 10.505591
5.140611 24.037069 9.399559
5.049488 24.604033 8.842786
4.843674 25.720083 8.849801
4.813691 23.397013 11.033576
4.925022 22.270777 11.005578
5.177379 21.738075 10.463847
5.425970 21.783802 9.362284
5.371105 22.358719 8.808917
5.209261 23.481462 8.827279
5.047747 21.145761 10.988159
4.859592 20.037657 10.881114
5.032503 19.488014 10.325250
5.496509 19.515421 9.294166
5.623896 20.101456 8.764592
5.527980 21.234194 8.788471
4.818248 18.908421 10.834653
4.837808 17.776796 10.814781
5.045033 17.225578 10.273509
5.352705 17.254908 9.186161
5.586495 17.831919 8.682363
5.635687 18.965443 8.728771
4.911756 16.646336 10.810359
4.939729 15.513422 10.788211
5.020152 14.962115 10.213195
5.240853 14.992488 9.104224
5.442979 15.568905 8.587561
5.513185 16.700275 8.632956
4.910408 14.381071 10.753103
4.833282 13.251327 10.708650
4.876763 12.703886 10.126213
5.051335 12.739761 9.008768
5.260310 13.311362 8.489059
5.355885 14.439313 8.539324
4.621421 12.140221 10.635517
4.385982 11.033098 10.554146
4.474782 10.477513 9.982919
4.800870 10.497388 8.899832
4.953204 11.072921 8.369602
5.076455 12.196368 8.425159
4.102387 9.939060 10.447394
3.751992 8.869052 10.298247
3.577164 8.436000 9.650113
3.669314 8.567726 8.569063
4.287302 8.936663 8.215896
4.747178 9.967784 8.310011
3.358515 7.820520 10.109715
2.898530 6.803839 9.906308
2.426564 6.517307 9.323645
2.597196 6.600763 8.261533
3.199093 6.978098 7.898226
3.763288 7.942286 8.081456
2.340546 5.834124 9.727917
1.726155 4.893818 9.588382
1.255954 4.603258 9.008629
1.570630 4.610783 7.979576
2.211457 4.956841 7.662179
2.730695 5.952055 7.808094
1.153084 3.933266 9.432965
0.674780 2.934704 9.258504
0.299965 2.581507 8.648943
0.448665 2.702221 7.556003
0.987108 3.148682 7.178813
1.689196 3.966019 7.522900
0.695110 43.928925 8.476705
0.683664 43.925354 7.346726
0.482465 44.456692 6.785600
0.000568 45.496220 6.792666
0.000042 46.062294 7.358741
0.000036 46.062248 8.490865
1.560849 41.828602 8.466286
1.581125 41.837048 7.338124
1.356510 42.360439 6.777486
0.919992 43.409420 6.781462
2.184927 39.643383 8.436217
2.389891 39.709621 7.330238
2.208334 40.250607 6.770293
1.791880 41.309635 6.774237
2.721922 37.436420 8.400924
3.004124 37.516769 7.314668
2.904852 38.083443 6.758908
2.581156 39.175018 6.765753
3.260818 35.231312 8.387414
3.495133 35.295185 7.290224
3.412574 35.865242 6.735193
3.178604 36.978760 6.748594
3.800660 33.026726 8.384732
3.928152 33.064388 7.264379
3.868607 33.637714 6.710236
3.641670 34.751251 6.722527
4.224187 30.796728 8.362774
4.312413 30.827040 7.236085
4.272842 31.402813 6.683020
4.080191 32.521770 6.697207
4.491403 28.542158 8.324160
4.660759 28.583706 7.207326
4.683799 29.169281 6.663011
4.469575 30.284498 6.670683
4.820553 26.297438 8.294153
5.067544 26.350786 7.192240
5.064082 26.931412 6.642607
4.892921 28.053373 6.656250
5.167710 24.057680 8.272848
5.241206 24.087933 7.145490
5.247582 24.669708 6.596914
5.174298 25.802065 6.620901
5.439825 21.805773 8.234164
5.491635 21.834427 7.107971
5.456252 22.412113 6.555373
5.340373 23.539331 6.574690
5.715186 19.551046 8.188106
5.727124 19.578777 7.058000
5.657872 20.155775 6.508765
5.540934 21.282751 6.532720
5.712938 17.279598 8.116263
5.823967 17.314411 6.993491
5.813056 17.898050 6.446249
5.777706 19.029522 6.478186
5.542835 15.016346 8.017623
5.733198 15.049573 6.909667
5.795917 15.633936 6.373834
5.813256 16.765215 6.411325
5.245804 12.771839 7.897730
5.238433 12.838138 6.794326
5.139495 13.465880 6.310402
5.446284 14.556715 6.345942
4.924202 10.534966 7.780168
4.797500 10.620880 6.660701
4.668361 11.250850 6.190944
4.868192 12.364960 6.265251
4.286090 8.370841 7.653085
4.376731 8.404275 6.529541
4.388855 9.009801 6.006703
4.552734 10.128904 6.080951
3.333288 6.330351 7.446239
3.769405 6.224003 6.421997
3.945953 6.789202 5.884575
4.194100 7.894807 5.939604
2.339470 4.311426 7.208102
2.984516 4.106342 6.301166
3.322400 4.611319 5.785542
3.648121 5.696039 5.832889
0.915346 2.699583 6.524774
1.851478 2.200363 6.134281
2.464548 2.518610 5.725433
2.968622 3.535463 5.737631
0.726742 43.944988 6.219121
0.780619 43.970383 5.089477
0.534336 44.481636 4.525687
0.000618 45.496235 4.528488
0.000018 46.062332 5.094540
0.000027 46.062313 6.226657
1.595467 41.845238 6.211906
1.645776 41.868340 5.082876
1.446782 42.402172 4.521754
1.016101 43.453743 4.524243
2.403101 39.717812 6.203775
2.401313 39.721680 5.073610
2.230416 40.266651 4.514173
1.847060 41.337791 4.518331
3.087517 37.547340 6.191343
3.133318 37.567173 5.062484
2.972347 38.115707 4.503612
2.609238 39.193897 4.509293
3.602259 35.330242 6.169924
3.705005 35.363277 5.045763
3.591261 35.925453 4.489142
3.296310 37.024940 4.497085
4.055392 33.101833 6.145108
4.213702 33.144451 5.027547
4.125964 33.712345 4.471303
3.869976 34.821560 4.480488
4.441354 30.862442 6.116868
4.639990 30.909878 5.005136
4.580505 31.482605 4.450591
4.365085 32.599636 4.461604
4.879742 28.632786 6.102205
5.036076 28.671297 4.983395
4.972068 29.242636 4.427291
4.781111 30.363199 4.438585
5.147541 26.380228 6.067856
5.278797 26.413115 4.945253
5.302686 26.996077 4.399074
5.156306 28.122007 4.414773
5.388408 24.124147 6.029428
5.582006 24.164042 4.916728
5.584415 24.744144 4.366405
5.458146 25.871536 4.384209
5.575568 21.866558 5.984345
5.726484 21.902094 4.866801
5.734792 22.484535 4.321456
5.690332 23.615295 4.347164
5.699077 19.606522 5.929252
5.693406 19.641977 4.798450
5.626055 20.222967 4.250986
5.674138 21.353798 4.285984
5.782393 17.348579 5.864824
5.612171 17.383480 4.753395
5.579566 17.961727 4.202213
5.618176 19.092306 4.226892
5.633213 15.106694 5.795852
5.565580 15.123407 4.691124
5.568069 15.702110 4.143692
5.581909 16.832722 4.176136
4.945868 12.951335 5.728255
5.158156 12.917383 4.619027
5.301498 13.484479 4.073159
5.603908 14.573024 4.108106
4.341634 10.766180 5.644011
4.402472 10.786846 4.537329
4.502105 11.371074 4.008953
4.935189 12.415133 4.036659
4.093898 8.518595 5.448581
3.684164 8.652629 4.407149
3.778684 9.248448 3.883651
4.063306 10.340292 3.967872
3.730695 6.287066 5.298466
3.466498 6.410196 4.205027
3.350445 7.033844 3.719983
3.539600 8.146136 3.805027
3.035071 4.131861 5.210781
2.704365 4.287294 4.140529
2.614617 4.932013 3.676087
3.091890 5.953054 3.664349
1.909606 2.203297 5.238686
1.867329 2.186960 4.108662
1.888987 2.791990 3.585678
2.282728 3.852844 3.615968
0.776894 43.969177 3.959444
0.766443 43.965549 2.827866
0.520276 44.476822 2.263448
0.000541 45.496284 2.264268
0.000021 46.062355 2.830335
0.000024 46.062325 3.962455
1.645005 41.870930 3.955033
1.653921 41.877041 2.823992
1.449215 42.407127 2.260931
1.007137 43.452316 2.262353
2.435751 39.738392 3.947428
2.426769 39.740295 2.817000
2.234159 40.276920 2.256306
1.862810 41.349995 2.259026
3.145694 37.577049 3.935879
3.085824 37.565514 2.807059
2.914610 38.109753 2.247199
2.578001 39.194454 2.252187
3.746910 35.381729 3.920753
3.715487 35.382175 2.791194
3.549324 35.929829 2.233968
3.249825 37.024914 2.241280
4.254298 33.162914 3.902195
4.211298 33.163815 2.772688
4.073619 33.720154 2.215755
3.810582 34.825081 2.225221
4.669802 30.926687 3.880343
4.666356 30.937029 2.750280
4.569978 31.502411 2.193871
4.342009 32.615868 2.204797
5.075487 28.690519 3.856822
5.069142 28.701019 2.726297
4.973019 29.266319 2.169819
4.764651 30.382685 2.181935
5.451910 26.450888 3.831836
5.498039 26.470745 2.702672
5.418286 27.039068 2.146227
5.209310 28.155594 2.158049
5.702815 24.195671 3.796042
5.802992 24.221579 2.673884
5.694224 24.787848 2.122244
5.584755 25.916229 2.133936
5.764447 21.932808 3.741837
5.975167 21.956264 2.636593
5.788683 22.521873 2.102197
5.735967 23.654787 2.113101
5.713587 19.668320 3.679991
6.047644 19.686443 2.604589
5.945383 20.258598 2.054652
5.868796 21.390467 2.079919
5.836560 17.408609 3.686190
6.046206 17.421207 2.581274
6.035790 17.991070 2.022626
6.002769 19.125166 2.036053
5.691005 15.158057 3.572475
5.505044 15.240420 2.516081
5.882415 15.735641 2.015132
6.049163 16.857311 2.011044
4.948451 13.026600 3.521058
4.760863 13.140900 2.437418
5.206975 13.589973 1.956132
5.625106 14.632573 2.011106
4.099820 10.947154 3.462845
3.906714 11.051823 2.355834
4.286512 11.524364 1.832111
4.710516 12.575516 1.870206
3.685816 8.732901 3.280331
3.124053 8.930637 2.325407
3.530920 9.392072 1.823639
3.889054 10.465026 1.815711
3.162822 6.535767 3.122240
2.586292 6.739166 2.174009
2.526264 7.374554 1.697479
2.979973 8.409616 1.742182
2.172865 4.507839 3.169006
1.854561 4.629128 2.094065
1.900859 5.221218 1.562081
2.218322 6.290785 1.625610
1.331404 2.407415 3.157368
0.907520 2.579969 2.131016
1.053526 3.133717 1.574178
1.397382 4.210026 1.586879
0.768232 43.967598 1.696926
0.750743 43.960800 0.565236
0.522051 44.479725 0.000442
0.000509 45.496330 0.000015
0.000012 46.062408 0.566088
0.000028 46.062378 1.698222
1.660368 41.881340 1.694252
1.638221 41.873997 0.562960
1.420874 42.398281 -0.001021
0.980046 43.442944 -0.000325
2.423555 39.743599 1.689311
2.472798 39.763329 0.560426
2.258678 40.289467 -0.003202
1.841843 41.344913 -0.002275
3.123086 37.582695 1.681005
3.232116 37.621628 0.556889
3.070982 38.168716 -0.003948
2.669508 39.231339 -0.003218
3.704087 35.387722 1.665338
3.817807 35.423378 0.541508
3.674955 35.978050 -0.017413
3.388865 37.078007 -0.009571
4.201942 33.172043 1.645698
4.260036 33.193634 0.519627
4.193902 33.764702 -0.036693
3.953049 34.875866 -0.026661
4.658401 30.946035 1.624069
4.687108 30.961622 0.497640
4.590536 31.526669 -0.059424
4.396187 32.646263 -0.047601
5.061356 28.710375 1.599957
5.042191 28.716948 0.470944
5.013158 29.293829 -0.081451
4.822083 30.414001 -0.069145
5.525296 26.486797 1.575916
5.472027 26.487753 0.449240
5.393986 27.055004 -0.107448
5.189086 28.171692 -0.096031
5.721393 24.225857 1.552861
5.706359 24.232702 0.427643
5.629802 24.800684 -0.128702
5.543545 25.930597 -0.119012
5.713655 21.958452 1.539377
5.729470 21.962940 0.410076
5.671365 22.534714 -0.144039
5.669523 23.668140 -0.136867
5.791233 19.691408 1.510506
5.597013 19.697918 0.401779
5.591280 20.268044 -0.158430
5.639812 21.401379 -0.152600
5.955089 17.427406 1.459194
5.722487 17.434889 0.363332
5.506933 18.002218 -0.157557
5.537771 19.135456 -0.162644
5.856334 15.162010 1.457018
5.766635 15.160893 0.332611
5.518319 15.733498 -0.169276
5.494406 16.868114 -0.153182
5.252194 12.982264 1.443448
5.522498 12.901368 0.352781
5.534694 13.465744 -0.213300
5.570481 14.600356 -0.203739
4.423628 10.873921 1.385497
4.839181 10.735981 0.347713
5.170651 11.226188 -0.189263
5.414918 12.335891 -0.204108
3.501153 8.809996 1.282226
3.833429 8.711229 0.211216
4.385394 9.096244 -0.220344
4.817677 10.145745 -0.193289
2.352596 6.871872 1.103798
2.798253 6.702717 0.077644
3.395750 7.057903 -0.319543
3.895110 8.074302 -0.269951
1.480025 4.786194 1.039715
1.811538 4.669525 -0.009219
2.331732 5.065643 -0.465237
2.864310 6.060005 -0.391693
0.879142 2.606192 1.000342
0.883249 2.628124 -0.131919
1.196061 3.140591 -0.656178
1.860893 4.043503 -0.501624
0.775470 43.972935 -0.565649
0.810918 43.989983 -1.696734
0.552947 44.494759 -2.262212
0.000566 45.496330 -2.264227
0.000006 46.062420 -1.698178
0.000020 46.062416 -0.566049
1.660013 41.883953 -0.566862
1.717169 41.908379 -1.696636
1.505212 42.435226 -2.261171
1.049980 43.475132 -2.261472
2.513820 39.780819 -0.566326
2.526566 39.787720 -1.696871
2.336048 40.322567 -2.260536
1.939577 41.386166 -2.260872
3.211164 37.621208 -0.570162
3.228065 37.629513 -1.700745
3.105915 38.186615 -2.260537
2.719972 39.254402 -2.260956
3.757440 35.417854 -0.583642
3.736279 35.420792 -1.711268
3.684864 35.992741 -2.267973
3.433086 37.099258 -2.262487
4.288002 33.209393 -0.606634
4.143191 33.188820 -1.728056
4.064822 33.755287 -2.287047
3.868338 34.873074 -2.278152
4.736578 30.981556 -0.627912
4.601218 30.964334 -1.747604
4.493419 31.527122 -2.304972
4.268577 32.639149 -2.295926
5.148543 28.746218 -0.651019
5.099278 28.748316 -1.777380
4.929170 29.300295 -2.330133
4.732937 30.418180 -2.317052
5.518171 26.503250 -0.675883
5.474758 26.506060 -1.803557
5.297937 27.059582 -2.352725
5.106927 28.179031 -2.339315
5.739577 24.241449 -0.691111
5.695690 24.240469 -1.812090
5.533623 24.798998 -2.361752
5.442657 25.932169 -2.360971
5.747457 21.969240 -0.706202
5.839330 21.968266 -1.817291
5.660846 22.529636 -2.358466
5.602436 23.664383 -2.359896
5.665786 19.698910 -0.716658
5.887070 19.690952 -1.817540
5.745246 20.258615 -2.363686
5.707230 21.394186 -2.360008
5.553116 17.434393 -0.716618
5.807905 17.415113 -1.814608
5.757950 17.985838 -2.372834
5.769171 19.122293 -2.369743
5.374368 15.176954 -0.723799
5.488472 15.166443 -1.831229
5.681740 15.715837 -2.378213
5.736312 16.850380 -2.378201
5.332510 12.910235 -0.753728
5.167964 12.922422 -1.847665
5.460726 13.457761 -2.366305
5.587759 14.584531 -2.369730
5.079755 10.658486 -0.748080
5.017894 10.669294 -1.875505
5.042829 11.233146 -2.422679
5.258147 12.343922 -2.390288
4.354262 8.506536 -0.762420
4.380616 8.501987 -1.879959
4.287978 9.117753 -2.383279
4.652896 10.187601 -2.397572
3.391020 6.454739 -0.845993
3.705880 6.340734 -1.911485
3.815591 6.907133 -2.463853
4.094528 8.003875 -2.436149
2.400668 4.426899 -0.938568
2.888936 4.226627 -1.937941
3.126398 4.748634 -2.495348
3.485921 5.823492 -2.481871
1.075415 2.620993 -1.247468
1.743791 2.277910 -2.040763
2.277004 2.647194 -2.508443
2.733520 3.684822 -2.506554
0.804281 43.986637 -2.828025
0.811563 43.991035 -3.959836
0.552194 44.495216 -4.525394
0.000562 45.496342 -4.528472
0.000022 46.062424 -3.962423
0.000020 46.062401 -2.830297
1.717897 41.909454 -2.827037
1.655208 41.884876 -3.956615
1.453814 42.414753 -4.521733
1.030210 43.467064 -4.523761
2.530172 39.789532 -2.826282
2.482100 39.771027 -3.955961
2.293111 40.306488 -4.519466
1.859779 41.355232 -4.520709
3.304955 37.654690 -2.825768
3.334005 37.666008 -3.956069
3.155787 38.206596 -4.518020
2.737923 39.262371 -4.517951
3.836703 35.448631 -2.834846
3.815578 35.453865 -3.963550
3.752238 36.019413 -4.524844
3.508456 37.127445 -4.520402
4.224823 33.212250 -2.853548
4.050198 33.195648 -3.970323
4.002584 33.763229 -4.532305
3.888840 34.892612 -4.528447
4.579512 30.971710 -2.874043
4.347269 30.945715 -3.979236
4.255810 31.508213 -4.540768
4.132987 32.635929 -4.536323
4.886206 28.723513 -2.883564
4.651639 28.696585 -3.988896
4.552466 29.259537 -4.547838
4.397356 30.382521 -4.544660
5.257444 26.485098 -2.909668
5.037906 26.464596 -4.018937
4.871316 27.017601 -4.570436
4.686414 28.134403 -4.557048
5.444147 24.223230 -2.911656
5.119613 24.200733 -3.994310
5.047194 24.760109 -4.560461
4.940101 25.887606 -4.564282
5.469599 21.954157 -2.880393
5.378057 21.948883 -3.993832
5.368662 22.518467 -4.552731
5.193204 23.637152 -4.556614
5.519231 19.687572 -2.878025
5.503636 19.688982 -4.004451
5.492209 20.258539 -4.564622
5.483708 21.391481 -4.557857
5.559723 17.423555 -2.907914
5.295479 17.433197 -4.005311
5.294068 18.001211 -4.568680
5.409570 19.128120 -4.569017
5.454745 15.159972 -2.908457
5.318031 15.169444 -4.028847
5.204063 15.738485 -4.576512
5.234121 16.870359 -4.570310
5.352894 12.911627 -2.941182
5.136648 12.963353 -4.040018
5.313169 13.478486 -4.615337
5.252155 14.607775 -4.594355
4.785382 10.721347 -2.976574
4.372282 10.842000 -4.020331
4.413408 11.421788 -4.562095
4.987082 12.396778 -4.585169
3.962151 8.625479 -2.920088
3.586167 8.733292 -3.979491
3.659202 9.295037 -4.541495
4.035677 10.356926 -4.553946
3.547160 6.405014 -3.028132
3.220641 6.517467 -4.106102
3.114365 7.137072 -4.600375
3.207271 8.258997 -4.500589
2.803301 4.268770 -3.048027
2.674541 4.321709 -4.170408
2.628269 4.930893 -4.685041
2.908434 6.026796 -4.657101
1.944135 2.175974 -3.061294
1.751587 2.258181 -4.160804
1.933171 2.791853 -4.722927
2.379051 3.830511 -4.728794
0.781872 43.976727 -5.090616
0.748935 43.960545 -6.221614
0.515849 44.476509 -6.786966
0.000487 45.496323 -6.792726
0.000029 46.062428 -6.226692
0.000007 46.062420 -5.094545
1.671268 41.890514 -5.086850
1.723076 41.912197 -6.216262
1.533585 42.448555 -6.779192
1.029664 43.465557 -6.783552
2.560894 39.803425 -5.082256
2.638340 39.835152 -6.210333
2.461601 40.375969 -6.773010
2.014329 41.419914 -6.775010
3.357910 37.677658 -5.083549
3.328936 37.675449 -6.213157
3.199927 38.229809 -6.774957
2.864305 39.314133 -6.773225
3.847899 35.461174 -5.091424
3.786966 35.453266 -6.220009
3.658274 36.007717 -6.780621
3.440453 37.121101 -6.777159
4.135768 33.209278 -5.095311
4.148304 33.212769 -6.225023
3.989387 33.763027 -6.783618
3.813081 34.884033 -6.781907
4.376653 30.953358 -5.105321
4.499780 30.971931 -6.229125
4.394370 31.529854 -6.791495
4.180735 32.644260 -6.786649
4.661169 28.706259 -5.115600
4.827843 28.728434 -6.231519
4.721661 29.286524 -6.794597
4.594561 30.413387 -6.794456
4.873762 26.449030 -5.131598
5.069720 26.474316 -6.234504
4.865202 27.023401 -6.780090
4.802937 28.155571 -6.789482
5.230607 24.210726 -5.112961
5.323616 24.221010 -6.237411
5.161346 24.774595 -6.789447
4.990807 25.895885 -6.779707
5.452523 21.958416 -5.118267
5.507898 21.961798 -6.247775
5.462279 22.528484 -6.808159
5.283973 23.647648 -6.795226
5.386201 19.697626 -5.127974
5.405006 19.699310 -6.259252
5.434259 20.267599 -6.821507
5.519997 21.397425 -6.814436
5.236729 17.438238 -5.133810
5.322848 17.438377 -6.261981
5.352587 18.004421 -6.825231
5.358265 19.137218 -6.825505
5.137995 15.177210 -5.142590
5.145947 15.181947 -6.273420
5.127743 15.751505 -6.832113
5.254725 16.876938 -6.828856
5.159676 12.916920 -5.164345
5.001714 12.924702 -6.284193
5.057767 13.487567 -6.847511
5.123773 14.618363 -6.840821
4.135716 10.916571 -5.114173
4.226420 10.829817 -6.238194
4.483255 11.314204 -6.816727
4.890729 12.369344 -6.842530
3.217278 8.849747 -5.040505
3.166363 8.837475 -6.167797
3.467439 9.292336 -6.750492
3.983174 10.299285 -6.785720
2.839763 6.640070 -5.165147
2.330305 6.779203 -6.165148
2.258405 7.391573 -6.673288
2.807655 8.375739 -6.708941
2.377854 4.428164 -5.256816
1.877737 4.572742 -6.255016
1.678432 5.211052 -6.687838
1.972790 6.302217 -6.686283
1.792438 2.242714 -5.287756
1.211092 2.411383 -6.219277
0.965025 3.070999 -6.597849
1.328008 4.140783 -6.647851
0.786631 43.977085 -7.351029
0.808024 43.985901 -8.481604
0.554876 44.492016 -9.046739
0.000638 45.496216 -9.056923
0.000020 46.062351 -8.490954
0.000028 46.062382 -7.358825
1.809859 41.950233 -7.341768
1.840947 41.963104 -8.472303
1.613669 42.482574 -9.037652
1.107209 43.499702 -9.041749
2.678018 39.851353 -7.338163
2.658919 39.844902 -8.468770
2.480320 40.383541 -9.032680
2.067321 41.441063 -9.034458
3.343597 37.681877 -7.340764
3.366967 37.688496 -8.471201
3.219278 38.237339 -9.033854
2.869080 39.317261 -9.031824
3.693533 35.440426 -7.345000
3.706906 35.444450 -8.473968
3.676248 36.014114 -9.036075
3.486434 37.133755 -9.035769
4.034619 33.196606 -7.347879
4.082694 33.208054 -8.477263
3.998255 33.768951 -9.039696
3.842516 34.891922 -9.036505
4.463664 30.967239 -7.357095
4.413154 30.963329 -8.485005
4.206631 31.511242 -9.030185
4.122213 32.641758 -9.040071
4.669918 28.712242 -7.349567
4.605483 28.700897 -8.478844
4.450301 29.255810 -9.034392
4.335125 30.384815 -9.032328
4.839517 26.450285 -7.338277
4.747561 26.440004 -8.461133
4.525515 26.988436 -8.997207
4.513710 28.122351 -9.024086
5.133315 24.202675 -7.350250
4.992467 24.189711 -8.468616
4.746011 24.732800 -9.001471
4.614965 25.858721 -8.995618
5.491715 21.965017 -7.376195
5.379620 21.961092 -8.499384
5.149481 22.504591 -9.039360
4.899217 23.609646 -9.010606
5.431471 19.702538 -7.388356
5.496665 19.702330 -8.514849
5.472760 20.270765 -9.077633
5.399933 21.400309 -9.068948
5.334998 17.438608 -7.391597
5.372948 17.437525 -8.522080
5.349954 18.008139 -9.081279
5.426674 19.139145 -9.079740
5.087400 15.188530 -7.401174
5.052184 15.195261 -8.531723
5.181588 15.749666 -9.092652
5.316450 16.874744 -9.088466
4.959318 12.928155 -7.411467
4.823453 12.942805 -8.533078
4.821702 13.515044 -9.089893
5.026502 14.627899 -9.094476
4.223670 10.793512 -7.366679
4.169732 10.783953 -8.495676
4.344750 11.308510 -9.073370
4.651089 12.395959 -9.090020
3.107390 8.828325 -7.295617
2.977254 8.869014 -8.418362
3.293398 9.312897 -9.005127
3.898209 10.267850 -9.043440
1.952474 6.892708 -7.219399
1.924621 6.871483 -8.348404
2.255740 7.338892 -8.903220
2.633478 8.395420 -8.963631
1.233480 4.749178 -7.160864
1.265732 4.702257 -8.275852
1.593038 5.176554 -8.831686
1.909703 6.262394 -8.871620
0.524471 2.602066 -7.072398
0.842420 2.485970 -8.119233
1.259904 2.957376 -8.606244
1.337896 4.075462 -8.767237
0.842532 44.000957 -9.609709
0.811303 43.981358 -10.739807
0.531050 44.472553 -11.307693
0.000744 45.495937 -11.321139
0.000014 46.062202 -10.755190
0.000014 46.062275 -9.623071
1.836135 41.958660 -9.601427
1.759005 41.921627 -10.729540
1.526088 42.436428 -11.297152
1.061280 43.470161 -11.302487
2.690280 39.856041 -9.597257
2.696911 39.855427 -10.728116
2.451348 40.366425 -11.293618
1.969082 41.392845 -11.293561
3.319538 37.678333 -9.598468
3.331596 37.680130 -10.724733
3.231615 38.238667 -11.290246
2.889778 39.320263 -11.292840
3.707474 35.445671 -9.598959
3.576061 35.426170 -10.722806
3.527232 35.989563 -11.289936
3.429840 37.121281 -11.291250
3.919351 33.189537 -9.586353
3.842748 33.173496 -10.709440
3.756711 33.730465 -11.278948
3.631326 34.858929 -11.286297
4.088155 30.929480 -9.566302
3.932219 30.907272 -10.682045
3.910106 31.466724 -11.254457
3.847209 32.599476 -11.268740
4.282858 28.672127 -9.557408
4.072934 28.648384 -10.650415
4.149561 29.210619 -11.217040
4.035212 30.339323 -11.237896
4.372080 26.405504 -9.526043
4.128292 26.384729 -10.630545
4.060822 26.946163 -11.196534
4.119844 28.077244 -11.206765
4.675696 24.156498 -9.551305
4.538858 24.155376 -10.674216
4.407233 24.719995 -11.225324
4.143028 25.820717 -11.199089
5.208352 21.952442 -9.616107
5.034028 21.944088 -10.733592
4.813516 22.490862 -11.276018
4.617948 23.607103 -11.252342
5.448785 19.706188 -9.644670
5.386613 19.709585 -10.774688
5.263579 20.272804 -11.329532
5.001035 21.373671 -11.293568
5.312609 17.444094 -9.649693
5.187459 17.455734 -10.774049
5.111219 18.028866 -11.327952
5.287193 19.147152 -11.336847
5.130894 15.185290 -9.659018
5.022020 15.201415 -10.782326
4.986641 15.774401 -11.335079
5.101607 16.897146 -11.338676
4.671695 12.966409 -9.650600
4.573635 12.982129 -10.777769
4.617851 13.549644 -11.339196
4.732747 14.675364 -11.312358
4.096947 10.781725 -9.623278
3.944543 10.808456 -10.744155
3.970374 11.381029 -11.302726
4.283334 12.469019 -11.319367
2.926641 8.854916 -9.548434
3.024969 8.753873 -10.670867
3.303280 9.221261 -11.258868
3.713773 10.277111 -11.296887
2.376028 6.697283 -9.355948
2.831542 6.529194 -10.378142
3.042744 6.999594 -10.988625
3.072995 8.119965 -11.156767
1.713244 4.539108 -9.298825
2.631747 4.386818 -9.912033
3.065839 4.831322 -10.411377
3.005057 5.881887 -10.802740
1.795963 2.369593 -8.689231
2.913271 2.412149 -8.867353
3.406723 2.933773 -9.222179
3.253513 3.899805 -9.793466
</float_array>
          <technique_common>
            <accessor source="#pPlane2-POSITION-array" count="3321" stride="3">
              <param name="X" type="float"/>
              <param name="Y" type="float"/>
              <param name="Z" type="float"/>
            </accessor>
          </technique_common>
        </source>
        <source id="pPlane2-Normal0">
          <float_array id="pPlane2-Normal0-array" count="9963">
0.999999 0.001175 -0.000127
0.965891 0.258912 0.004362
0.966006 0.258520 -0.000129
0.982749 0.129265 0.132268
0.967640 0.087001 0.236864
0.938279 0.228418 0.259726
0.931745 0.311875 -0.185971
0.960184 0.221227 -0.170605
0.945116 0.262551 0.194482
0.961866 0.154144 0.225951
0.951559 0.111641 0.286480
0.947768 0.076126 0.309743
0.926793 -0.028082 0.374521
0.954927 0.041928 0.293865
0.985877 -0.022412 0.165966
0.954834 -0.176923 0.238726
0.892193 -0.257384 0.371141
0.911272 -0.409518 -0.043340
0.784464 -0.402191 -0.472078
0.797553 -0.385226 -0.464231
0.882816 -0.230712 -0.409156
1.000000 0.001028 -0.000026
0.923222 0.383826 0.018422
0.928831 0.244512 0.278366
0.883088 0.200784 0.424077
0.850594 0.171202 0.497173
0.807988 0.202657 0.553250
0.837386 0.243710 0.489274
0.953270 0.182649 0.240655
0.989782 0.133245 0.050769
0.986187 0.155955 0.055793
0.991432 0.127250 0.029501
0.991397 0.129745 0.017259
0.981553 0.004426 0.191140
0.947604 -0.066765 0.312392
0.961042 -0.090861 0.261041
0.970148 -0.177411 0.165344
0.966053 -0.211238 0.148727
0.706829 -0.427298 0.563745
0.624502 -0.370198 0.687715
0.564591 -0.437135 0.700107
0.723606 -0.570083 0.389102
1.000000 0.000973 0.000022
0.921983 0.385212 0.039492
0.923603 0.383096 0.013984
0.945951 0.323970 0.014823
0.966904 0.242862 0.078202
0.974087 0.202539 0.100659
0.976753 0.181352 0.114299
0.979073 0.166308 0.117294
0.965457 0.174247 0.193727
0.991075 0.106800 0.079777
0.987883 0.078863 0.133672
0.993628 0.076518 0.082760
0.994043 0.107801 -0.016050
0.999484 -0.000614 -0.032120
0.961899 -0.258174 -0.089978
0.930575 -0.233510 -0.281964
0.906967 -0.117202 -0.404566
0.954115 -0.141949 -0.263657
0.963508 -0.262011 -0.054793
0.932786 -0.355453 0.059693
0.840903 -0.527653 0.120270
0.999999 0.001069 -0.000001
0.905837 0.423613 -0.003422
0.935982 0.352042 0.001901
0.942190 0.333666 0.030736
0.958935 0.283272 0.014168
0.969705 0.240968 0.040083
0.977181 0.208638 0.039852
0.984502 0.173001 0.028738
0.985664 0.163700 0.040848
0.979121 0.133615 0.153198
0.989584 0.092656 0.110173
0.998569 -0.037772 0.037853
0.999526 0.011395 0.028593
0.980582 0.016871 0.195383
0.994137 -0.049345 0.096216
0.934854 -0.288886 -0.206379
0.907592 -0.340592 -0.245509
0.978527 -0.205335 -0.017984
0.939867 -0.227620 -0.254636
0.826205 -0.254727 -0.502494
0.775976 -0.340793 -0.530774
1.000000 0.000915 -0.000003
0.903529 0.428523 0.001938
0.931254 0.364312 0.006514
0.952034 0.305992 0.000418
0.955036 0.294584 0.033547
0.973379 0.229082 -0.007421
0.972990 0.230749 -0.006707
0.985525 0.169416 -0.006227
0.978224 0.207523 -0.003460
0.987602 0.155179 0.023681
0.996064 0.051122 -0.072405
0.972470 0.046172 -0.228408
0.972742 0.048777 -0.226700
0.996805 0.010389 -0.079197
0.927527 -0.208413 0.310253
0.801165 -0.392025 0.452163
0.810631 -0.324968 0.487107
0.833693 -0.427813 0.349188
0.934278 -0.266448 -0.236920
0.839277 -0.415208 -0.351022
0.948698 -0.312456 -0.048398
1.000000 0.000892 0.000014
0.912704 0.408027 0.022010
0.927395 0.373363 0.023205
0.932772 0.358270 0.039746
0.961899 0.272874 -0.017045
0.968946 0.241924 -0.051152
0.982122 0.186503 0.025554
0.979963 0.192885 0.049676
0.982525 0.160731 0.093863
0.988585 0.144633 0.042209
0.998661 0.042284 0.029817
0.999267 -0.032553 0.020158
0.997894 -0.033741 0.055399
0.987301 -0.015881 -0.158063
0.939603 0.015059 -0.341934
0.980449 -0.108475 -0.164174
0.925967 -0.305156 0.222408
0.777591 -0.394720 0.489437
0.719990 -0.402965 0.565008
0.760802 -0.388433 0.519904
0.880302 -0.415297 0.229341
1.000000 0.000966 0.000006
0.899185 0.437546 -0.004345
0.924275 0.381728 -0.000293
0.941194 0.337841 0.004252
0.954949 0.288002 0.071609
0.981237 0.169764 0.091401
0.981254 0.178198 0.073389
0.981093 0.192159 -0.023059
0.968648 0.163464 -0.187083
0.972641 0.127110 -0.194455
0.972733 0.058907 -0.224324
0.946008 0.028034 -0.322927
0.945529 0.017824 -0.325048
0.974601 -0.026469 -0.222378
0.995216 -0.091343 -0.034654
0.969004 -0.186537 0.161975
0.932604 -0.308533 -0.187238
0.915072 -0.165061 -0.367965
0.944490 -0.288815 -0.156601
0.925754 -0.368217 -0.086000
0.875886 -0.451183 0.171048
1.000000 0.000955 -0.000012
0.905730 0.423168 -0.024139
0.932918 0.359727 0.016128
0.917955 0.389901 0.073050
0.950940 0.308331 0.025404
0.992103 0.122380 0.027464
0.990038 0.119262 0.074840
0.991401 0.126316 0.034179
0.993233 0.115831 0.008394
0.987810 0.076179 -0.135751
0.989478 0.115718 0.086845
0.993855 0.097452 0.052489
0.992397 -0.072507 -0.099452
0.997574 -0.042827 -0.054881
0.987377 0.030882 -0.155350
0.956440 -0.291890 0.004693
0.918952 -0.332934 -0.211380
0.858062 -0.373887 -0.352049
0.923754 -0.149879 -0.352442
0.939138 -0.213025 -0.269520
0.965493 -0.259064 0.026617
1.000000 0.000830 0.000017
0.892169 0.450265 0.036000
0.902468 0.422817 0.082324
0.932858 0.358282 0.037561
0.976071 0.217331 0.007237
0.987371 0.135129 -0.082694
0.981037 0.166848 -0.098630
0.985524 0.166155 -0.033689
0.987468 0.077327 -0.137578
0.972884 0.108338 -0.204353
0.980558 0.102426 -0.167379
0.997911 0.059960 -0.024062
0.996875 -0.074560 0.026079
0.996711 -0.080846 0.005502
0.998476 -0.024572 -0.049408
0.990116 -0.134775 -0.038799
0.893606 -0.448743 0.009878
0.813490 -0.580493 -0.035527
0.908492 -0.228892 -0.349645
0.765378 -0.260903 -0.588325
0.736754 -0.251071 -0.627819
0.999999 0.001088 0.000057
0.874607 0.483826 0.031230
0.916809 0.399320 -0.002308
0.941221 0.336850 0.025188
0.971855 0.232417 -0.038465
0.990039 0.140768 -0.002814
0.982143 0.117312 -0.147084
0.952370 0.104684 -0.286415
0.956033 0.048108 -0.289285
0.940565 0.070815 -0.332149
0.950505 0.142822 -0.275938
0.964764 0.219835 -0.144577
0.998305 -0.036055 -0.045693
0.997882 -0.043229 -0.048615
0.988530 -0.138387 0.060484
0.981496 -0.152292 -0.116068
0.919244 -0.388430 -0.064126
0.823666 -0.566699 -0.020667
0.875549 -0.250457 0.413141
0.886711 -0.163171 0.432573
0.587846 0.191728 0.785925
0.999999 0.001306 -0.000017
0.883537 0.467256 -0.032151
0.917688 0.395061 -0.042122
0.923418 0.382225 -0.034693
0.984040 0.176169 0.025101
0.994223 0.107297 -0.002898
0.995842 0.074834 -0.051958
0.993803 0.092330 0.061892
0.990975 -0.008226 0.133796
0.991232 0.086090 -0.100238
0.978703 0.202027 -0.036398
0.960161 0.181717 -0.212298
0.994720 0.002991 -0.102578
0.988144 0.001409 -0.153525
0.924192 -0.192149 -0.330074
0.940129 -0.285432 -0.186242
0.960294 -0.229028 -0.159315
0.943906 -0.234364 0.232628
0.900064 -0.014905 0.435502
0.340866 0.552415 0.760690
0.235098 0.384759 0.892574
0.943752 0.330342 0.014363
0.935408 0.352935 -0.021178
0.969301 0.245409 0.015153
0.941260 0.334408 0.046927
0.976280 0.215729 -0.018411
0.971032 0.223690 0.084018
0.968430 0.214796 -0.126517
0.980540 0.172161 0.094348
0.970927 0.207610 -0.119157
0.981424 0.188306 0.036716
0.982820 0.179233 -0.044053
0.975865 0.177852 -0.126713
0.988768 0.144733 -0.037285
0.966474 0.169724 -0.192669
0.996741 0.071213 -0.037896
0.974574 0.082406 -0.208363
0.996711 0.008907 0.080549
0.965856 0.042660 -0.255542
0.980585 -0.024936 0.194504
0.936684 0.026383 -0.349181
0.969327 -0.094072 0.227058
0.961546 -0.008990 -0.274498
0.987527 -0.115440 0.107071
0.983980 -0.076874 -0.160855
0.986859 -0.067849 -0.146650
0.989922 -0.078634 0.117775
0.980148 -0.171629 -0.099270
0.983378 -0.175780 0.045480
0.948102 -0.317191 0.022176
0.889580 -0.312740 -0.332929
0.875868 -0.378378 0.299474
0.938511 -0.226889 -0.260229
0.736557 -0.455978 0.499567
0.935140 -0.330725 -0.127024
0.569621 -0.466628 0.676601
0.905911 -0.422957 0.020794
0.898680 0.438584 0.004286
0.876658 0.481039 -0.008457
1.000000 0.000922 -0.000002
0.932214 0.357246 -0.057896
0.926734 0.375717 -0.001250
0.929903 0.365014 -0.045226
0.924046 0.379931 0.042337
0.947925 0.317536 0.024689
0.927572 0.367195 0.069124
0.988706 0.148815 -0.017705
0.976229 0.216741 0.000818
0.978638 0.136554 -0.153688
0.992679 0.105216 0.059304
0.969701 0.134095 -0.204204
0.991618 0.111288 0.065637
0.964575 0.163995 -0.206642
0.988955 0.137392 0.055596
0.975786 0.087644 -0.200398
0.982677 0.156368 -0.099474
0.958290 0.034818 -0.283670
0.995047 0.094771 -0.029984
0.993483 0.071381 -0.088862
0.986772 0.127843 0.099688
0.999401 -0.028516 -0.019594
0.998351 0.018437 -0.054371
0.974380 -0.019541 -0.224058
0.990258 -0.094867 -0.101931
0.992002 0.048752 -0.116429
0.998223 -0.022466 -0.055183
0.915174 -0.354634 -0.191551
0.979181 0.045330 -0.197861
0.902501 -0.243791 -0.355047
0.879939 -0.471624 0.057262
0.901742 -0.266729 -0.340171
0.862269 -0.341646 -0.373858
0.927388 -0.213181 -0.307417
0.922622 -0.050775 -0.382348
0.925965 -0.354526 -0.129998
0.919888 -0.220857 -0.324079
0.903687 -0.374458 -0.207682
0.920810 -0.382515 -0.076097
0.903291 0.427845 -0.031853
0.893160 0.449645 0.009196
1.000000 0.000832 -0.000015
0.917647 0.394673 0.046454
0.895105 0.441277 0.063734
0.916141 0.394084 0.073373
0.916929 0.392121 0.074037
0.965065 0.261222 -0.020330
0.954011 0.299567 0.011073
0.987600 0.148449 -0.051081
0.981036 0.188099 -0.046758
0.989507 0.144009 0.011745
0.982996 0.157452 -0.094488
0.988043 0.115153 0.102525
0.980344 0.182327 -0.075384
0.982314 0.119488 0.144161
0.992468 0.114120 -0.044533
0.977355 0.117494 0.175987
0.978875 0.069739 -0.192198
0.989735 0.107934 0.093677
0.972035 0.142808 -0.186423
0.997668 0.030793 0.060911
0.981133 0.145221 -0.127628
0.994783 -0.100859 0.015315
0.998112 -0.061247 0.004504
0.997223 -0.026647 0.069546
0.999283 -0.008032 0.036994
0.996206 -0.087016 0.001377
0.992619 -0.107741 -0.055674
0.984767 -0.122106 -0.123787
0.998055 -0.062005 0.006430
0.861204 -0.498995 0.096604
0.930297 -0.360757 -0.066350
0.877498 -0.477191 -0.047811
0.889960 -0.455741 0.016485
0.896599 -0.054851 -0.439433
0.875339 -0.468203 -0.120695
0.867754 -0.187686 -0.460193
0.819294 -0.224044 -0.527789
0.803764 -0.232380 -0.547689
0.752498 -0.272570 -0.599543
0.884405 0.466256 0.020810
0.876678 0.480848 0.014880
1.000000 0.000901 0.000019
0.909472 0.414762 0.028859
0.894302 0.447181 0.015948
0.941431 0.336814 -0.016272
0.930095 0.367053 0.013960
0.975122 0.220825 0.019304
0.952097 0.305662 -0.009115
0.990739 0.135244 0.012039
0.987362 0.157841 -0.014255
0.980185 0.194101 0.039534
0.990342 0.131807 -0.042996
0.988906 0.142074 -0.043356
0.963933 0.086697 -0.251630
0.997325 0.045406 -0.057281
0.955318 0.092382 -0.280772
0.992750 0.088463 -0.081373
0.945409 0.022005 -0.325144
0.984062 0.120580 -0.130697
0.941586 0.114884 -0.316572
0.985228 0.142554 -0.094888
0.959050 0.212211 -0.187590
0.997350 -0.048627 0.054118
0.993571 0.069449 -0.089408
0.993975 -0.102833 0.037938
0.996429 -0.065965 -0.052702
0.996782 -0.073752 -0.031408
0.992960 -0.117463 0.015268
0.980513 -0.155234 -0.120402
0.985439 -0.169983 0.003990
0.910377 -0.411656 -0.041874
0.953352 -0.277834 -0.118018
0.801859 -0.588450 -0.103678
0.836962 -0.544448 -0.055415
0.930691 -0.365248 -0.020203
0.931066 -0.319245 0.176631
0.955252 -0.292685 0.042771
0.878270 -0.265887 0.397423
0.949470 -0.195198 0.245774
0.769707 0.047712 0.636611
0.879081 0.475710 -0.030275
0.884265 0.466738 -0.015213
0.999999 0.001252 0.000028
0.914092 0.399481 -0.069643
0.911620 0.409781 -0.032086
0.936761 0.349912 0.006429
0.904914 0.422528 -0.050997
0.979470 0.201356 0.009654
0.957041 0.289951 -0.001243
0.986680 0.118062 -0.111916
0.996235 0.083368 0.023780
0.994800 0.071665 -0.072367
0.991973 0.115776 -0.050845
0.987798 0.069807 -0.139217
0.999219 0.038281 -0.009747
0.981156 0.030808 -0.190746
0.986800 0.089093 0.135236
0.971814 0.100017 -0.213480
0.999523 -0.017715 0.025315
0.967993 0.219035 -0.122528
0.976226 0.212110 -0.044627
0.963326 0.221721 -0.151140
0.973658 0.198178 -0.112763
0.997433 -0.016794 -0.069610
0.955840 0.211566 -0.203987
0.993722 -0.021833 -0.109725
0.984405 -0.141158 -0.104982
0.984724 -0.147084 -0.093193
0.979486 -0.081366 -0.184356
0.968164 -0.227757 -0.103851
0.953927 -0.133697 -0.268605
0.947100 -0.290884 -0.135601
0.937665 -0.286934 -0.196096
0.907080 -0.402830 0.122206
0.905289 -0.424218 -0.022147
0.912303 -0.102155 0.396570
0.930795 0.010487 0.365391
0.563978 0.271940 0.779729
0.650817 0.182511 0.736972
0.133565 0.375321 0.917221
0.308491 0.488723 0.816078
0.956390 0.291645 0.016181
0.949226 0.258289 0.179603
0.909864 0.414678 -0.013743
1.000000 0.001016 -0.000018
0.968553 0.248773 -0.004222
0.955883 0.226082 0.187548
0.937992 0.312141 0.150796
0.974882 0.215612 0.055822
0.970571 0.195243 0.140967
0.908428 0.199015 0.367630
0.982690 0.080707 0.166753
0.938304 0.144898 0.313992
0.867999 0.170180 0.466494
0.946169 0.125549 0.298333
0.889031 0.178353 0.421680
0.822609 0.192116 0.535170
0.933138 0.359153 0.016219
0.867307 0.268879 0.418905
0.807249 0.227511 0.544598
0.934776 0.263239 -0.238536
0.834262 0.276103 0.477256
0.890771 0.236018 0.388359
0.971162 0.238362 0.005355
0.920137 0.222315 0.322372
0.985357 0.134168 0.105213
0.933249 0.227956 0.277636
0.980941 0.130695 0.143785
0.987177 0.154259 0.041063
0.968677 0.112588 0.221332
0.968699 0.142490 0.203269
0.981188 0.176350 0.078557
0.941138 0.093548 0.324821
0.970471 0.073100 0.229874
0.990822 0.135175 -0.000336
0.956634 -0.164935 0.240100
0.915814 -0.021931 0.401004
0.993210 0.080982 0.083517
0.930524 -0.013678 0.365974
0.960315 -0.022191 0.278035
0.961341 -0.050508 0.270688
0.980844 -0.002551 0.194778
0.980228 -0.043859 0.192951
0.954424 -0.069153 0.290333
0.977588 -0.069894 0.198584
0.974003 -0.173388 0.145792
0.972704 -0.093955 0.212176
0.928798 -0.201912 0.310749
0.933698 -0.283098 0.219235
0.982763 -0.117761 0.142510
0.888027 -0.394300 0.236505
0.865432 -0.500783 0.015606
0.823723 -0.399575 0.402269
0.871513 -0.395910 -0.289344
0.855535 -0.508720 0.096252
0.620567 -0.443918 0.646401
0.768381 -0.410165 -0.491280
0.829740 -0.504363 0.239059
0.583475 -0.396534 0.708744
0.872835 -0.353186 -0.336777
0.906433 -0.412940 0.088662
0.561271 -0.667366 0.489486
0.918296 0.395760 -0.010308
0.906578 0.421736 0.015958
1.000000 0.000906 -0.000017
0.929640 0.367787 0.022407
0.921382 0.387061 0.035198
0.943270 0.273167 0.188739
0.932536 0.361064 -0.003205
0.939674 0.226582 0.256267
0.957423 0.284530 0.048823
0.952042 0.217886 0.214806
0.972963 0.210317 0.095440
0.972966 0.197155 0.120279
0.973955 0.194919 0.115833
0.986928 0.136896 0.085040
0.981628 0.166772 0.092705
0.980046 0.125394 0.154228
0.971607 0.178052 0.155809
0.960821 0.173799 0.215908
0.975890 0.146216 0.162048
0.996099 0.057291 0.067115
0.994198 0.073632 0.078410
0.991442 0.123362 0.042724
0.983184 0.098502 0.153777
0.996057 0.087531 0.014446
0.996130 0.085445 0.020599
0.994818 -0.019001 0.099878
0.999469 0.031592 -0.008025
0.979865 -0.119489 0.159957
0.999685 -0.010597 -0.022742
0.981945 -0.188876 -0.010504
0.949329 -0.259516 -0.177273
0.964155 -0.234201 -0.124720
0.909149 -0.164612 -0.382559
0.954405 -0.291022 0.066462
0.937265 -0.097406 -0.334733
0.840870 -0.374244 0.390997
0.964577 -0.208506 -0.161603
0.624606 -0.533130 0.570648
0.950305 -0.311321 0.000301
0.324794 -0.279229 0.903626
0.835116 -0.488569 0.252748
0.914544 0.401296 0.050712
0.885615 0.464304 -0.010382
0.999999 0.001021 -0.000002
0.930043 0.364198 0.048790
0.925179 0.379477 0.006460
0.941204 0.337826 0.002962
0.941236 0.337490 0.013253
0.960943 0.273327 0.043376
0.947301 0.319646 0.021150
0.970404 0.222787 0.093173
0.965870 0.257836 0.024810
0.971737 0.187068 0.143990
0.973445 0.223261 0.050589
0.968991 0.169091 0.180177
0.981996 0.186368 0.030824
0.976006 0.165404 0.141612
0.984453 0.173725 0.025905
0.987053 0.107374 0.119153
0.987272 0.125483 0.097717
0.978835 0.110603 0.172190
0.981634 0.114684 0.152452
0.991231 0.016472 0.131112
0.996781 0.043906 0.067081
0.994711 0.102072 -0.011469
0.996898 -0.045637 0.064116
0.988190 -0.007758 -0.153039
0.998811 -0.023924 0.042478
0.988516 -0.137301 -0.063124
0.972973 -0.040039 0.227423
0.922566 -0.339903 0.182586
0.949209 -0.278720 -0.146004
0.958091 -0.283545 0.040790
0.919094 -0.355857 -0.169208
0.929714 -0.060376 -0.363299
0.961540 -0.264477 -0.074113
0.938509 -0.185943 -0.290906
0.981514 -0.158410 -0.107405
0.902792 -0.282132 -0.324604
0.847380 -0.393135 -0.356919
0.840070 -0.536850 -0.077938
0.788855 -0.287959 -0.542943
0.901827 0.432011 -0.008620
0.891112 0.453769 0.003575
1.000000 0.000959 -0.000031
0.934658 0.355450 0.008365
0.920764 0.390120 0.000097
0.945452 0.325675 -0.007574
0.942734 0.333458 0.007623
0.956087 0.288603 -0.051042
0.954871 0.296617 0.015498
0.969285 0.244355 -0.027871
0.963706 0.266291 0.019000
0.977210 0.209094 -0.036599
0.974873 0.222355 -0.013449
0.985832 0.167715 -0.002577
0.979365 0.202092 -0.001586
0.981123 0.193362 -0.002886
0.983886 0.178125 -0.015506
0.984109 0.172322 0.042823
0.981178 0.191394 0.025666
0.991917 0.089720 0.089722
0.994480 0.103566 -0.016827
0.982739 0.015038 0.184387
0.988670 0.041215 -0.144339
0.955983 0.002808 0.293407
0.964683 0.054393 -0.257738
0.981886 0.007431 0.189328
0.985526 0.036840 -0.165473
0.953338 -0.251700 -0.166713
0.978754 -0.160528 0.127562
0.941949 -0.278899 -0.186942
0.878307 -0.325200 0.350460
0.906683 -0.340978 -0.248314
0.810030 -0.340686 0.477267
0.828921 -0.196029 -0.523892
0.834036 -0.311053 0.455664
0.845918 -0.141497 -0.514201
0.908209 -0.401835 0.116980
0.843438 -0.438749 -0.310018
0.855187 -0.273958 -0.440003
0.839409 -0.340666 -0.423485
0.938290 -0.305085 -0.162898
0.907039 0.420806 -0.014210
0.888802 0.458198 0.009226
1.000000 0.000870 -0.000017
0.929640 0.367903 -0.020415
0.920944 0.389325 0.017002
0.940751 0.336184 0.044359
0.927921 0.370456 0.041528
0.949701 0.296593 0.100505
0.939667 0.341036 0.026847
0.969710 0.221135 0.103743
0.966566 0.250212 -0.056077
0.979670 0.192896 0.055122
0.977054 0.212335 -0.016730
0.985563 0.167319 0.025869
0.982257 0.182046 0.045060
0.979748 0.199682 -0.014843
0.983060 0.165668 0.078404
0.984564 0.169129 -0.045055
0.981435 0.179082 0.068672
0.998873 0.045383 -0.013879
0.995690 0.087018 0.032099
0.998494 -0.054228 0.008263
0.999760 0.004550 0.021423
0.985855 0.024701 -0.165773
0.997479 -0.048913 0.051414
0.976283 0.068486 -0.205381
0.999668 -0.005730 -0.025129
0.993445 -0.082980 -0.078628
0.955825 -0.003484 -0.293916
0.926935 -0.284970 0.244096
0.953547 -0.043017 -0.298156
0.840640 -0.381581 0.384344
0.977131 -0.208363 0.042432
0.851840 -0.424604 0.306725
0.857650 -0.367236 0.359964
0.773400 -0.484222 0.409124
0.740785 -0.395034 0.543310
0.874476 -0.367202 0.316947
0.720958 -0.422600 0.549206
0.974371 -0.224936 -0.002025
0.744900 -0.568708 0.348849
0.906000 0.422028 0.032487
0.875872 0.482473 -0.008229
1.000000 0.000929 -0.000002
0.918050 0.392814 0.053679
0.916628 0.399525 0.013157
0.929752 0.362333 0.065394
0.949371 0.231224 0.212673
0.964488 0.227253 0.134604
0.965072 0.136001 0.223918
0.917123 0.134821 0.375112
0.872911 0.239684 0.424944
0.853107 0.279761 0.440389
0.846186 0.280898 0.452843
0.967190 0.173003 0.186047
0.973119 0.148830 0.175751
0.970655 0.116683 0.210270
0.936950 -0.074406 0.341450
0.933783 -0.062058 0.352418
0.971137 -0.045495 0.234142
0.986578 -0.061306 0.151347
0.977788 -0.127617 0.166269
0.848795 -0.526594 0.047395
0.865391 -0.500816 0.016780
0.841773 -0.504653 0.191689
0.857955 -0.486145 0.166062
0.916104 0.400869 0.007499
0.913641 0.405588 -0.027547
0.943377 0.311449 0.114192
0.941397 0.243688 0.233210
0.945044 0.217516 0.244087
0.964845 0.203603 0.166192
0.980262 0.170720 0.099701
0.985455 0.127797 0.112007
0.965597 0.162383 0.203110
0.984549 0.113826 0.133067
0.991930 0.117291 0.048151
0.990376 0.138326 0.004674
0.998160 0.017579 0.058027
0.985351 -0.054293 0.161663
0.983582 -0.166752 0.069001
0.983670 -0.176695 -0.034252
0.978213 -0.177158 -0.108231
0.908942 -0.345312 0.233634
0.776708 -0.388244 0.495975
0.444408 -0.557824 0.700952
0.890338 0.454943 0.018058
0.922510 0.380882 0.062488
0.940764 0.338227 0.023772
0.949268 0.313927 0.018435
0.969780 0.234621 0.066932
0.971636 0.210452 0.107861
0.969669 0.166157 0.179257
0.967537 0.189183 0.167576
0.989670 0.091845 0.110077
0.980733 0.124813 0.150283
0.982321 0.076948 0.170661
0.998505 -0.031623 0.044591
0.995172 -0.010667 -0.097566
0.982907 0.001891 -0.184092
0.950642 -0.277658 0.138515
0.927955 -0.338675 0.155558
0.961948 -0.196360 -0.189996
0.926164 -0.104341 -0.362399
0.883842 -0.299613 -0.359243
0.860394 -0.439720 -0.257622
0.891069 0.453856 -0.003221
0.923403 0.383819 -0.003273
0.937288 0.348392 0.010658
0.954251 0.296423 -0.039233
0.960995 0.274543 -0.033377
0.976119 0.213156 -0.041901
0.981367 0.191579 -0.014696
0.983778 0.179340 -0.004314
0.984889 0.172526 0.015094
0.989724 0.126135 0.067353
0.992053 0.050690 0.115162
0.969546 -0.005819 0.244840
0.955736 0.028279 0.292864
0.963352 -0.267527 -0.019577
0.931165 -0.349301 -0.104505
0.902579 -0.323760 -0.283780
0.877900 -0.240334 -0.414164
0.812381 -0.128944 -0.568692
0.852941 -0.428210 -0.298543
0.830729 -0.353981 -0.429636
0.891720 0.452587 0.000296
0.919665 0.392178 -0.020312
0.933570 0.358333 -0.006660
0.943706 0.319366 0.086165
0.963196 0.251050 0.096060
0.977958 0.185020 0.096780
0.979658 0.199745 0.019269
0.985732 0.166754 0.022915
0.973727 0.222777 -0.047181
0.994995 0.095347 -0.029913
0.999985 -0.003347 0.004412
0.997323 -0.030806 -0.066321
0.977884 0.068399 -0.197648
0.983055 0.027170 -0.181286
0.981470 -0.180844 0.063341
0.869203 -0.338191 0.360711
0.837270 -0.417019 0.353659
0.812629 -0.473613 0.339595
0.830275 -0.408186 0.379510
0.930695 -0.338904 0.137663
0.877267 0.479890 0.010380
0.920192 0.389093 0.043053
0.927906 0.369465 0.049853
0.949349 0.314088 -0.009188
0.973556 0.226013 0.033257
0.971972 0.217532 -0.089158
0.970075 0.203502 -0.132447
0.975389 0.205138 -0.080838
0.986435 0.161098 -0.031515
0.993579 0.102664 -0.047558
0.999283 0.037701 0.003512
0.988601 -0.016218 0.149682
0.976578 -0.042842 0.210854
0.962891 -0.155826 0.220361
0.996500 -0.080809 -0.021414
0.975855 -0.040122 -0.214705
0.952292 -0.292262 -0.087876
0.915279 -0.364175 0.172164
0.810332 -0.399717 0.428473
0.584917 -0.510194 0.630535
0.875851 0.482494 0.009167
0.923686 0.381763 -0.032560
0.932882 0.354810 -0.061976
0.928468 0.371089 -0.015494
0.972463 0.230453 0.034733
0.986515 0.131589 -0.097331
0.970891 0.145957 -0.189911
0.971780 0.122680 -0.201477
0.964358 0.182622 -0.191474
0.962769 0.053939 -0.264888
0.971387 0.041173 -0.233906
0.997916 0.063825 0.009488
0.990472 -0.039325 -0.131981
0.980030 -0.016307 -0.198182
0.998487 -0.003110 -0.054893
0.897246 -0.255126 -0.360360
0.892502 -0.402781 -0.202996
0.917500 -0.071434 -0.391268
0.935730 -0.269753 -0.227251
0.886519 -0.431432 -0.167183
0.891201 0.453037 -0.022759
0.913599 0.406486 -0.010277
0.911225 0.404166 0.079484
0.942280 0.332377 0.040413
0.975682 0.214913 -0.043095
0.988946 0.145567 -0.028230
0.991090 0.120166 0.057445
0.982200 0.160235 0.098023
0.978357 0.103773 0.179020
0.979974 0.128232 0.152338
0.993002 0.075263 0.091009
0.998458 -0.024851 0.049636
0.998592 -0.024342 0.047134
0.998053 -0.060053 0.016877
0.995934 0.011568 -0.089335
0.896878 -0.442009 0.015429
0.911302 -0.405854 0.069365
0.924052 -0.224697 -0.309255
0.894732 -0.191130 -0.403638
0.807471 -0.231508 -0.542582
0.887787 0.460235 0.004277
0.885536 0.462717 0.041451
0.930630 0.365959 -0.001440
0.946973 0.321221 -0.007701
0.991932 0.125795 0.015732
0.987117 0.158917 0.018594
0.983254 0.180671 0.023869
0.994379 0.071134 -0.078421
0.994627 0.091664 -0.048116
0.982929 0.132653 -0.127489
0.975436 0.172038 -0.137575
0.999992 -0.001584 0.003693
0.997647 -0.048755 0.048205
0.988954 -0.138827 0.051928
0.989450 -0.060441 -0.131662
0.945241 -0.319242 -0.067857
0.847493 -0.527573 -0.058499
0.863351 -0.498401 -0.078877
0.949641 -0.312838 0.017740
0.959535 -0.256014 0.117258
0.873208 0.487277 -0.008276
0.906295 0.420158 -0.045787
0.914377 0.402799 -0.040845
0.966023 0.255082 0.041631
0.988479 0.137172 -0.063976
0.990894 0.096091 -0.094312
0.993854 0.049930 -0.098804
0.983466 0.066537 -0.168428
0.975783 0.041071 -0.214850
0.972106 0.160486 -0.171038
0.965814 0.228041 -0.123293
0.980216 0.143202 -0.136639
0.988293 -0.102102 -0.113366
0.995202 -0.061878 -0.075785
0.972647 -0.213168 -0.092292
0.934647 -0.293152 -0.201238
0.843430 -0.537059 -0.013907
0.953447 -0.090831 0.287558
0.817584 -0.196381 0.541286
0.205646 0.405407 0.890705
0.985075 0.171445 0.015264
0.958683 0.273556 0.078072
0.927134 0.369275 0.063710
0.976004 0.217749 0.001557
0.967516 0.243536 0.067847
0.967593 0.247376 0.050689
0.927885 0.224960 0.297359
0.937500 0.276739 0.210971
0.968032 0.248184 0.036312
0.976278 0.198082 0.087430
0.934356 0.203102 0.292796
0.927616 0.196693 0.317554
0.977251 0.111736 0.180268
0.962205 0.098221 0.253998
0.922260 0.165858 0.349182
0.935247 0.179550 0.305082
0.936861 0.108078 0.332581
0.926857 0.150989 0.343714
0.855852 0.178253 0.485534
0.904083 0.165656 0.393945
0.928501 0.268575 0.256423
0.945558 0.315550 0.079674
0.782015 0.242204 0.574273
0.812875 0.204151 0.545487
0.956355 0.292200 -0.001990
0.962662 0.269876 0.021199
0.806674 0.258029 0.531693
0.775432 0.253476 0.578321
0.953939 0.264732 0.141132
0.916844 0.276664 0.287842
0.970259 0.190862 0.148891
0.895879 0.224971 0.383130
0.919016 0.239252 0.313319
0.953230 0.176757 0.245173
0.988979 0.145166 0.029119
0.986788 0.157777 0.036831
0.972798 0.120572 0.197804
0.962864 0.130939 0.236112
0.982103 0.167365 0.086383
0.986144 0.155439 0.057953
0.952770 0.114280 0.281370
0.948170 0.097896 0.302306
0.987954 0.124041 0.092522
0.988723 0.128062 0.077629
0.957995 -0.043294 0.283498
0.926825 -0.102192 0.361321
0.957671 -0.016257 0.287406
0.984874 0.062757 0.161509
0.915950 -0.019881 0.400801
0.939616 0.006803 0.342162
0.947377 -0.066747 0.313084
0.947175 -0.051184 0.316607
0.966053 -0.004586 0.258305
0.982124 -0.028015 0.186139
0.963818 -0.065119 0.258483
0.959723 -0.055061 0.275500
0.983979 -0.031785 0.175428
0.975364 -0.120540 0.184759
0.975973 -0.112050 0.186873
0.973375 -0.070571 0.218086
0.960975 -0.185238 0.205462
0.936921 -0.187869 0.294760
0.976037 -0.083266 0.201045
0.967569 -0.169418 0.187373
0.891018 -0.388456 0.234923
0.897139 -0.439697 -0.042533
0.753864 -0.488962 0.438868
0.831095 -0.487585 0.267474
0.879892 -0.419704 -0.222796
0.833654 -0.441570 -0.331718
0.723469 -0.468560 0.506996
0.717543 -0.492644 0.492377
0.825857 -0.452590 -0.336337
0.849072 -0.445809 -0.283426
0.651749 -0.431300 0.623862
0.688087 -0.433360 0.582009
0.863148 -0.445703 -0.237325
0.917320 -0.325211 -0.229701
0.744720 -0.530829 0.404491
0.604689 -0.511796 0.610259
0.977534 0.210778 -0.000321
0.914666 0.403574 -0.022656
0.920878 0.389138 0.023569
0.975944 0.218004 0.002879
0.916963 0.398491 -0.019586
0.934426 0.346150 0.083839
0.917646 0.396985 -0.018132
0.918862 0.394271 0.015592
0.936143 0.280077 0.212589
0.918508 0.241047 0.313432
0.944938 0.324975 0.038516
0.928517 0.371104 -0.011755
0.903966 0.221891 0.365528
0.886456 0.195704 0.419400
0.960487 0.251559 0.119088
0.954664 0.284437 0.087825
0.867703 0.203626 0.453462
0.872581 0.212466 0.439842
0.972564 0.210761 0.098483
0.968016 0.220542 0.119611
0.884389 0.217986 0.412721
0.912905 0.221612 0.342773
0.979651 0.188198 0.069758
0.976776 0.200886 0.074523
0.944881 0.209880 0.251297
0.971094 0.170468 0.167083
0.986275 0.149956 0.069106
0.980410 0.185853 0.065232
0.983252 0.117375 0.139422
0.982100 0.113968 0.149971
0.974133 0.148260 0.170540
0.982419 0.152586 0.107563
0.981883 0.137174 0.130726
0.977063 0.161005 0.139376
0.963417 0.160162 0.214885
0.959258 0.163270 0.230580
0.968119 0.181552 0.172584
0.987599 0.109106 0.112889
0.996011 0.054340 0.070779
0.986097 0.112519 0.122284
0.994553 0.101382 0.024222
0.990487 0.137357 -0.008327
0.988222 0.124658 0.088751
0.992144 0.079827 0.096323
0.990721 0.134612 -0.018769
0.994195 0.096730 0.047120
0.992380 0.123019 -0.007014
0.994283 0.097755 0.042950
0.991492 0.015988 0.129184
0.980377 -0.032783 0.194387
0.999961 0.007471 0.004641
0.997671 0.068129 -0.003226
0.967540 -0.065173 0.244171
0.962884 -0.082909 0.256867
0.994579 -0.102429 0.017898
0.999789 -0.004352 0.020071
0.964394 -0.121073 0.235130
0.972831 -0.149843 0.176486
0.934234 -0.194749 -0.298798
0.964860 -0.200175 -0.170222
0.971711 -0.187003 0.144249
0.990067 -0.128361 0.057371
0.933756 -0.153465 -0.323341
0.919574 -0.165460 -0.356380
0.967775 -0.251604 -0.010324
0.916086 -0.345926 0.202786
0.978386 -0.162713 -0.127612
0.966149 -0.185777 -0.179005
0.820440 -0.400508 0.408010
0.709637 -0.399503 0.580355
0.950397 -0.298185 0.088491
0.968332 -0.248139 -0.027561
0.678170 -0.379476 0.629351
0.638130 -0.399882 0.657939
0.860552 -0.363631 0.356684
0.915439 -0.339843 0.215589
0.543506 -0.685514 0.484430
0.577336 -0.597272 0.556730
0.487580 -0.254866 0.835051
0.567737 -0.540177 0.621195
0.972252 0.233858 0.005987
0.910123 0.412430 0.039711
0.897813 0.440252 0.010429
0.968670 0.248353 -0.000061
0.922024 0.382930 0.056894
0.923132 0.380616 0.054389
0.929101 0.368461 0.031754
0.918739 0.393495 0.032874
0.931547 0.361762 0.036711
0.938333 0.345600 0.009605
0.943613 0.330647 0.016314
0.939484 0.342133 0.017769
0.947488 0.319096 0.021083
0.958629 0.279959 0.051510
0.952990 0.302653 0.014550
0.942620 0.333712 0.010204
0.967630 0.236462 0.088187
0.970033 0.211603 0.119414
0.969703 0.239935 0.045906
0.964910 0.261504 0.023735
0.967239 0.208216 0.145241
0.969287 0.188145 0.158381
0.973312 0.215735 0.078248
0.972377 0.224452 0.064067
0.973267 0.164631 0.160150
0.973358 0.167621 0.156450
0.977402 0.171551 0.123512
0.976449 0.191131 0.100086
0.970726 0.182373 0.156301
0.967914 0.191296 0.162939
0.979342 0.175218 0.100936
0.976499 0.174566 0.126401
0.978501 0.145899 0.145770
0.991136 0.095482 0.092368
0.986551 0.101634 0.128018
0.988047 0.123155 0.092715
0.989043 0.100727 0.107926
0.981099 0.097928 0.166898
0.984034 0.116633 0.134439
0.980164 0.129812 0.149760
0.974688 0.099081 0.200418
0.980899 0.061678 0.184479
0.997998 0.015958 0.061191
0.988656 0.100547 0.111582
0.991499 0.028896 0.126866
0.997490 0.070550 0.006045
0.999543 0.012043 -0.027721
0.999016 -0.042638 -0.012195
0.996364 0.083696 -0.015946
0.999104 -0.012012 -0.040576
0.986147 -0.038428 -0.161361
0.992693 0.013535 -0.119909
0.998804 0.016676 -0.045953
0.991197 -0.131865 -0.011834
0.987519 -0.013651 -0.156907
0.986651 -0.005113 -0.162770
0.954113 -0.269044 0.131467
0.942158 -0.314860 0.114896
0.948328 -0.317032 0.012847
0.993495 -0.109383 -0.031666
0.953690 -0.300295 -0.017300
0.951911 -0.211823 -0.221353
0.927870 -0.371881 0.027609
0.937576 -0.344035 0.050903
0.905463 -0.125306 -0.405507
0.895229 -0.059992 -0.441549
0.969022 -0.215908 -0.119915
0.950792 -0.303694 -0.061348
0.927079 -0.112013 -0.357739
0.953113 -0.152119 -0.261602
0.960669 -0.051152 -0.272944
0.962659 -0.121319 -0.242011
0.932964 -0.282722 -0.222814
0.912520 -0.298797 -0.279333
0.884969 -0.250146 -0.392755
0.864391 -0.379290 -0.330103
0.904921 -0.326417 -0.273075
0.773294 -0.563318 -0.291015
0.860155 -0.426863 -0.279145
0.879152 -0.281177 -0.384749
0.971108 0.238623 -0.002995
0.892751 0.450379 -0.012444
0.894567 0.446932 0.001066
0.972034 0.234838 0.000852
0.914267 0.405085 -0.004598
0.932428 0.361355 0.000100
0.928907 0.370297 0.003509
0.912135 0.409880 -0.002817
0.936933 0.349477 0.004695
0.939685 0.341617 0.017041
0.944941 0.327043 -0.011392
0.935764 0.352465 0.010737
0.946637 0.322106 0.011246
0.954614 0.297646 -0.010881
0.956299 0.290070 -0.036769
0.953746 0.298357 -0.036759
0.961383 0.275094 -0.008070
0.966551 0.256364 0.007481
0.965325 0.257406 -0.043466
0.956873 0.288755 -0.031848
0.972539 0.232582 0.008608
0.977496 0.210879 -0.005560
0.974916 0.219448 -0.037158
0.973320 0.222178 -0.057314
0.980189 0.197854 -0.009079
0.984637 0.174321 -0.010117
0.983546 0.180632 0.002923
0.976667 0.214561 -0.009235
0.984841 0.172384 -0.019273
0.983226 0.182312 -0.005298
0.981668 0.190228 0.011909
0.985269 0.170745 0.009550
0.985115 0.169371 0.029357
0.985253 0.154660 0.073188
0.983518 0.178183 0.030703
0.980994 0.192607 0.023520
0.984044 0.136916 0.113626
0.986363 0.092974 0.135810
0.994380 0.098869 -0.037872
0.988543 0.150915 0.002871
0.987546 0.071631 0.140077
0.987362 -0.008478 0.158256
0.992989 0.058406 -0.102768
0.992919 0.071570 -0.094810
0.973543 -0.025634 0.227063
0.963522 -0.024355 0.266518
0.999559 0.027122 0.012121
0.997661 0.039924 -0.055494
0.955637 0.001671 0.294544
0.933138 0.051080 0.355870
0.998988 0.007497 0.044352
0.998515 0.022181 0.049761
0.947841 -0.056862 0.313632
0.990408 -0.138138 0.003275
0.930979 -0.257638 0.258653
0.980294 -0.172273 0.096673
0.919772 -0.241133 -0.309637
0.877303 -0.291111 -0.381568
0.860814 -0.429898 0.272372
0.916189 -0.224380 0.332042
0.921661 -0.239897 -0.304945
0.851221 -0.460379 -0.251942
0.914937 -0.401864 0.037370
0.935691 -0.342309 0.085476
0.952697 -0.182677 -0.242893
0.935689 -0.213111 -0.281194
0.941562 -0.336427 -0.016694
0.941034 -0.331689 0.066620
0.928169 -0.186826 -0.321867
0.928015 -0.141380 -0.344675
0.879414 -0.163650 -0.447046
0.925487 -0.289506 -0.244252
0.862352 -0.400544 -0.309699
0.847835 -0.394479 -0.354347
0.827527 -0.444592 -0.342837
0.858117 -0.156647 -0.488976
0.792234 -0.306540 -0.527634
0.752503 -0.309159 -0.581515
0.914733 -0.335693 -0.224888
0.849396 -0.432753 -0.302078
0.971056 0.238850 0.000769
0.897165 0.441687 -0.002653
0.903305 0.428990 0.002623
0.970390 0.241543 0.000958
0.912860 0.408159 -0.009662
0.925708 0.378183 -0.006529
0.925048 0.379378 -0.018942
0.915252 0.402683 -0.012660
0.934533 0.355876 0.000497
0.945076 0.324951 0.035190
0.930530 0.366072 -0.010207
0.930997 0.364656 -0.016475
0.948300 0.308749 0.073493
0.947601 0.304852 0.095489
0.946915 0.318177 0.045995
0.938359 0.345348 0.014728
0.955628 0.276442 0.101760
0.967558 0.235885 0.090501
0.969382 0.243758 0.029687
0.962895 0.268157 0.030422
0.974720 0.209986 0.076339
0.976538 0.214470 0.019416
0.979450 0.180259 0.090467
0.976411 0.209157 0.053614
0.976004 0.215571 -0.030757
0.982432 0.183201 -0.035557
0.979581 0.191068 0.062560
0.979916 0.180346 0.085088
0.985865 0.162955 -0.038926
0.979641 0.194505 -0.049719
0.983115 0.161388 0.086250
0.982240 0.164862 0.089584
0.974196 0.220306 -0.049075
0.982117 0.188272 0.000733
0.981216 0.191792 -0.020779
0.980216 0.194067 0.038923
0.991666 0.124670 0.032505
0.997584 0.058718 0.037124
0.993547 0.067595 -0.091080
0.989675 0.126501 -0.067392
0.998861 0.022838 0.041884
0.999876 -0.006595 -0.014282
0.995456 -0.019497 -0.093201
0.994330 0.027198 -0.102803
0.987857 0.002130 -0.155353
0.962290 0.044935 -0.268289
0.998302 -0.037251 -0.044783
0.996618 -0.065509 -0.049609
0.951059 0.058042 -0.303509
0.958473 0.062557 -0.278236
0.980925 0.046413 -0.188767
0.994345 0.024328 -0.103377
0.979767 0.019999 -0.199140
0.994290 -0.106434 -0.007740
0.951171 0.011285 -0.308458
0.959055 0.044532 -0.279696
0.969949 -0.189181 0.152998
0.877316 -0.333499 0.345102
0.987477 -0.152064 -0.042014
0.977971 -0.059181 -0.200177
0.799289 -0.336983 0.497574
0.798331 -0.333189 0.501650
0.887881 -0.325355 0.325288
0.955281 -0.252028 0.154658
0.826596 -0.362782 0.430264
0.846461 -0.415162 0.333383
0.763627 -0.418569 0.491604
0.816863 -0.373601 0.439496
0.811317 -0.434830 0.390753
0.815710 -0.485713 0.314166
0.746926 -0.443332 0.495538
0.783528 -0.405629 0.470690
0.924765 -0.378486 0.039478
0.911863 -0.390274 -0.127243
0.759804 -0.357813 0.542833
0.718477 -0.421467 0.553314
0.934555 -0.345243 -0.086113
0.969480 -0.237629 -0.060338
0.906224 -0.364794 0.213738
0.754621 -0.431272 0.494522
0.968247 0.249969 0.003667
0.897072 0.440935 0.028940
0.887724 0.460371 0.002138
0.966102 0.258162 -0.000221
0.916863 0.396267 0.048325
0.922041 0.383631 0.051648
0.919184 0.392709 0.029674
0.913783 0.405851 0.016894
0.921359 0.381381 0.075136
0.929158 0.361017 0.079576
0.941723 0.336338 -0.005832
0.924254 0.381445 0.015966
0.940230 0.337719 0.043734
0.957382 0.288825 -0.000027
0.952697 0.301750 0.036257
0.946643 0.322249 0.004805
0.971190 0.233729 -0.046476
0.966890 0.241700 -0.081884
0.976208 0.197670 0.089126
0.966233 0.242924 0.085918
0.966249 0.234820 -0.105937
0.971712 0.218322 -0.090060
0.980159 0.197131 -0.020681
0.982759 0.181224 0.036650
0.979430 0.197280 -0.042386
0.980420 0.196879 -0.003939
0.974444 0.208969 -0.082411
0.977631 0.199126 -0.067732
0.980834 0.194593 0.009947
0.983973 0.173311 0.041955
0.974185 0.194700 -0.114260
0.973118 0.213560 -0.086215
0.984225 0.164034 0.066281
0.985795 0.160800 0.048486
0.979363 0.153554 -0.131412
0.975691 0.170597 -0.137563
0.991159 0.118982 0.058707
0.993009 0.072548 0.093109
0.980796 0.080353 -0.177716
0.982292 0.114393 -0.148383
0.989596 0.031449 0.140393
0.983250 -0.007183 0.182119
0.980505 0.047692 -0.190620
0.978103 0.061103 -0.198950
0.975783 -0.028585 0.216863
0.970710 -0.038082 0.237216
0.994850 0.003232 -0.101304
0.987278 0.023879 -0.157202
0.966911 -0.035889 0.252577
0.971901 -0.051200 0.229754
0.999010 -0.043917 -0.007056
0.998483 -0.019073 -0.051648
0.987736 -0.097463 0.121975
0.994473 -0.056455 -0.088522
0.962516 -0.144051 0.229811
0.990286 -0.105342 0.090758
0.965640 -0.027756 -0.258396
0.947705 -0.039476 -0.316696
0.959772 -0.123290 0.252266
0.953127 -0.115159 0.279800
0.962853 -0.068195 -0.261274
0.985958 -0.159116 -0.050695
0.996979 -0.051694 -0.057978
0.984200 -0.121710 0.128599
0.948678 -0.291722 0.122100
0.908719 -0.348968 0.229021
0.926627 -0.230762 -0.296834
0.910252 -0.330191 -0.249829
0.856170 -0.386086 0.343382
0.809588 -0.400966 0.428712
0.945330 -0.324206 -0.035231
0.949793 -0.268212 -0.161109
0.748391 -0.424462 0.509650
0.760814 -0.353285 0.544382
0.904403 -0.376249 0.201225
0.932652 -0.351942 0.079352
0.680107 -0.593213 0.430758
0.742925 -0.545345 0.388150
0.632785 -0.430733 0.643469
0.788052 -0.466306 0.401912
0.967716 0.252043 -0.000817
0.885097 0.465406 -0.000296
0.887563 0.460685 -0.001374
0.966005 0.258516 0.001766
0.907897 0.419189 0.002082
0.925286 0.378824 -0.018403
0.932759 0.359220 -0.030364
0.918472 0.394891 -0.021669
0.932031 0.359456 -0.045933
0.935461 0.350739 -0.043536
0.927544 0.373692 0.004090
0.933751 0.357014 -0.025484
0.933767 0.357374 -0.019026
0.942743 0.332902 0.020303
0.932508 0.360092 0.027612
0.924262 0.380213 0.034322
0.962596 0.265156 0.055688
0.978161 0.196022 0.069111
0.986451 0.163858 -0.008028
0.961809 0.273402 0.013240
0.985190 0.160487 0.060365
0.986805 0.161071 0.016455
0.990834 0.115829 -0.069514
0.993438 0.106133 -0.042616
0.986795 0.158565 -0.033044
0.981690 0.170687 -0.084565
0.982417 0.137045 -0.126790
0.988423 0.123001 -0.088826
0.979137 0.134494 -0.152326
0.967599 0.151359 -0.202094
0.981104 0.139034 -0.134555
0.981859 0.124349 -0.143145
0.965589 0.170751 -0.196170
0.969897 0.147492 -0.193769
0.970783 0.137428 -0.196707
0.969515 0.171722 -0.174795
0.969560 0.093208 -0.226418
0.966181 0.053468 -0.252262
0.982531 0.057300 -0.177060
0.975538 0.048335 -0.214450
0.955883 0.034649 -0.291699
0.949553 0.010902 -0.313417
0.991554 0.119684 0.049965
0.994140 0.081450 -0.071070
0.957648 0.037033 -0.285552
0.968048 0.026980 -0.249308
0.999871 -0.004645 0.015366
0.992707 0.090108 0.080089
0.954577 0.007607 -0.297868
0.947632 -0.002735 -0.319354
0.993296 -0.075192 -0.087798
0.996760 -0.077489 -0.021542
0.948321 -0.034920 -0.315385
0.964201 -0.024154 -0.264070
0.987720 0.026410 -0.153984
0.991861 -0.016740 -0.126218
0.992210 -0.015706 -0.123585
0.986865 -0.143130 -0.074914
0.972767 -0.218408 -0.077600
0.982460 0.079692 -0.168587
0.937811 -0.236517 -0.254108
0.927289 -0.205515 -0.312888
0.923400 -0.288286 -0.253424
0.923121 -0.384470 -0.005573
0.875123 -0.424188 -0.232860
0.903590 -0.276877 -0.326900
0.869960 -0.414997 -0.266361
0.898111 -0.275014 -0.343168
0.902801 -0.129045 -0.410242
0.935792 -0.195742 -0.293220
0.929402 -0.078400 -0.360645
0.911984 -0.180765 -0.368252
0.929058 -0.297446 -0.219947
0.932324 -0.313271 -0.180647
0.935387 -0.218293 -0.278207
0.916162 -0.235430 -0.324376
0.893614 -0.396190 -0.210919
0.887487 -0.377021 -0.264995
0.929822 -0.365025 -0.046770
0.896139 -0.419095 -0.145929
0.967774 0.251760 -0.005493
0.896464 0.441912 -0.032637
0.897318 0.441382 0.001124
0.972910 0.231174 -0.002238
0.911359 0.410572 -0.029248
0.927537 0.373725 0.002436
0.904078 0.421067 0.073116
0.901518 0.431634 0.030935
0.923053 0.382339 0.042296
0.913029 0.401404 0.072478
0.915357 0.393446 0.085570
0.907987 0.406495 0.101598
0.921923 0.379242 0.078953
0.946404 0.319667 0.046191
0.964040 0.265703 -0.005364
0.935333 0.351568 0.039399
0.967580 0.252565 0.000264
0.984538 0.175133 -0.003531
0.982244 0.170036 -0.079269
0.972723 0.225859 -0.052904
0.991688 0.125187 0.029722
0.989160 0.126661 0.074287
0.983476 0.158903 -0.086748
0.984519 0.148163 -0.093648
0.987584 0.119424 0.102056
0.989957 0.096902 0.102934
0.989493 0.143418 0.018311
0.985615 0.158942 -0.057455
0.985262 0.147414 0.086766
0.985631 0.120866 0.117993
0.989651 0.139704 0.032759
0.986306 0.142265 0.083427
0.984580 0.100681 0.143060
0.986943 0.111571 0.116169
0.989868 0.100422 -0.100380
0.994128 0.098459 -0.044898
0.980610 0.117271 0.157011
0.972999 0.144515 0.179969
0.989950 0.111477 -0.087015
0.986095 0.125038 -0.109464
0.985014 0.089959 0.147156
0.991760 0.111943 0.062297
0.996662 0.079715 0.017585
0.992861 0.101265 -0.063025
0.999918 -0.002117 -0.012602
0.997683 -0.042309 -0.053273
0.997261 -0.073499 0.008276
0.998977 -0.018834 0.041107
0.994363 -0.084177 -0.064466
0.998755 -0.049848 0.001962
0.999028 -0.019629 0.039462
0.998241 -0.053609 0.025311
0.999238 -0.012225 0.037080
0.997124 -0.075726 -0.003199
0.994539 -0.083866 -0.062123
0.996970 -0.074542 -0.022239
0.989712 0.029628 -0.139970
0.986754 -0.030803 -0.159275
0.997580 -0.055216 -0.042242
0.998933 -0.043331 0.015996
0.935596 -0.353072 -0.000511
0.851186 -0.521236 0.061606
0.882410 -0.470367 0.010377
0.966109 -0.247422 -0.073596
0.920295 -0.377380 -0.103153
0.881570 -0.426343 -0.202647
0.866692 -0.497167 0.040852
0.899848 -0.429302 0.077285
0.909912 -0.283905 -0.302420
0.911762 -0.027454 -0.409801
0.919231 -0.196620 -0.341109
0.855959 -0.510520 -0.081871
0.917848 -0.189739 -0.348647
0.935107 -0.170727 -0.310526
0.793512 -0.194548 -0.576620
0.850239 -0.127032 -0.510839
0.921809 -0.252023 -0.294537
0.941661 -0.274706 -0.194450
0.666187 -0.204530 -0.717191
0.714713 -0.238848 -0.657371
0.972202 0.234141 0.001082
0.887426 0.460877 0.008201
0.878610 0.476672 0.028787
0.970623 0.240579 0.003609
0.889291 0.456868 0.020795
0.894502 0.444774 0.045184
0.900212 0.434375 0.030603
0.879556 0.472992 0.051582
0.916275 0.398791 0.037498
0.932108 0.362149 0.004728
0.936975 0.349099 0.014441
0.926311 0.376547 0.012658
0.945000 0.326848 -0.012080
0.963471 0.267388 0.015044
0.957798 0.287406 0.004639
0.943332 0.331303 0.019036
0.984808 0.172813 0.017021
0.989327 0.137293 -0.048821
0.988759 0.132400 0.069469
0.985243 0.170057 0.019405
0.987898 0.142735 -0.060693
0.984946 0.165535 -0.049802
0.983666 0.170868 0.056621
0.985908 0.144534 0.084235
0.981346 0.191515 -0.016794
0.982766 0.184614 -0.009444
0.980446 0.123474 -0.153229
0.986357 0.159985 -0.038795
0.990169 0.132511 -0.044797
0.994340 0.050203 -0.093636
0.986963 0.061879 -0.148578
0.977663 0.103261 -0.183064
0.991031 0.061188 -0.118802
0.992695 0.093772 -0.075914
0.972617 0.058932 -0.224820
0.988379 0.060742 -0.139347
0.987582 0.129813 -0.088487
0.986670 0.123778 -0.105645
0.958620 0.122127 -0.257165
0.963868 0.096335 -0.248351
0.986419 0.139023 -0.087466
0.984053 0.165780 -0.064466
0.954695 0.218510 -0.202018
0.957781 0.135479 -0.253577
0.999901 0.011686 0.007799
0.995011 -0.058084 0.081114
0.998403 -0.013745 -0.054797
0.987149 0.110512 -0.115427
0.994160 -0.046205 0.097519
0.997695 -0.043923 0.051731
0.997454 -0.056991 -0.042862
0.997360 -0.057108 -0.044853
0.990115 -0.138336 0.023120
0.996452 -0.083805 -0.007723
0.987436 -0.150815 0.047169
0.993757 -0.108754 0.024886
0.997973 -0.007055 -0.063254
0.992493 -0.104634 -0.063319
0.982697 -0.120045 -0.141050
0.995319 -0.094930 -0.018102
0.965133 -0.252852 -0.067702
0.917040 -0.398022 -0.024809
0.924704 -0.371273 -0.084137
0.969739 -0.201836 -0.137359
0.898392 -0.439194 -0.000800
0.829080 -0.554080 -0.074974
0.797727 -0.600332 -0.056853
0.889239 -0.452792 -0.065073
0.812984 -0.575518 -0.088516
0.901516 -0.418520 -0.110047
0.926886 -0.362218 0.098390
0.841679 -0.538211 -0.043646
0.922578 -0.304410 -0.237033
0.903778 -0.294464 -0.310605
0.930068 -0.269557 0.249625
0.934133 -0.295631 0.199992
0.902870 -0.304220 -0.303768
0.921082 -0.296665 -0.252187
0.847370 -0.053132 0.528337
0.920552 -0.201104 0.334875
0.967172 0.254113 0.002386
0.870770 0.491577 0.010565
0.880180 0.473301 -0.035626
0.968384 0.249422 -0.004499
0.887262 0.461265 -0.000900
0.911300 0.410796 -0.027916
0.921505 0.384121 -0.057265
0.890922 0.451619 -0.047941
0.919205 0.392998 -0.024809
0.930641 0.365617 0.015230
0.915000 0.400780 -0.046371
0.906118 0.417775 -0.066438
0.953371 0.301438 0.014799
0.966463 0.251036 -0.054125
0.972604 0.224299 0.061090
0.945267 0.326297 -0.000314
0.977132 0.189979 -0.095503
0.983048 0.146571 -0.110148
0.994396 0.103655 -0.020771
0.990015 0.134247 0.042987
0.983750 0.108209 -0.143275
0.976407 0.090765 -0.195936
0.994751 0.100254 -0.020488
0.992877 0.110848 -0.043674
0.971656 0.064017 -0.227568
0.965003 0.075045 -0.251270
0.998193 0.058621 -0.013173
0.998882 0.043903 -0.017540
0.948119 0.092842 -0.304056
0.934614 0.056527 -0.351144
0.995871 0.047008 0.077667
0.995694 0.084686 0.037715
0.933469 0.027159 -0.357627
0.949154 0.048898 -0.310993
0.993776 0.040156 -0.103904
0.999927 -0.002779 0.011746
0.955289 0.111231 -0.273954
0.961375 0.161157 -0.223130
0.974052 0.211898 -0.079516
0.978198 0.157254 -0.135647
0.968756 0.206605 -0.137205
0.959885 0.251039 -0.124902
0.961616 0.217300 -0.167558
0.972250 0.204779 -0.113122
0.977759 0.173004 -0.118563
0.997804 0.035030 -0.056213
0.982228 0.128139 -0.137143
0.958614 0.186767 -0.214888
0.997315 -0.066996 -0.029570
0.996714 -0.056666 -0.057882
0.987629 -0.059239 -0.145191
0.987737 -0.116843 -0.103556
0.997205 -0.048255 -0.057036
0.993384 -0.114803 -0.002975
0.970962 -0.150735 -0.185775
0.991563 -0.013410 -0.128930
0.986355 -0.164609 -0.002893
0.971697 -0.230338 -0.052440
0.963093 -0.222499 -0.151479
0.956206 -0.150862 -0.250820
0.973445 -0.194766 -0.120294
0.937376 -0.320040 -0.137482
0.951782 -0.241653 -0.188983
0.933159 -0.300572 -0.197158
0.891980 -0.448981 -0.052805
0.820040 -0.571580 -0.028825
0.890773 -0.443931 0.097207
0.929157 -0.355550 -0.101249
0.916951 -0.371352 0.145936
0.934111 -0.088239 0.345906
0.924854 0.045303 0.377615
0.947822 -0.137098 0.287815
0.821050 -0.269999 0.502969
0.840837 -0.152914 0.519241
0.560182 0.312136 0.767311
0.837901 -0.139409 0.527719
0.657472 0.160306 0.736229
0.358925 0.317529 0.877695
0.183032 0.415615 0.890934
0.264570 0.519564 0.812438
0.949077 0.310865 0.051140
0.943014 0.305915 0.130922
0.913198 0.407182 0.016505
0.979518 0.200673 0.016584
0.968078 0.243424 0.059740
0.951934 0.226159 0.206577
0.932151 0.247888 0.263905
0.949379 0.237958 0.205076
0.972250 0.228361 0.050816
0.966900 0.221586 0.126506
0.931348 0.195725 0.307055
0.960325 0.228762 0.159513
0.972144 0.094138 0.214649
0.951649 0.142697 0.272032
0.929585 0.163876 0.330176
0.972225 0.153883 0.176349
0.929773 0.122506 0.347153
0.903619 0.151409 0.400684
0.882873 0.168474 0.438352
0.927880 0.135087 0.347550
0.935977 0.310755 0.165462
0.870135 0.259651 0.418863
0.796151 0.224221 0.562022
0.878196 0.210013 0.429729
0.959334 0.282255 -0.003285
0.842316 0.279855 0.460635
0.784603 0.259616 0.563025
0.862246 0.274705 0.425521
0.934914 0.278625 0.219783
0.879538 0.259069 0.399120
0.941091 0.214551 0.261371
0.834085 0.275758 0.477765
0.935664 0.208233 0.284905
0.976703 0.148843 0.154586
0.987395 0.156169 0.025752
0.949634 0.197770 0.243068
0.969804 0.124605 0.209654
0.968739 0.154805 0.193856
0.982401 0.170660 0.075914
0.979108 0.132762 0.154017
0.949863 0.102399 0.295424
0.970473 0.105880 0.216728
0.988644 0.128383 0.078111
0.970232 0.126238 0.206674
0.941723 -0.141594 0.305137
0.916452 -0.058576 0.395835
0.973823 0.011039 0.227038
0.962508 -0.005098 0.271207
0.926322 -0.032080 0.375364
0.946799 -0.034365 0.319987
0.944708 -0.071638 0.319993
0.925101 -0.041902 0.377401
0.976439 -0.021691 0.214702
0.974389 -0.049499 0.219352
0.962240 -0.054506 0.266688
0.967953 -0.039426 0.248018
0.981344 -0.066686 0.180324
0.981649 -0.112784 0.153770
0.978073 -0.067731 0.196942
0.985697 -0.041247 0.163402
0.954020 -0.176647 0.242160
0.967335 -0.124152 0.221019
0.975701 -0.105396 0.192092
0.975399 -0.170287 0.139998
0.888488 -0.450700 0.086365
0.863775 -0.503180 0.026521
0.783729 -0.501727 0.366112
0.865198 -0.486445 0.121666
0.859741 -0.421578 -0.288302
0.859481 -0.509074 0.046217
0.716856 -0.491021 0.494991
0.866828 -0.498474 0.011504
0.833334 -0.458861 -0.308224
0.834810 -0.502950 0.223906
0.664407 -0.442243 0.602482
0.850180 -0.505006 0.148872
0.896918 -0.391464 -0.205655
0.890928 -0.440809 0.109244
0.643772 -0.565741 0.515262
0.834175 -0.505471 0.220570
0.914679 0.404130 -0.006413
0.921047 0.389422 0.004696
0.912549 0.408793 0.011946
0.977072 0.212891 0.002647
0.926033 0.376671 0.024115
0.920958 0.389507 -0.011002
0.916532 0.399947 -0.003400
0.912731 0.407758 -0.025613
0.929096 0.253130 0.269639
0.944365 0.289427 0.156230
0.937238 0.348536 0.010362
0.938057 0.339957 0.066917
0.897238 0.205066 0.391039
0.939877 0.234003 0.248745
0.957691 0.267344 0.106557
0.942379 0.257652 0.213393
0.868263 0.208589 0.450122
0.947909 0.218544 0.231748
0.970589 0.213642 0.110965
0.941945 0.220308 0.253385
0.896421 0.221225 0.384043
0.970179 0.198132 0.139628
0.978808 0.192306 0.070374
0.958132 0.211801 0.192673
0.958874 0.193649 0.207512
0.984729 0.149722 0.088835
0.983918 0.166789 0.063931
0.975631 0.190197 0.109405
0.982402 0.112407 0.149171
0.983845 0.121049 0.131897
0.978861 0.152112 0.136721
0.986773 0.131820 0.094351
0.979717 0.152565 0.129917
0.960936 0.169893 0.218491
0.957818 0.167340 0.233627
0.972970 0.145417 0.179398
0.974596 0.156663 0.160061
0.994047 0.063696 0.088389
0.994129 0.073393 0.079505
0.969387 0.161189 0.185219
0.991703 0.128375 0.006785
0.990398 0.130044 0.046915
0.989101 0.111105 0.096615
0.994827 0.084723 0.056052
0.991854 0.127252 0.005668
0.992154 0.125019 0.000922
0.993033 0.117124 0.012918
0.991596 0.126991 0.024697
0.986517 -0.012875 0.163153
0.996961 -0.003759 0.077813
0.999480 0.032023 0.003751
0.998130 0.049312 0.036112
0.963851 -0.075885 0.255405
0.980795 -0.081534 0.177183
0.998916 -0.025597 0.038882
0.990967 -0.035779 0.129246
0.969704 -0.129660 0.207030
0.983943 -0.177169 0.021598
0.948726 -0.199462 -0.245223
0.981294 -0.151743 0.118474
0.981354 -0.153443 0.115755
0.980755 -0.182656 -0.068971
0.922272 -0.149460 -0.356477
0.981641 -0.189362 -0.022887
0.953040 -0.291086 0.083569
0.971164 -0.237363 -0.022332
0.980254 -0.129993 -0.149013
0.965501 -0.211943 -0.151288
0.757251 -0.413265 0.505750
0.874783 -0.364990 0.318648
0.961576 -0.273042 0.028642
0.935355 -0.320731 0.149137
0.651527 -0.394982 0.647690
0.736444 -0.403480 0.543005
0.892939 -0.349936 0.283203
0.809799 -0.379870 0.447130
0.549242 -0.698358 0.458943
0.396114 -0.346612 0.850267
0.489718 -0.401738 0.773811
0.466485 -0.664748 0.583525
0.898776 0.437872 0.021662
0.903428 0.427245 0.035780
0.885278 0.465057 0.002307
0.969790 0.243894 0.004770
0.922296 0.382297 0.056733
0.925023 0.375460 0.057980
0.924124 0.380342 0.036524
0.920450 0.386217 0.060067
0.935437 0.352908 0.020347
0.941243 0.337574 0.010239
0.943174 0.331863 0.017044
0.936511 0.348642 0.037349
0.953484 0.299337 0.035580
0.955109 0.294478 0.032400
0.946508 0.322486 0.011216
0.943955 0.330012 0.006411
0.970131 0.218814 0.104721
0.970537 0.226725 0.081577
0.968026 0.248548 0.033908
0.966337 0.251615 0.053690
0.967543 0.200975 0.153200
0.971819 0.201370 0.122551
0.972988 0.219569 0.071292
0.970946 0.217244 0.100347
0.973970 0.163462 0.157044
0.968824 0.166400 0.183553
0.977171 0.179459 0.113719
0.971158 0.172015 0.165113
0.968631 0.191213 0.158716
0.969683 0.187091 0.157200
0.976871 0.179889 0.115596
0.968288 0.178947 0.174344
0.986788 0.112172 0.116905
0.990125 0.089383 0.108001
0.989423 0.097395 0.107499
0.984304 0.125732 0.123840
0.985007 0.101950 0.139163
0.979800 0.115609 0.163175
0.981177 0.127484 0.145047
0.983159 0.122766 0.135379
0.976342 0.083719 0.199366
0.986470 0.043749 0.158000
0.993300 0.065275 0.095363
0.979180 0.103475 0.174640
0.997396 0.029320 0.065888
0.999371 0.034094 0.009765
0.998395 -0.052800 -0.020497
0.995725 -0.015473 0.091062
0.999439 0.020262 -0.026663
0.990553 -0.026203 -0.134606
0.987341 -0.041150 -0.153181
0.997054 0.060322 -0.047384
0.998984 -0.002508 -0.045003
0.985760 -0.061230 -0.156616
0.985861 -0.004728 -0.167498
0.985460 0.007690 -0.169732
0.943022 -0.300161 0.143575
0.928660 -0.327470 0.174225
0.970594 -0.240695 0.003690
0.979045 -0.196269 0.054299
0.956865 -0.266834 -0.114928
0.943530 -0.311405 0.113041
0.932133 -0.356393 0.064126
0.919416 -0.351267 0.176877
0.892340 -0.085713 -0.443150
0.945286 -0.118463 -0.303975
0.954117 -0.288242 -0.081098
0.966987 -0.247272 -0.061580
0.937319 -0.147507 -0.315714
0.946054 -0.078887 -0.314258
0.956514 -0.105033 -0.272120
0.922001 -0.080976 -0.378625
0.918801 -0.299824 -0.256728
0.896572 -0.281329 -0.342072
0.868725 -0.318299 -0.379478
0.888692 -0.320392 -0.327988
0.837555 -0.477366 -0.265752
0.827107 -0.543851 -0.141845
0.862789 -0.350321 -0.364513
0.902253 -0.295993 -0.313574
0.888769 0.458262 -0.009238
0.893331 0.449356 -0.006270
0.891593 0.452832 0.001949
0.972004 0.234963 -0.000935
0.925036 0.379878 -0.001057
0.931252 0.364364 0.003035
0.921573 0.388202 -0.001346
0.912650 0.408666 -0.007883
0.938182 0.345958 0.011307
0.940659 0.339318 0.004921
0.939849 0.341573 0.003434
0.935636 0.352791 0.011094
0.950942 0.309367 -0.000928
0.955351 0.291288 -0.049556
0.956150 0.290251 -0.039127
0.950755 0.309030 -0.023781
0.964188 0.265219 0.000512
0.965069 0.260642 -0.026611
0.960308 0.276690 -0.035381
0.957780 0.284121 -0.043952
0.975527 0.219872 0.001645
0.976804 0.209719 -0.043259
0.975058 0.215918 -0.051391
0.973493 0.226066 -0.034720
0.982531 0.185946 -0.007477
0.984618 0.174607 -0.006290
0.979961 0.199175 -0.002484
0.978439 0.204924 -0.025762
0.984094 0.176967 -0.015577
0.982009 0.188759 -0.005349
0.983917 0.178355 0.009845
0.985167 0.171578 -0.002584
0.986680 0.154606 0.050602
0.984246 0.174366 0.029262
0.982785 0.182140 0.030949
0.982840 0.184418 0.003898
0.985675 0.112786 0.125393
0.991206 0.105736 0.079559
0.992084 0.124832 -0.013649
0.987019 0.150891 0.054997
0.989708 0.034180 0.138963
0.988714 0.028427 0.147096
0.992098 0.064987 -0.107321
0.992408 0.073666 0.098489
0.967331 -0.031163 0.251596
0.962109 -0.006176 0.272595
0.999249 0.032013 -0.021831
0.976378 0.004511 0.216021
0.945600 0.019322 0.324759
0.966235 0.037762 0.254880
0.998566 0.018571 0.050201
0.953220 0.014821 0.301915
0.974972 -0.139886 0.172805
0.964732 -0.237190 -0.114160
0.942443 -0.276149 0.188530
0.982224 -0.160902 0.096677
0.869045 -0.320393 -0.376972
0.929754 -0.348740 -0.118058
0.880047 -0.336086 0.335504
0.948580 -0.277224 -0.152784
0.903588 -0.339656 -0.261080
0.859970 -0.438631 -0.260874
0.931659 -0.362900 0.017758
0.937364 -0.241649 -0.250907
0.941711 -0.215848 -0.258052
0.848965 -0.224360 -0.478457
0.946534 -0.320540 0.036441
0.918657 -0.232772 -0.319196
0.929818 -0.163411 -0.329749
0.821515 -0.102675 -0.560866
0.906417 -0.231650 -0.353195
0.815436 -0.166339 -0.554432
0.841106 -0.460296 -0.284023
0.844439 -0.467626 -0.261245
0.851295 -0.321346 -0.414769
0.866588 -0.281122 -0.412305
0.770534 -0.300570 -0.562081
0.834773 -0.341895 -0.431581
0.890140 -0.363745 -0.274480
0.835012 -0.392956 -0.385149
0.891037 0.453930 0.000924
0.900538 0.434743 -0.005428
0.891597 0.452820 0.003050
0.970746 0.240108 0.000635
0.920250 0.391228 -0.008968
0.924892 0.379705 -0.019981
0.920069 0.391374 -0.017323
0.913261 0.406915 -0.019372
0.940255 0.340201 0.013525
0.936548 0.350097 0.017622
0.929587 0.368342 -0.013850
0.932326 0.361137 -0.018637
0.948158 0.306122 0.085361
0.944794 0.312565 0.098327
0.940511 0.337954 0.035010
0.943307 0.325079 0.067052
0.962508 0.253867 0.095546
0.966467 0.236800 0.099338
0.966928 0.253695 0.026228
0.957208 0.272530 0.097364
0.976927 0.207222 0.051708
0.979372 0.185762 0.079519
0.978979 0.190089 0.073931
0.974375 0.199352 0.104176
0.978531 0.202777 -0.036848
0.982106 0.187310 0.019560
0.979647 0.188583 0.068763
0.979389 0.199427 0.032037
0.983585 0.175105 -0.043582
0.983593 0.180260 0.007147
0.982757 0.158627 0.095009
0.986754 0.159681 0.028616
0.976907 0.211881 -0.027570
0.977840 0.203385 -0.049634
0.978871 0.204325 0.007972
0.975172 0.218634 -0.035180
0.995284 0.090875 0.033921
0.997529 0.066669 -0.022159
0.992247 0.093707 -0.081644
0.990694 0.130869 -0.037411
0.999692 0.004050 0.024479
0.999484 -0.029338 0.013108
0.994756 0.005802 -0.102107
0.999697 0.023909 -0.005816
0.974304 0.027442 -0.223557
0.992601 -0.000491 -0.121421
0.997645 -0.057962 -0.036678
0.998132 -0.058186 -0.018641
0.952720 0.063385 -0.297166
0.976735 0.072526 -0.201811
0.988602 0.044040 -0.143965
0.980573 0.050662 -0.189500
0.992930 -0.041347 -0.111268
0.989794 -0.029204 -0.139478
0.949724 0.033802 -0.311257
0.977693 0.059946 -0.201304
0.936147 -0.263017 0.233347
0.959151 -0.238388 0.152319
0.986489 -0.105084 -0.125683
0.991552 -0.129276 -0.010629
0.792533 -0.330637 0.512417
0.852331 -0.357874 0.381389
0.923843 -0.291708 0.247832
0.893754 -0.318201 0.316151
0.850640 -0.368557 0.374936
0.840051 -0.435371 0.323676
0.784856 -0.398953 0.474171
0.836492 -0.398711 0.375912
0.792393 -0.474458 0.383409
0.773648 -0.505547 0.381958
0.775955 -0.424614 0.466473
0.849967 -0.425441 0.310734
0.926572 -0.365822 -0.087404
0.856205 -0.386743 0.342554
0.735370 -0.406769 0.542005
0.800501 -0.439175 0.407829
0.961246 -0.264343 -0.078288
0.966335 -0.255434 0.030819
0.800650 -0.471880 0.369174
0.889830 -0.375072 0.259851
0.883168 0.468840 0.014258
0.891219 0.453041 0.021964
0.874631 0.484790 -0.000136
0.966710 0.255863 0.002635
0.920608 0.387420 0.048843
0.919751 0.389521 0.048283
0.918396 0.394826 0.025716
0.916046 0.399184 0.038885
0.924545 0.372072 0.082343
0.936514 0.348885 0.034926
0.933105 0.359582 0.004000
0.920511 0.386761 0.055453
0.945570 0.324788 0.020258
0.958071 0.286514 -0.002952
0.947221 0.319946 0.020155
0.947305 0.320324 -0.002292
0.969022 0.238112 -0.065570
0.975347 0.220174 0.014860
0.970464 0.221050 0.096627
0.973054 0.228365 0.031849
0.968440 0.226905 -0.103139
0.969511 0.217640 -0.112610
0.981851 0.189548 0.006283
0.974858 0.215603 -0.056287
0.980997 0.193197 -0.017911
0.970687 0.203340 -0.128137
0.976013 0.202141 -0.080854
0.968857 0.209254 -0.132396
0.982805 0.183081 0.023991
0.979455 0.193317 -0.057414
0.972573 0.210805 -0.098300
0.972382 0.209070 -0.103743
0.984708 0.163609 0.059846
0.987407 0.155194 -0.030705
0.976651 0.166899 -0.135266
0.984956 0.168712 -0.037402
0.992800 0.093796 0.074503
0.995233 0.086410 -0.045225
0.982063 0.094680 -0.163060
0.991193 0.124665 -0.044658
0.986644 0.010829 0.162531
0.998922 0.022890 0.040393
0.978561 0.055169 -0.198430
0.998284 0.053908 -0.022866
0.972919 -0.035549 0.228398
0.984094 -0.022545 0.176215
0.991264 0.012763 -0.131276
0.993053 -0.004275 0.117588
0.968106 -0.038866 0.247507
0.974323 -0.060046 0.217000
0.999009 -0.031428 -0.031510
0.978255 -0.031766 0.204960
0.995940 -0.088108 0.018455
0.974657 -0.138504 0.175673
0.976954 -0.132858 0.167063
0.961962 -0.141313 0.233793
0.952830 -0.035674 -0.301400
0.993680 -0.076437 -0.082202
0.954739 -0.110267 0.276251
0.995123 -0.090894 0.038325
0.979924 -0.101052 -0.171866
0.984474 -0.051086 -0.167932
0.995246 -0.090560 0.035850
0.978400 -0.056778 -0.198773
0.930379 -0.322940 0.173508
0.953620 -0.297235 -0.047543
0.908777 -0.280767 -0.308699
0.956264 -0.279904 -0.084924
0.830296 -0.398925 0.389188
0.895192 -0.374666 0.241364
0.949237 -0.299885 -0.094963
0.934095 -0.343445 0.097535
0.726500 -0.420273 0.543661
0.798403 -0.377346 0.469214
0.920154 -0.365788 0.139699
0.845858 -0.393209 0.360432
0.701482 -0.587194 0.403890
0.573535 -0.477081 0.665922
0.706044 -0.460920 0.537637
0.626895 -0.539762 0.561836
0.877407 0.479743 -0.001776
0.884729 0.465963 0.011563
0.874210 0.485535 0.003499
0.967172 0.254105 0.003027
0.918387 0.395648 -0.005261
0.929518 0.365620 -0.048138
0.928144 0.371221 -0.027262
0.912971 0.407832 -0.012549
0.934495 0.352495 -0.049661
0.931389 0.359771 -0.055484
0.931089 0.364543 -0.013469
0.933254 0.353712 -0.062645
0.935889 0.352293 -0.001195
0.935178 0.354130 0.005867
0.925231 0.377779 0.035097
0.928165 0.370737 -0.032628
0.971261 0.229245 0.064028
0.982544 0.185147 0.018111
0.974770 0.223144 0.005498
0.961412 0.272901 0.034824
0.986296 0.159702 0.041423
0.982557 0.134540 -0.128380
0.992463 0.108305 -0.057340
0.989130 0.134283 -0.059924
0.984313 0.166493 -0.058370
0.967846 0.152211 -0.200265
0.986053 0.130418 -0.103399
0.975342 0.135545 -0.174170
0.973087 0.137548 -0.184887
0.968070 0.145340 -0.204245
0.982793 0.127835 -0.133330
0.972316 0.116476 -0.202571
0.966556 0.172457 -0.189809
0.972658 0.141434 -0.184209
0.964031 0.187045 -0.188834
0.962778 0.178365 -0.203085
0.968809 0.071974 -0.237126
0.958940 0.037938 -0.281059
0.976880 0.051930 -0.207386
0.969633 0.068557 -0.234760
0.951570 0.021158 -0.306704
0.984161 0.052604 -0.169290
0.994851 0.100940 -0.009111
0.962087 0.037911 -0.270096
0.964957 0.041202 -0.259155
0.999826 0.015606 0.010237
0.997483 0.051495 0.048738
0.996750 0.077096 -0.023348
0.949299 -0.002500 -0.314365
0.981738 -0.030246 -0.187820
0.994805 -0.087732 -0.051625
0.996772 -0.035774 -0.071870
0.951920 -0.044879 -0.303041
0.986805 0.023751 -0.160162
0.991172 -0.003171 -0.132548
0.973840 -0.024100 -0.225953
0.997604 -0.017017 -0.067064
0.970996 -0.214242 -0.106148
0.990679 0.009051 -0.135919
0.996784 0.040834 -0.068951
0.930515 -0.208146 -0.301360
0.895626 -0.196557 -0.399022
0.920420 -0.376354 -0.105761
0.909091 -0.308454 -0.280017
0.893558 -0.372049 -0.251262
0.897547 -0.366795 -0.244684
0.884336 -0.371136 -0.283210
0.896372 -0.362695 -0.254892
0.921608 -0.143794 -0.360502
0.930821 -0.129802 -0.341648
0.924014 -0.040737 -0.380183
0.904584 -0.133634 -0.404808
0.928520 -0.312897 -0.199863
0.944783 -0.280416 -0.169562
0.923134 -0.222341 -0.313669
0.923772 -0.262743 -0.278587
0.889861 -0.380853 -0.251194
0.900300 -0.385273 -0.202543
0.889822 -0.445056 -0.100705
0.892069 -0.433890 -0.126300
0.883170 0.468657 -0.019272
0.898919 0.436880 -0.032866
0.895440 0.445158 -0.004534
0.970769 0.239908 -0.007238
0.920962 0.389352 -0.015313
0.917582 0.397215 0.016231
0.903435 0.425708 0.050777
0.907235 0.419867 -0.025224
0.916681 0.395077 0.060093
0.911441 0.403553 0.080124
0.910356 0.401837 0.098889
0.914593 0.398501 0.068670
0.933640 0.351749 0.067747
0.956452 0.291700 0.010480
0.950448 0.310482 0.015806
0.926991 0.370104 0.060919
0.976610 0.214904 -0.007083
0.983252 0.176506 -0.045389
0.975296 0.209586 -0.069794
0.969663 0.241366 -0.038675
0.991191 0.120828 0.054223
0.989396 0.145145 -0.005346
0.982711 0.159853 -0.093413
0.988427 0.144017 -0.047654
0.988838 0.102704 0.107937
0.990646 0.104977 0.087181
0.987416 0.155972 -0.026124
0.990201 0.136368 0.030111
0.984107 0.149736 0.095459
0.982162 0.149230 0.114403
0.986290 0.148520 0.071926
0.984618 0.143237 0.100050
0.985329 0.114384 0.126663
0.977362 0.109761 0.180875
0.992776 0.093496 -0.075191
0.980385 0.103187 0.167923
0.976015 0.131213 0.173719
0.984057 0.127504 0.123993
0.987144 0.127392 -0.096533
0.978144 0.123596 0.167206
0.989338 0.099424 0.106417
0.993988 0.077966 0.076875
0.994787 0.099620 -0.021769
0.993125 0.078580 0.086758
0.999186 -0.003843 -0.040150
0.997995 -0.056675 0.028176
0.998435 -0.048502 0.027843
0.998019 -0.019450 0.059829
0.997327 -0.063750 -0.035710
0.997034 -0.027360 0.071938
0.999365 -0.003312 0.035488
0.997400 -0.069049 0.020607
0.998527 -0.044612 0.030874
0.994867 -0.100680 0.010203
0.994711 -0.079932 -0.064501
0.998703 -0.028155 0.042427
0.982174 0.055142 -0.179707
0.990015 -0.018004 -0.139809
0.998866 -0.047561 0.001873
0.999147 -0.027701 -0.030638
0.872141 -0.485548 0.060107
0.853702 -0.515414 0.074445
0.917996 -0.394116 -0.044237
0.956879 -0.285024 -0.056071
0.908596 -0.382901 -0.166857
0.883953 -0.466116 0.036915
0.903274 -0.424996 0.058949
0.904707 -0.417590 0.084399
0.921405 -0.108510 -0.373148
0.910937 -0.074692 -0.405727
0.907793 -0.364127 -0.208145
0.901563 -0.395031 -0.176448
0.923585 -0.218540 -0.315009
0.891964 -0.183434 -0.413223
0.818594 -0.179502 -0.545604
0.895064 -0.136414 -0.424560
0.927345 -0.294713 -0.230596
0.803324 -0.231127 -0.548863
0.685230 -0.226660 -0.692159
0.830235 -0.218083 -0.512981
0.889903 0.456131 0.004192
0.884583 0.466252 0.011060
0.883263 0.468673 0.013876
0.971705 0.236198 0.000939
0.890466 0.453809 0.033583
0.894283 0.445626 0.040942
0.886919 0.459615 0.046131
0.883603 0.467123 0.032293
0.925255 0.378792 0.020515
0.935940 0.352003 -0.010524
0.932356 0.361289 0.013540
0.923389 0.383672 0.012194
0.951802 0.306707 -0.002117
0.958993 0.283341 0.007081
0.946373 0.322793 0.013531
0.943844 0.329981 -0.016460
0.988340 0.151403 -0.016139
0.992143 0.124728 0.009783
0.989785 0.134952 0.045971
0.986954 0.159464 0.022208
0.986230 0.155279 -0.056912
0.983750 0.177462 0.027243
0.985159 0.153667 0.076473
0.989215 0.145591 0.016041
0.981445 0.191652 -0.005938
0.986842 0.161526 -0.007194
0.985118 0.137407 -0.103255
0.979736 0.196103 0.040754
0.994320 0.081172 -0.068839
0.996612 0.044497 -0.069178
0.981979 0.082153 -0.170200
0.991257 0.111122 -0.071142
0.991988 0.079017 -0.098568
0.993930 0.091912 -0.060454
0.982120 0.060294 -0.178338
0.996289 0.070977 -0.048697
0.983576 0.148243 -0.102966
0.982417 0.126854 -0.136986
0.961250 0.116044 -0.250065
0.988593 0.108192 -0.104777
0.982117 0.170816 -0.079167
0.973845 0.187755 -0.127962
0.954952 0.180361 -0.235663
0.981845 0.137794 -0.130362
0.997844 -0.043326 0.049290
0.998713 -0.033476 0.038101
0.996230 0.037064 -0.078435
0.997019 0.061807 -0.046182
0.996514 -0.028963 0.078240
0.997414 -0.061229 0.037631
0.997172 -0.057139 -0.048810
0.996944 -0.053982 0.056473
0.991570 -0.128460 0.016946
0.991759 -0.125830 0.024122
0.989242 -0.139206 0.044962
0.990078 -0.131518 0.049482
0.996688 -0.050950 -0.063382
0.984825 -0.102029 -0.140388
0.990584 -0.108698 -0.083233
0.995166 -0.037259 -0.090865
0.940052 -0.337479 -0.049101
0.922623 -0.382149 -0.052242
0.948524 -0.298922 -0.104635
0.968001 -0.233790 -0.091194
0.868820 -0.494261 -0.029284
0.805262 -0.586588 -0.086422
0.839748 -0.539740 -0.059190
0.891971 -0.450183 -0.041509
0.858393 -0.506578 -0.080867
0.903674 -0.425048 -0.052034
0.893922 -0.448097 0.010615
0.824858 -0.556821 -0.097769
0.912177 -0.294528 -0.284933
0.952326 -0.303804 0.027920
0.932161 -0.283646 0.224993
0.944424 -0.328703 0.004261
0.910396 -0.303269 -0.281439
0.955625 -0.218862 0.197182
0.897658 -0.134552 0.419651
0.957888 -0.278679 0.069200
0.872152 0.489182 0.007254
0.873560 0.486324 -0.019570
0.879874 0.474870 -0.017900
0.966986 0.254824 -0.001855
0.901066 0.433426 -0.014884
0.915731 0.397135 -0.060999
0.910033 0.411614 -0.049133
0.890816 0.452872 -0.036798
0.923816 0.382797 -0.005515
0.922892 0.384607 -0.018658
0.906851 0.417339 -0.058725
0.911050 0.407798 -0.060742
0.961501 0.274233 -0.017644
0.973506 0.226305 0.032735
0.961476 0.272585 0.035517
0.953589 0.299524 0.030869
0.981282 0.161565 -0.104798
0.986315 0.132413 -0.098229
0.994923 0.099848 0.012616
0.985739 0.166630 -0.023530
0.979985 0.101089 -0.171493
0.992844 0.087653 -0.081104
0.993423 0.109777 -0.032543
0.989286 0.099431 -0.106895
0.969300 0.065050 -0.237119
0.990817 0.058532 -0.121882
0.999050 0.038044 -0.021277
0.995464 0.054654 -0.077873
0.940170 0.080761 -0.330996
0.982620 0.048048 -0.179305
0.994902 0.076463 0.065744
0.985213 0.073858 -0.154595
0.940389 0.027723 -0.338968
0.973562 0.066613 -0.218496
0.998874 0.010740 -0.046209
0.978440 0.029347 -0.204434
0.957142 0.132718 -0.257420
0.969812 0.197812 -0.142601
0.975874 0.194078 -0.100020
0.971766 0.129404 -0.197296
0.964946 0.231714 -0.123242
0.961099 0.241396 -0.134223
0.967799 0.210925 -0.137391
0.968926 0.217630 -0.117553
0.990366 0.103960 -0.091471
0.992760 0.075198 -0.093668
0.963609 0.187765 -0.190269
0.969819 0.184704 -0.159173
0.995809 -0.081325 -0.041849
0.990508 -0.060748 -0.123300
0.983197 -0.127615 -0.130530
0.992659 -0.086727 -0.084303
0.996067 -0.083028 -0.030926
0.990938 -0.109303 -0.078070
0.988193 -0.069644 -0.136472
0.995585 -0.028890 -0.089306
0.977581 -0.208996 -0.025628
0.966583 -0.242526 -0.083055
0.964527 -0.169867 -0.202070
0.979759 -0.172795 -0.101066
0.949410 -0.277501 -0.147018
0.941086 -0.280416 -0.189006
0.931636 -0.293646 -0.214070
0.956283 -0.245066 -0.159581
0.831602 -0.553325 -0.047635
0.851290 -0.523036 0.041703
0.881964 -0.471254 -0.007724
0.905972 -0.417325 -0.071096
0.953220 -0.177218 0.244878
0.943669 0.000583 0.330890
0.936032 -0.022286 0.351209
0.942630 -0.250543 0.220631
0.828367 -0.271663 0.489906
0.743015 0.041794 0.667968
0.736754 0.037987 0.675093
0.850865 -0.261819 0.455500
0.494630 0.264046 0.828022
0.147175 0.387838 0.909902
0.213578 0.469647 0.856631
0.347309 0.396011 0.850031
0.987615 0.156772 0.006294
0.962602 0.270533 0.014437
0.964790 0.251275 0.077726
0.938077 0.318007 0.137415
0.913358 0.406947 -0.013084
0.976571 0.215155 -0.004183
1.000000 0.001027 -0.000004
0.999999 0.001100 -0.000106
0.968098 0.250569 -0.001534
0.966929 0.254987 -0.005467
0.966890 0.252126 0.039455
0.925989 0.207464 0.315441
0.935563 0.276928 0.219162
0.933563 0.349578 0.079087
0.968908 0.246625 0.019856
0.979961 0.173232 0.098319
0.978287 0.155339 0.137204
0.935995 0.200082 0.289621
0.895451 0.198726 0.398340
0.919626 0.215908 0.328134
0.983941 0.095303 0.150921
0.977316 0.080387 0.195938
0.948792 0.104012 0.298287
0.915124 0.169114 0.365989
0.860382 0.164517 0.482367
0.874562 0.188363 0.446835
0.956145 0.100690 0.275041
0.940365 0.161834 0.299205
0.926284 0.202039 0.318084
0.831589 0.189971 0.521892
0.812724 0.198146 0.547921
0.837151 0.181747 0.515894
0.935556 0.315694 0.158342
0.932102 0.345495 -0.108717
0.952579 0.303380 0.023547
0.774873 0.249010 0.581005
0.817557 0.240640 0.523157
0.805716 0.212122 0.553015
0.931648 0.285455 -0.224828
0.945299 0.238268 -0.222794
0.962610 0.261212 0.071764
0.845968 0.242802 0.474748
0.922295 0.219297 0.318245
0.862154 0.241776 0.445235
0.970865 0.221992 -0.090227
0.961240 0.254984 0.104887
0.911231 0.261239 0.318454
0.983852 0.163129 0.073647
0.988913 0.132440 0.067160
0.975292 0.146322 0.165515
0.932727 0.252278 0.257634
0.945821 0.197185 0.257957
0.967202 0.141592 0.210883
0.989272 0.140479 0.040080
0.987378 0.152311 0.043440
0.988494 0.144525 0.044632
0.970464 0.119732 0.209440
0.960431 0.114821 0.253750
0.956769 0.124853 0.262686
0.985658 0.145928 0.084756
0.985913 0.155590 0.061385
0.982227 0.173153 0.072449
0.945352 0.105234 0.308603
0.938326 0.096154 0.332112
0.953480 0.068398 0.293593
0.987633 0.103412 0.117843
0.990100 0.140270 0.005110
0.992885 0.118946 0.005622
0.965505 -0.045045 0.256459
0.943051 -0.129872 0.306248
0.915984 -0.019715 0.400730
0.949604 -0.027728 0.312223
0.989540 0.041523 0.138157
0.992912 0.111400 0.041413
0.920255 -0.010647 0.391173
0.944121 0.025707 0.328595
0.952364 0.020007 0.304306
0.954533 -0.055883 0.292820
0.952098 -0.063609 0.299103
0.971695 -0.025942 0.234809
0.968907 0.021333 0.246504
0.986166 -0.017191 0.164867
0.984410 -0.024604 0.174159
0.967222 -0.072931 0.243234
0.958732 -0.076036 0.273956
0.949159 -0.068476 0.307260
0.982193 -0.035505 0.184488
0.969376 -0.125327 0.211194
0.966595 -0.171513 0.190465
0.966285 -0.180014 0.184088
0.975654 -0.125118 0.180125
0.965198 -0.098070 0.242436
0.940708 -0.197795 0.275584
0.912604 -0.217527 0.346172
0.912896 -0.260994 0.313852
0.935288 -0.279161 0.217498
0.989328 -0.083278 0.119561
0.971720 -0.173766 0.159895
0.879531 -0.331847 0.341032
0.906809 -0.409868 0.098516
0.890708 -0.432011 -0.141444
0.731320 -0.488670 0.475786
0.761275 -0.418542 0.495261
0.892520 -0.363427 0.267076
0.901349 -0.396509 -0.174212
0.822944 -0.409018 -0.394294
0.824188 -0.448070 -0.346335
0.715993 -0.438657 0.543079
0.617441 -0.412442 0.669819
0.656007 -0.439525 0.613574
0.765215 -0.401726 -0.503053
0.791413 -0.385264 -0.474591
0.855157 -0.442480 -0.270032
0.624086 -0.445692 0.641775
0.580660 -0.381886 0.719025
0.607967 -0.375539 0.699533
0.812990 -0.417837 -0.405536
0.895613 -0.255680 -0.364014
0.915537 -0.307152 -0.259713
0.801121 -0.481304 0.355741
0.661579 -0.624875 0.414541
0.536407 -0.582297 0.610899
0.913388 0.405661 -0.034088
0.922611 0.384802 0.026762
0.916160 0.399652 0.030471
0.974469 0.224482 0.004187
1.000000 0.000911 0.000022
1.000000 0.000969 -0.000040
0.937869 0.313204 0.149348
0.921462 0.387875 -0.021462
0.921520 0.387466 0.025916
0.922420 0.384050 0.040573
0.909349 0.235064 0.343263
0.950653 0.303380 0.064952
0.939188 0.343401 0.001289
0.927381 0.374111 0.002258
0.874459 0.197120 0.443245
0.964233 0.234964 0.122661
0.962283 0.264400 0.064069
0.952097 0.304081 0.032340
0.877178 0.215247 0.429217
0.974638 0.207205 0.084543
0.973984 0.204523 0.097604
0.970668 0.223169 0.089438
0.929649 0.218392 0.296746
0.979309 0.190425 0.068500
0.974925 0.187018 0.120605
0.973787 0.200671 0.107099
0.979930 0.140451 0.141461
0.985366 0.148329 0.083977
0.981756 0.161474 0.100406
0.979302 0.175851 0.100219
0.982819 0.120414 0.139882
0.966552 0.152428 0.206257
0.967803 0.177596 0.178374
0.975387 0.173985 0.135461
0.972261 0.172476 0.157990
0.973999 0.143579 0.175246
0.984895 0.126176 0.118584
0.967886 0.164566 0.190037
0.994546 0.086852 0.057755
0.994568 0.059873 0.085140
0.991516 0.073550 0.107173
0.994161 0.086585 0.064397
0.990768 0.134041 -0.020288
0.991832 0.105897 0.071093
0.987759 0.095830 0.123082
0.984147 0.088449 0.153728
0.994398 0.053959 0.090888
0.994793 0.101332 -0.010853
0.994378 0.105576 -0.008191
0.996363 0.067849 0.051543
0.973606 -0.049087 0.222894
0.999979 -0.000444 0.006510
0.999800 -0.000444 -0.019980
0.996859 0.078736 -0.008476
0.962703 -0.101379 0.250851
0.981222 -0.179997 -0.069317
0.988427 -0.145885 -0.041598
0.999435 0.013048 -0.030967
0.970698 -0.181756 0.157193
0.923354 -0.184283 -0.336835
0.940248 -0.252438 -0.228492
0.955449 -0.262482 -0.134985
0.982331 -0.186898 -0.009696
0.946534 -0.202989 -0.250736
0.903175 -0.122350 -0.411467
0.920233 -0.202450 -0.334941
0.872743 -0.378756 0.308000
0.973267 -0.214315 -0.082590
0.945534 -0.106302 -0.307677
0.922159 -0.119884 -0.367765
0.693262 -0.375433 0.615173
0.934158 -0.323344 0.150988
0.967217 -0.229936 -0.107804
0.960540 -0.180509 -0.211611
0.604979 -0.517741 0.604934
0.762385 -0.449807 0.465233
0.946128 -0.323488 0.014018
0.956087 -0.292546 -0.017739
0.576565 -0.536440 0.616283
0.465705 -0.262388 0.845146
0.839317 -0.504833 0.201719
0.883633 -0.438307 0.164561
0.918776 0.391363 0.051822
0.910340 0.413261 0.022251
0.894141 0.447647 -0.011104
0.969550 0.244865 -0.003676
1.000000 0.001050 0.000008
1.000000 0.001012 0.000008
0.926630 0.372809 0.048682
0.934265 0.355826 0.023148
0.931770 0.363030 0.003822
0.916383 0.400278 0.004403
0.941987 0.335480 0.010653
0.942224 0.334730 0.013055
0.942086 0.334502 0.024146
0.938991 0.343906 0.004855
0.963381 0.258936 0.069639
0.959897 0.279770 0.018088
0.953043 0.302489 0.014469
0.943534 0.330021 0.028814
0.968472 0.210308 0.133541
0.971022 0.232342 0.055971
0.967835 0.249548 0.031951
0.963213 0.268082 0.018791
0.971461 0.173937 0.161276
0.974723 0.205741 0.087094
0.975161 0.216475 0.046905
0.971650 0.231594 0.047539
0.972362 0.173410 0.156335
0.977189 0.169468 0.127994
0.983794 0.176904 0.029246
0.979594 0.198051 0.034226
0.970908 0.176601 0.161709
0.983644 0.155640 0.090663
0.984613 0.172458 0.028204
0.984562 0.172837 0.027667
0.991482 0.095815 0.088225
0.982181 0.120348 0.144351
0.983346 0.126629 0.130364
0.987494 0.143502 0.065290
0.977404 0.097829 0.187379
0.986488 0.109137 0.122186
0.986204 0.099187 0.132524
0.978508 0.128979 0.160891
0.985706 0.044753 0.162424
0.999691 -0.017661 0.017474
0.998843 -0.013995 0.046007
0.992225 0.086707 0.089281
0.993597 0.111894 -0.015643
0.995808 0.064145 -0.065199
0.997992 -0.012581 0.062078
0.997907 -0.044728 0.046704
0.998990 -0.004531 -0.044699
0.986852 -0.013393 -0.161070
0.993422 -0.001811 0.114496
0.999908 -0.009643 0.009514
0.967657 -0.243439 0.066169
0.994041 -0.036636 -0.102664
0.983565 -0.042935 0.175374
0.970464 -0.008781 0.241088
0.948095 -0.312146 0.060673
0.943758 -0.329607 0.026079
0.926367 -0.310440 -0.213239
0.989402 -0.143659 -0.021107
0.930964 -0.161669 -0.327366
0.937742 -0.345683 -0.033820
0.878638 -0.424182 -0.219236
0.937307 -0.302157 -0.173658
0.911533 -0.066933 -0.405744
0.974099 -0.137340 -0.179633
0.970947 -0.238653 -0.017525
0.954587 -0.242898 -0.172523
0.953638 -0.210126 -0.215458
0.937597 -0.191958 -0.289939
0.978118 -0.106619 -0.178657
0.980510 -0.188252 -0.056228
0.913485 -0.288902 -0.286498
0.884730 -0.266543 -0.382370
0.850305 -0.277971 -0.446892
0.856986 -0.423337 -0.293871
0.774826 -0.549803 -0.312028
0.868941 -0.442414 -0.221836
0.778932 -0.321165 -0.538627
0.804575 -0.270213 -0.528814
0.902586 0.430404 -0.009533
0.902723 0.430220 -0.001334
0.895472 0.445103 0.003483
0.971540 0.236873 0.001465
1.000000 0.000927 0.000002
1.000000 0.001025 -0.000029
0.935712 0.352764 0.000913
0.932996 0.359770 0.009201
0.927033 0.374973 0.002303
0.912546 0.408974 0.000512
0.942448 0.333868 0.018012
0.949758 0.311824 -0.026941
0.948627 0.316389 0.002435
0.935907 0.352120 0.009450
0.958118 0.286073 -0.013140
0.955803 0.292152 -0.032977
0.954566 0.296768 0.027054
0.954067 0.299550 0.005179
0.969201 0.246029 0.010947
0.969944 0.237505 -0.052916
0.969337 0.245702 0.004072
0.958287 0.284159 0.030641
0.978725 0.204962 -0.009373
0.974965 0.221368 -0.020948
0.973282 0.229363 -0.010687
0.975173 0.221061 -0.013043
0.985257 0.170320 -0.016132
0.985415 0.169993 0.007756
0.983177 0.182639 -0.002461
0.975496 0.219995 -0.003226
0.983207 0.182210 0.010154
0.980009 0.198256 0.016625
0.980690 0.195133 -0.013034
0.985722 0.167968 -0.011817
0.983358 0.154056 0.096303
0.985199 0.170394 0.018667
0.984178 0.174426 0.031150
0.978697 0.204999 0.011316
0.986363 0.082472 0.142432
0.994306 0.081180 -0.069029
0.996580 0.070172 -0.043632
0.990997 0.133736 0.006264
0.980914 -0.021975 0.193194
0.995190 0.049664 -0.084444
0.980988 0.042331 -0.189393
0.993525 0.044563 -0.104513
0.960904 -0.010198 0.276696
0.999028 0.024185 0.036843
0.967427 0.053748 -0.247379
0.966350 0.050179 -0.252288
0.929298 0.046568 0.366382
0.998611 -0.022426 0.047675
0.991737 0.027425 -0.125325
0.979024 0.042994 -0.199159
0.972673 -0.160762 -0.167522
0.921194 -0.251500 0.296899
0.950697 -0.194517 0.241533
0.997433 -0.071611 0.000350
0.905150 -0.235588 -0.353838
0.906289 -0.381024 0.182923
0.810983 -0.424344 0.402790
0.919926 -0.207042 0.332973
0.910930 -0.327090 -0.251432
0.926976 -0.366566 0.079651
0.810177 -0.329200 0.485017
0.806521 -0.360462 0.468606
0.930661 -0.201295 -0.305532
0.933616 -0.336520 -0.122941
0.829609 -0.373062 0.415419
0.816814 -0.323930 0.477372
0.907959 -0.227779 -0.351749
0.856609 -0.115808 -0.502802
0.933910 -0.352379 -0.060338
0.874944 -0.410435 0.256937
0.824782 -0.329557 -0.459486
0.826265 -0.468428 -0.312830
0.820904 -0.385245 -0.421547
0.905500 -0.199738 -0.374399
0.743639 -0.317398 -0.588438
0.920522 -0.336575 -0.198387
0.954423 -0.287064 -0.081675
0.885226 -0.386732 -0.258481
0.904602 0.426189 -0.007564
0.910887 0.412637 -0.004049
0.902201 0.430938 0.018046
0.969649 0.244492 0.002288
1.000000 0.000877 0.000007
1.000000 0.000890 -0.000027
0.930024 0.367477 -0.003903
0.929591 0.368119 -0.018673
0.924837 0.379981 0.017029
0.917364 0.397542 0.020084
0.947309 0.315203 0.057034
0.935414 0.353551 -0.001674
0.929335 0.366879 0.041676
0.927894 0.371286 0.034059
0.949776 0.295791 0.102146
0.955762 0.291289 0.040871
0.951131 0.308670 0.008464
0.935177 0.352311 0.036340
0.971262 0.221557 0.086964
0.972445 0.230016 0.037999
0.966862 0.248426 -0.058844
0.966251 0.254268 -0.041321
0.975485 0.219788 -0.011065
0.979486 0.177741 0.094946
0.980029 0.198779 0.005408
0.972885 0.228429 -0.036265
0.985500 0.165948 -0.035375
0.981153 0.178842 0.073172
0.980233 0.192544 0.045488
0.983276 0.177800 0.039454
0.975600 0.212620 -0.054756
0.982289 0.175031 0.066872
0.983168 0.158443 0.090972
0.981615 0.180443 0.062219
0.987390 0.156619 0.023061
0.985881 0.160996 -0.046038
0.983738 0.171719 0.052657
0.981665 0.170530 0.085168
0.998356 0.038252 0.042689
0.994087 0.046718 -0.098024
0.997545 0.062832 0.030935
0.992801 0.114365 0.035582
0.996918 -0.009055 -0.077922
0.996057 -0.048428 -0.074334
0.999743 -0.014895 0.017111
0.999387 0.022644 0.026718
0.954333 0.052316 -0.294127
0.997559 -0.009017 -0.069245
0.997064 -0.044814 0.062086
0.998427 -0.044918 0.033563
0.966937 0.053051 -0.249437
0.970814 0.044390 -0.235691
0.996141 -0.008478 -0.087355
0.999546 -0.016341 0.025311
0.984543 -0.154114 0.083208
0.963598 -0.017554 -0.266780
0.943592 0.010591 -0.330940
0.972508 -0.014119 -0.232442
0.826546 -0.344041 0.445487
0.977762 -0.202818 0.053342
0.966982 -0.072863 -0.244207
0.943999 -0.008603 -0.329835
0.809633 -0.348221 0.472480
0.850964 -0.353416 0.388533
0.955010 -0.260933 0.140960
0.985715 -0.155806 -0.063952
0.825787 -0.440149 0.352625
0.769666 -0.410604 0.488895
0.814122 -0.389868 0.430359
0.894954 -0.337605 0.291687
0.875872 -0.443498 0.190150
0.722289 -0.434754 0.537855
0.729969 -0.399532 0.554544
0.755011 -0.392009 0.525631
0.917272 -0.383551 -0.107240
0.764547 -0.341786 0.546489
0.762006 -0.342187 0.549777
0.707295 -0.428662 0.562123
0.964448 -0.260795 -0.042721
0.948211 -0.287265 0.135556
0.825668 -0.490599 0.278542
0.731751 -0.531886 0.426190
0.909831 0.412868 0.041813
0.902941 0.429690 0.007986
0.886316 0.462969 -0.010206
0.966836 0.255383 -0.002761
1.000000 0.000956 0.000010
1.000000 0.000909 0.000012
0.921294 0.383880 0.062082
0.919727 0.391713 0.025749
0.920985 0.389457 0.010521
0.909507 0.415643 0.006245
0.935032 0.348360 0.066029
0.946224 0.323446 -0.006472
0.940500 0.339460 -0.015036
0.928885 0.370115 -0.013721
0.968699 0.247202 -0.022666
0.960921 0.270091 0.060676
0.946805 0.315840 0.061680
0.939988 0.340108 0.027373
0.965740 0.240597 -0.097256
0.980980 0.182167 0.067030
0.977500 0.191875 0.087617
0.963333 0.256465 0.078830
0.975737 0.207865 -0.068770
0.978947 0.199065 -0.045117
0.980187 0.177979 0.086929
0.981626 0.165595 0.094804
0.979791 0.200010 0.002556
0.973656 0.213379 -0.080390
0.980313 0.197062 0.012363
0.982176 0.179346 0.056265
0.984155 0.167218 0.058961
0.975923 0.175395 -0.129654
0.970879 0.170802 -0.167991
0.980708 0.181521 -0.072534
0.988354 0.144555 0.047547
0.981432 0.135046 -0.136216
0.969292 0.153323 -0.192264
0.966940 0.167727 -0.192078
0.991790 0.053051 0.116358
0.979061 0.069188 -0.191451
0.973854 0.068123 -0.216720
0.974323 0.102779 -0.200327
0.979458 -0.020092 0.200646
0.983494 0.036481 -0.177228
0.956864 0.031876 -0.288782
0.970628 0.051893 -0.234924
0.968481 -0.036830 0.246350
0.997199 -0.006672 -0.074489
0.939011 0.023822 -0.343060
0.938750 0.028011 -0.343458
0.978233 -0.076430 0.192923
0.997346 -0.066595 0.029418
0.967897 -0.016030 -0.250837
0.954176 0.005740 -0.299189
0.982230 -0.031567 -0.185009
0.954309 -0.136782 0.265677
0.990073 -0.089689 -0.108219
0.979767 -0.052929 -0.193014
0.950932 -0.046064 -0.305951
0.970369 -0.131474 0.202729
0.976430 -0.129698 0.172521
0.995708 -0.083179 0.040575
0.969965 -0.236832 0.055490
0.968661 -0.195742 -0.152909
0.985386 -0.159801 -0.058983
0.975369 -0.190887 0.110531
0.882770 -0.370585 0.288763
0.944071 -0.230782 -0.235522
0.904262 -0.214394 -0.369249
0.872047 -0.404585 -0.275399
0.788217 -0.399588 0.468021
0.940340 -0.339535 0.021845
0.943740 -0.262055 -0.201699
0.927575 -0.186152 -0.323963
0.736820 -0.456172 0.499002
0.864748 -0.417044 0.279794
0.934506 -0.338174 -0.111070
0.938920 -0.316834 -0.134329
0.774427 -0.510047 0.374319
0.595471 -0.416691 0.686864
0.891088 -0.437965 0.118949
0.912614 -0.405654 -0.050803
0.896506 0.443023 0.002670
0.903854 0.427665 -0.012264
0.892259 0.451104 -0.019476
0.966006 0.258515 -0.001684
1.000000 0.000937 0.000013
1.000000 0.000943 -0.000017
0.929189 0.368066 -0.033710
0.934291 0.355213 -0.030398
0.932264 0.361668 0.008907
0.916997 0.398592 -0.015533
0.934497 0.354496 -0.032373
0.925361 0.378414 0.022584
0.918962 0.389788 0.059789
0.929817 0.367060 0.026577
0.952674 0.301187 0.041219
0.946761 0.321359 0.019303
0.937885 0.343562 0.048336
0.920899 0.382004 0.077571
0.982876 0.170741 0.069304
0.992606 0.118725 -0.025243
0.986535 0.163404 0.006967
0.964183 0.265092 0.008774
0.987081 0.160019 -0.008066
0.989431 0.121375 -0.079336
0.991150 0.114304 0.067495
0.993313 0.105110 0.047767
0.981397 0.153285 -0.115600
0.980907 0.131064 -0.143682
0.992429 0.113829 0.046124
0.990285 0.116359 0.076133
0.965712 0.161673 -0.203129
0.976569 0.152581 -0.151763
0.991577 0.120752 0.046844
0.989429 0.138834 0.041905
0.970909 0.114073 -0.210532
0.976217 0.065166 -0.206772
0.982498 0.122860 -0.140008
0.989910 0.134744 -0.043845
0.961218 0.043607 -0.272321
0.989577 0.067253 -0.127337
0.992923 0.113735 0.034187
0.992845 0.077743 -0.090637
0.951572 0.020622 -0.306734
0.989426 0.118435 0.083719
0.986395 0.138855 0.087997
0.988421 0.108869 0.105694
0.962804 0.012658 -0.269906
0.998374 -0.056892 -0.003661
0.996548 -0.027323 -0.078395
0.998790 0.048419 -0.008631
0.947816 -0.008215 -0.318711
0.992440 -0.041482 -0.115506
0.993814 -0.079457 -0.077587
0.989731 -0.089925 -0.111112
0.980368 -0.013543 -0.196708
0.982006 0.066876 -0.176614
0.995007 -0.020019 -0.097780
0.998901 -0.016204 -0.043981
0.952298 -0.258104 -0.162822
0.927526 -0.373698 -0.006740
0.985522 -0.119152 -0.120617
0.976916 0.079218 -0.198390
0.901512 -0.330442 -0.279437
0.910621 -0.219581 -0.350077
0.895924 -0.440804 -0.054888
0.915004 -0.395840 0.077961
0.900403 -0.177563 -0.397172
0.881515 -0.353640 -0.312842
0.836767 -0.406264 -0.367110
0.900204 -0.284966 -0.329282
0.937173 -0.246996 -0.246372
0.922676 -0.187784 -0.336758
0.923449 -0.041243 -0.381499
0.904720 -0.223711 -0.362541
0.916357 -0.357847 -0.179541
0.931085 -0.296915 -0.211950
0.931920 -0.174055 -0.318166
0.918770 -0.225030 -0.324381
0.879757 -0.396574 -0.262214
0.948207 -0.317473 -0.010668
0.951868 -0.306508 0.000558
0.921949 -0.342874 -0.180132
0.904537 0.424871 -0.036020
0.899355 0.436971 0.014754
0.891317 0.452867 0.021551
0.972921 0.231129 0.002096
1.000000 0.000805 0.000006
1.000000 0.000911 -0.000034
0.927736 0.372579 0.022155
0.905866 0.413425 0.092123
0.897010 0.435576 0.075144
0.894012 0.445205 0.050357
0.914722 0.396218 0.079339
0.923306 0.378622 0.064432
0.924375 0.377139 0.057414
0.909610 0.407121 0.082840
0.957879 0.286462 0.020200
0.971393 0.235745 -0.028644
0.966265 0.257280 0.011803
0.942860 0.332608 0.019692
0.989643 0.143274 0.008875
0.986162 0.140827 -0.087475
0.984856 0.157545 -0.072378
0.979708 0.199905 -0.014536
0.987547 0.129176 0.089800
0.984659 0.157147 -0.075840
0.981715 0.161569 -0.100653
0.985808 0.143512 -0.087107
0.988629 0.119002 0.091933
0.988802 0.135944 0.061558
0.982254 0.178810 -0.056600
0.980323 0.176243 -0.088910
0.985473 0.096319 0.139876
0.992993 0.117632 -0.011284
0.991855 0.088813 -0.091300
0.989161 0.145014 -0.023042
0.985576 0.107059 0.131067
0.987229 0.112520 -0.112779
0.975598 0.086711 -0.201719
0.982789 0.068718 -0.171474
0.976894 0.126611 0.172184
0.991578 0.099355 -0.083077
0.978033 0.116332 -0.172969
0.970707 0.133095 -0.200036
0.998391 0.051405 0.023925
0.998747 0.033546 0.037140
0.989285 0.125026 -0.075390
0.979396 0.125971 -0.157841
0.993789 -0.090444 -0.064829
0.995401 -0.095339 0.009366
0.997086 -0.075796 0.008625
0.999883 -0.015265 0.001183
0.999314 -0.026040 0.026345
0.998344 -0.052474 0.023573
0.999425 -0.024667 0.023266
0.998195 -0.043382 0.041540
0.996954 -0.037894 -0.068164
0.997417 -0.069289 -0.018948
0.995446 -0.066384 -0.068419
0.992409 -0.120685 -0.023638
0.977028 -0.194855 -0.086300
0.992392 -0.099851 -0.072027
0.995964 -0.089741 0.001415
0.999666 -0.019954 -0.016449
0.889117 -0.457584 -0.009417
0.872797 -0.484036 0.062725
0.903885 -0.426647 -0.031036
0.965187 -0.250826 -0.074162
0.884497 -0.399064 -0.241688
0.834715 -0.550656 0.005411
0.854107 -0.519842 -0.016304
0.900282 -0.434094 0.032473
0.914768 -0.092515 -0.393245
0.888997 -0.097873 -0.447332
0.915208 -0.335444 -0.223320
0.817778 -0.572535 -0.058680
0.932148 -0.170113 -0.319627
0.756369 -0.220670 -0.615801
0.790030 -0.235434 -0.566060
0.863328 -0.204642 -0.461287
0.946346 -0.259021 -0.193229
0.656850 -0.199040 -0.727277
0.744599 -0.256916 -0.616090
0.754441 -0.277749 -0.594705
0.888238 0.459212 0.012575
0.877855 0.476941 0.043563
0.872856 0.487275 0.026204
0.968772 0.247918 0.004210
1.000000 0.000976 0.000052
1.000000 0.000861 0.000019
0.904433 0.423925 0.047850
0.915088 0.402903 0.016823
0.906959 0.421210 0.002508
0.881884 0.470639 0.027900
0.938957 0.343943 -0.007968
0.941352 0.336985 0.017287
0.935270 0.353144 0.023663
0.924397 0.381418 0.003305
0.976511 0.213832 0.026514
0.973602 0.228214 0.004116
0.960807 0.275483 -0.030970
0.946631 0.322038 0.013436
0.989209 0.132901 -0.061672
0.986560 0.141286 0.082080
0.989380 0.145336 -0.002006
0.981519 0.188994 -0.030043
0.983010 0.180113 -0.035368
0.984285 0.175583 0.018822
0.987612 0.130935 -0.086477
0.990807 0.134204 -0.017051
0.985373 0.168682 -0.024214
0.976870 0.115975 -0.179653
0.956530 0.092496 -0.276577
0.973348 0.096928 -0.207843
0.992151 0.048401 -0.115300
0.989745 0.054561 -0.132013
0.957559 0.069066 -0.279841
0.952396 0.106333 -0.285719
0.991735 0.105027 -0.073700
0.966082 0.071819 -0.248049
0.941876 0.033993 -0.334236
0.951022 0.033779 -0.307274
0.989109 0.110032 -0.097759
0.957671 0.124145 -0.259721
0.944587 0.126657 -0.302844
0.940416 0.100496 -0.324836
0.994317 0.100786 -0.034294
0.969452 0.186883 -0.158866
0.955645 0.246678 -0.160914
0.958164 0.166985 -0.232460
0.993463 -0.057472 0.098627
0.998077 -0.042390 -0.045217
0.998073 0.005778 -0.061774
0.981687 0.147598 -0.120441
0.994515 -0.099923 0.030916
0.996986 -0.076484 -0.012975
0.997013 -0.049090 -0.059629
0.997176 -0.061051 -0.043729
0.998766 -0.024455 -0.043236
0.992038 -0.122596 0.028815
0.989147 -0.139383 0.046487
0.996962 -0.075318 -0.019868
0.983522 -0.166473 -0.070502
0.977723 -0.135965 -0.159912
0.981746 -0.180488 -0.059989
0.989134 -0.139611 0.046070
0.906325 -0.422569 -0.003354
0.911793 -0.404148 -0.072787
0.931499 -0.351726 -0.092731
0.974822 -0.180022 -0.131581
0.804392 -0.585717 -0.099447
0.805794 -0.589460 -0.056855
0.801589 -0.595568 -0.052482
0.890294 -0.452537 -0.050859
0.922936 -0.344913 -0.170949
0.932276 -0.321372 0.166075
0.918829 -0.225340 0.323998
0.875349 -0.480719 0.051703
0.899720 -0.300620 -0.316436
0.927741 -0.244610 0.281892
0.891765 -0.229294 0.390101
0.866353 -0.265515 0.423005
0.926996 -0.291287 -0.236283
0.810906 -0.009713 0.585095
0.654272 0.147487 0.741738
0.849834 -0.064203 0.523126
0.876016 0.482208 0.008410
0.881842 0.469251 -0.046454
0.884242 0.466209 -0.027660
0.969671 0.244383 -0.003934
0.999999 0.001293 0.000014
0.999999 0.001188 0.000030
0.915898 0.400041 -0.033150
0.915453 0.397012 -0.065784
0.924636 0.379296 -0.034398
0.890953 0.452953 -0.032202
0.941597 0.335740 0.025946
0.927606 0.372450 -0.028786
0.912341 0.407077 -0.043836
0.906046 0.420167 -0.050401
0.971346 0.223668 -0.080372
0.981374 0.181625 0.062586
0.972588 0.231772 0.018803
0.939179 0.342736 -0.021778
0.984629 0.127065 -0.119838
0.992715 0.112563 -0.042964
0.995997 0.087223 0.019548
0.992430 0.120744 0.022443
0.973718 0.074549 -0.215212
0.997082 0.074993 -0.014279
0.992805 0.105510 -0.056623
0.992762 0.115798 -0.031865
0.957324 0.088627 -0.275093
0.996896 0.078265 0.008511
0.997411 0.067332 0.025263
0.998524 0.039754 -0.037012
0.931894 0.035817 -0.360958
0.998219 0.009338 0.058919
0.987664 0.047084 0.149338
0.989754 0.100749 0.101180
0.953901 0.084673 -0.287928
0.985182 0.095889 -0.142204
0.998770 0.012262 -0.048055
0.995603 -0.030418 0.088600
0.966461 0.187645 -0.175334
0.972703 0.214038 -0.089644
0.976927 0.212511 -0.021277
0.980685 0.173499 -0.090300
0.964680 0.230363 -0.127772
0.959732 0.196879 -0.200384
0.965543 0.200064 -0.166437
0.978644 0.193202 -0.070204
0.999154 -0.025232 -0.032477
0.995066 -0.005935 -0.099038
0.975730 0.158315 -0.151286
0.955613 0.187080 -0.227608
0.997313 -0.032453 -0.065679
0.990119 -0.004675 -0.140152
0.989311 -0.060626 -0.132623
0.987560 -0.130753 -0.087344
0.990327 -0.138531 0.007861
0.953800 -0.174170 -0.244805
0.949165 -0.186150 -0.253836
0.986530 -0.007577 -0.163404
0.978316 -0.189144 -0.084390
0.951300 -0.267422 -0.153344
0.957777 -0.203483 -0.203122
0.934021 -0.130244 -0.332628
0.932556 -0.349626 -0.090005
0.957163 -0.244303 -0.155416
0.958885 -0.224368 -0.173775
0.924370 -0.324109 -0.201230
0.864833 -0.500454 0.040126
0.935645 -0.292823 0.197036
0.911887 -0.393877 0.115426
0.939235 -0.320546 -0.122835
0.870810 -0.170941 0.460944
0.906201 -0.043109 0.420645
0.925854 0.053291 0.374106
0.944847 -0.082492 0.316953
0.787201 0.004259 0.616682
0.374405 0.486654 0.789297
0.459518 0.432716 0.775629
0.801998 -0.038530 0.596082
0.303126 0.334930 0.892152
0.173254 0.381092 0.908159
0.256125 0.428101 0.866677
0.329235 0.547394 0.769392
</float_array>
          <technique_common>
            <accessor source="#pPlane2-Normal0-array" count="3321" stride="3">
              <param name="X" type="float"/>
              <param name="Y" type="float"/>
              <param name="Z" type="float"/>
            </accessor>
          </technique_common>
        </source>
        <source id="pPlane2-UV0">
          <float_array id="pPlane2-UV0-array" count="6642">
0.000000 1.000000
0.000000 0.950000
0.000000 0.900000
0.000000 0.850000
0.000000 0.800000
0.000000 0.750000
0.000000 0.700000
0.000000 0.650000
0.000000 0.600000
0.000000 0.550000
0.000000 0.500000
0.000000 0.450000
0.000000 0.400000
0.000000 0.350000
0.000000 0.300000
0.000000 0.250000
0.000000 0.200000
0.000000 0.150000
0.000000 0.100000
0.000000 0.050000
0.000000 0.000000
0.050000 1.000000
0.050000 0.950000
0.050000 0.900000
0.050000 0.850000
0.050000 0.800000
0.050000 0.750000
0.050000 0.700000
0.050000 0.650000
0.050000 0.600000
0.050000 0.550000
0.050000 0.500000
0.050000 0.450000
0.050000 0.400000
0.050000 0.350000
0.050000 0.300000
0.050000 0.250000
0.050000 0.200000
0.050000 0.150000
0.050000 0.100000
0.050000 0.050000
0.050000 0.000000
0.100000 1.000000
0.100000 0.950000
0.100000 0.900000
0.100000 0.850000
0.100000 0.800000
0.100000 0.750000
0.100000 0.700000
0.100000 0.650000
0.100000 0.600000
0.100000 0.550000
0.100000 0.500000
0.100000 0.450000
0.100000 0.400000
0.100000 0.350000
0.100000 0.300000
0.100000 0.250000
0.100000 0.200000
0.100000 0.150000
0.100000 0.100000
0.100000 0.050000
0.100000 0.000000
0.150000 1.000000
0.150000 0.950000
0.150000 0.900000
0.150000 0.850000
0.150000 0.800000
0.150000 0.750000
0.150000 0.700000
0.150000 0.650000
0.150000 0.600000
0.150000 0.550000
0.150000 0.500000
0.150000 0.450000
0.150000 0.400000
0.150000 0.350000
0.150000 0.300000
0.150000 0.250000
0.150000 0.200000
0.150000 0.150000
0.150000 0.100000
0.150000 0.050000
0.150000 0.000000
0.200000 1.000000
0.200000 0.950000
0.200000 0.900000
0.200000 0.850000
0.200000 0.800000
0.200000 0.750000
0.200000 0.700000
0.200000 0.650000
0.200000 0.600000
0.200000 0.550000
0.200000 0.500000
0.200000 0.450000
0.200000 0.400000
0.200000 0.350000
0.200000 0.300000
0.200000 0.250000
0.200000 0.200000
0.200000 0.150000
0.200000 0.100000
0.200000 0.050000
0.200000 0.000000
0.250000 1.000000
0.250000 0.950000
0.250000 0.900000
0.250000 0.850000
0.250000 0.800000
0.250000 0.750000
0.250000 0.700000
0.250000 0.650000
0.250000 0.600000
0.250000 0.550000
0.250000 0.500000
0.250000 0.450000
0.250000 0.400000
0.250000 0.350000
0.250000 0.300000
0.250000 0.250000
0.250000 0.200000
0.250000 0.150000
0.250000 0.100000
0.250000 0.050000
0.250000 0.000000
0.300000 1.000000
0.300000 0.950000
0.300000 0.900000
0.300000 0.850000
0.300000 0.800000
0.300000 0.750000
0.300000 0.700000
0.300000 0.650000
0.300000 0.600000
0.300000 0.550000
0.300000 0.500000
0.300000 0.450000
0.300000 0.400000
0.300000 0.350000
0.300000 0.300000
0.300000 0.250000
0.300000 0.200000
0.300000 0.150000
0.300000 0.100000
0.300000 0.050000
0.300000 0.000000
0.350000 1.000000
0.350000 0.950000
0.350000 0.900000
0.350000 0.850000
0.350000 0.800000
0.350000 0.750000
0.350000 0.700000
0.350000 0.650000
0.350000 0.600000
0.350000 0.550000
0.350000 0.500000
0.350000 0.450000
0.350000 0.400000
0.350000 0.350000
0.350000 0.300000
0.350000 0.250000
0.350000 0.200000
0.350000 0.150000
0.350000 0.100000
0.350000 0.050000
0.350000 0.000000
0.400000 1.000000
0.400000 0.950000
0.400000 0.900000
0.400000 0.850000
0.400000 0.800000
0.400000 0.750000
0.400000 0.700000
0.400000 0.650000
0.400000 0.600000
0.400000 0.550000
0.400000 0.500000
0.400000 0.450000
0.400000 0.400000
0.400000 0.350000
0.400000 0.300000
0.400000 0.250000
0.400000 0.200000
0.400000 0.150000
0.400000 0.100000
0.400000 0.050000
0.400000 0.000000
0.450000 1.000000
0.450000 0.950000
0.450000 0.900000
0.450000 0.850000
0.450000 0.800000
0.450000 0.750000
0.450000 0.700000
0.450000 0.650000
0.450000 0.600000
0.450000 0.550000
0.450000 0.500000
0.450000 0.450000
0.450000 0.400000
0.450000 0.350000
0.450000 0.300000
0.450000 0.250000
0.450000 0.200000
0.450000 0.150000
0.450000 0.100000
0.450000 0.050000
0.450000 0.000000
0.500000 1.000000
0.500000 0.950000
0.500000 0.900000
0.500000 0.850000
0.500000 0.800000
0.500000 0.750000
0.500000 0.700000
0.500000 0.650000
0.500000 0.600000
0.500000 0.550000
0.500000 0.500000
0.500000 0.450000
0.500000 0.400000
0.500000 0.350000
0.500000 0.300000
0.500000 0.250000
0.500000 0.200000
0.500000 0.150000
0.500000 0.100000
0.500000 0.050000
0.500000 0.000000
0.025000 0.975000
0.025000 0.925000
0.025000 0.875000
0.025000 0.825000
0.025000 0.775000
0.025000 0.725000
0.025000 0.675000
0.025000 0.625000
0.025000 0.575000
0.025000 0.525000
0.025000 0.475000
0.025000 0.425000
0.025000 0.375000
0.025000 0.325000
0.025000 0.275000
0.025000 0.225000
0.025000 0.175000
0.025000 0.125000
0.025000 0.075000
0.025000 0.025000
0.075000 0.975000
0.075000 0.925000
0.075000 0.875000
0.075000 0.825000
0.075000 0.775000
0.075000 0.725000
0.075000 0.675000
0.075000 0.625000
0.075000 0.575000
0.075000 0.525000
0.075000 0.475000
0.075000 0.425000
0.075000 0.375000
0.075000 0.325000
0.075000 0.275000
0.075000 0.225000
0.075000 0.175000
0.075000 0.125000
0.075000 0.075000
0.075000 0.025000
0.125000 0.975000
0.125000 0.925000
0.125000 0.875000
0.125000 0.825000
0.125000 0.775000
0.125000 0.725000
0.125000 0.675000
0.125000 0.625000
0.125000 0.575000
0.125000 0.525000
0.125000 0.475000
0.125000 0.425000
0.125000 0.375000
0.125000 0.325000
0.125000 0.275000
0.125000 0.225000
0.125000 0.175000
0.125000 0.125000
0.125000 0.075000
0.125000 0.025000
0.175000 0.975000
0.175000 0.925000
0.175000 0.875000
0.175000 0.825000
0.175000 0.775000
0.175000 0.725000
0.175000 0.675000
0.175000 0.625000
0.175000 0.575000
0.175000 0.525000
0.175000 0.475000
0.175000 0.425000
0.175000 0.375000
0.175000 0.325000
0.175000 0.275000
0.175000 0.225000
0.175000 0.175000
0.175000 0.125000
0.175000 0.075000
0.175000 0.025000
0.225000 0.975000
0.225000 0.925000
0.225000 0.875000
0.225000 0.825000
0.225000 0.775000
0.225000 0.725000
0.225000 0.675000
0.225000 0.625000
0.225000 0.575000
0.225000 0.525000
0.225000 0.475000
0.225000 0.425000
0.225000 0.375000
0.225000 0.325000
0.225000 0.275000
0.225000 0.225000
0.225000 0.175000
0.225000 0.125000
0.225000 0.075000
0.225000 0.025000
0.275000 0.975000
0.275000 0.925000
0.275000 0.875000
0.275000 0.825000
0.275000 0.775000
0.275000 0.725000
0.275000 0.675000
0.275000 0.625000
0.275000 0.575000
0.275000 0.525000
0.275000 0.475000
0.275000 0.425000
0.275000 0.375000
0.275000 0.325000
0.275000 0.275000
0.275000 0.225000
0.275000 0.175000
0.275000 0.125000
0.275000 0.075000
0.275000 0.025000
0.325000 0.975000
0.325000 0.925000
0.325000 0.875000
0.325000 0.825000
0.325000 0.775000
0.325000 0.725000
0.325000 0.675000
0.325000 0.625000
0.325000 0.575000
0.325000 0.525000
0.325000 0.475000
0.325000 0.425000
0.325000 0.375000
0.325000 0.325000
0.325000 0.275000
0.325000 0.225000
0.325000 0.175000
0.325000 0.125000
0.325000 0.075000
0.325000 0.025000
0.375000 0.975000
0.375000 0.925000
0.375000 0.875000
0.375000 0.825000
0.375000 0.775000
0.375000 0.725000
0.375000 0.675000
0.375000 0.625000
0.375000 0.575000
0.375000 0.525000
0.375000 0.475000
0.375000 0.425000
0.375000 0.375000
0.375000 0.325000
0.375000 0.275000
0.375000 0.225000
0.375000 0.175000
0.375000 0.125000
0.375000 0.075000
0.375000 0.025000
0.425000 0.975000
0.425000 0.925000
0.425000 0.875000
0.425000 0.825000
0.425000 0.775000
0.425000 0.725000
0.425000 0.675000
0.425000 0.625000
0.425000 0.575000
0.425000 0.525000
0.425000 0.475000
0.425000 0.425000
0.425000 0.375000
0.425000 0.325000
0.425000 0.275000
0.425000 0.225000
0.425000 0.175000
0.425000 0.125000
0.425000 0.075000
0.425000 0.025000
0.475000 0.975000
0.475000 0.925000
0.475000 0.875000
0.475000 0.825000
0.475000 0.775000
0.475000 0.725000
0.475000 0.675000
0.475000 0.625000
0.475000 0.575000
0.475000 0.525000
0.475000 0.475000
0.475000 0.425000
0.475000 0.375000
0.475000 0.325000
0.475000 0.275000
0.475000 0.225000
0.475000 0.175000
0.475000 0.125000
0.475000 0.075000
0.475000 0.025000
0.000000 0.975000
0.025000 0.950000
0.050000 0.975000
0.025000 1.000000
0.000000 0.925000
0.025000 0.900000
0.050000 0.925000
0.000000 0.875000
0.025000 0.850000
0.050000 0.875000
0.000000 0.825000
0.025000 0.800000
0.050000 0.825000
0.000000 0.775000
0.025000 0.750000
0.050000 0.775000
0.000000 0.725000
0.025000 0.700000
0.050000 0.725000
0.000000 0.675000
0.025000 0.650000
0.050000 0.675000
0.000000 0.625000
0.025000 0.600000
0.050000 0.625000
0.000000 0.575000
0.025000 0.550000
0.050000 0.575000
0.000000 0.525000
0.025000 0.500000
0.050000 0.525000
0.000000 0.475000
0.025000 0.450000
0.050000 0.475000
0.000000 0.425000
0.025000 0.400000
0.050000 0.425000
0.000000 0.375000
0.025000 0.350000
0.050000 0.375000
0.000000 0.325000
0.025000 0.300000
0.050000 0.325000
0.000000 0.275000
0.025000 0.250000
0.050000 0.275000
0.000000 0.225000
0.025000 0.200000
0.050000 0.225000
0.000000 0.175000
0.025000 0.150000
0.050000 0.175000
0.000000 0.125000
0.025000 0.100000
0.050000 0.125000
0.000000 0.075000
0.025000 0.050000
0.050000 0.075000
0.000000 0.025000
0.025000 0.000000
0.050000 0.025000
0.075000 0.950000
0.100000 0.975000
0.075000 1.000000
0.075000 0.900000
0.100000 0.925000
0.075000 0.850000
0.100000 0.875000
0.075000 0.800000
0.100000 0.825000
0.075000 0.750000
0.100000 0.775000
0.075000 0.700000
0.100000 0.725000
0.075000 0.650000
0.100000 0.675000
0.075000 0.600000
0.100000 0.625000
0.075000 0.550000
0.100000 0.575000
0.075000 0.500000
0.100000 0.525000
0.075000 0.450000
0.100000 0.475000
0.075000 0.400000
0.100000 0.425000
0.075000 0.350000
0.100000 0.375000
0.075000 0.300000
0.100000 0.325000
0.075000 0.250000
0.100000 0.275000
0.075000 0.200000
0.100000 0.225000
0.075000 0.150000
0.100000 0.175000
0.075000 0.100000
0.100000 0.125000
0.075000 0.050000
0.100000 0.075000
0.075000 0.000000
0.100000 0.025000
0.125000 0.950000
0.150000 0.975000
0.125000 1.000000
0.125000 0.900000
0.150000 0.925000
0.125000 0.850000
0.150000 0.875000
0.125000 0.800000
0.150000 0.825000
0.125000 0.750000
0.150000 0.775000
0.125000 0.700000
0.150000 0.725000
0.125000 0.650000
0.150000 0.675000
0.125000 0.600000
0.150000 0.625000
0.125000 0.550000
0.150000 0.575000
0.125000 0.500000
0.150000 0.525000
0.125000 0.450000
0.150000 0.475000
0.125000 0.400000
0.150000 0.425000
0.125000 0.350000
0.150000 0.375000
0.125000 0.300000
0.150000 0.325000
0.125000 0.250000
0.150000 0.275000
0.125000 0.200000
0.150000 0.225000
0.125000 0.150000
0.150000 0.175000
0.125000 0.100000
0.150000 0.125000
0.125000 0.050000
0.150000 0.075000
0.125000 0.000000
0.150000 0.025000
0.175000 0.950000
0.200000 0.975000
0.175000 1.000000
0.175000 0.900000
0.200000 0.925000
0.175000 0.850000
0.200000 0.875000
0.175000 0.800000
0.200000 0.825000
0.175000 0.750000
0.200000 0.775000
0.175000 0.700000
0.200000 0.725000
0.175000 0.650000
0.200000 0.675000
0.175000 0.600000
0.200000 0.625000
0.175000 0.550000
0.200000 0.575000
0.175000 0.500000
0.200000 0.525000
0.175000 0.450000
0.200000 0.475000
0.175000 0.400000
0.200000 0.425000
0.175000 0.350000
0.200000 0.375000
0.175000 0.300000
0.200000 0.325000
0.175000 0.250000
0.200000 0.275000
0.175000 0.200000
0.200000 0.225000
0.175000 0.150000
0.200000 0.175000
0.175000 0.100000
0.200000 0.125000
0.175000 0.050000
0.200000 0.075000
0.175000 0.000000
0.200000 0.025000
0.225000 0.950000
0.250000 0.975000
0.225000 1.000000
0.225000 0.900000
0.250000 0.925000
0.225000 0.850000
0.250000 0.875000
0.225000 0.800000
0.250000 0.825000
0.225000 0.750000
0.250000 0.775000
0.225000 0.700000
0.250000 0.725000
0.225000 0.650000
0.250000 0.675000
0.225000 0.600000
0.250000 0.625000
0.225000 0.550000
0.250000 0.575000
0.225000 0.500000
0.250000 0.525000
0.225000 0.450000
0.250000 0.475000
0.225000 0.400000
0.250000 0.425000
0.225000 0.350000
0.250000 0.375000
0.225000 0.300000
0.250000 0.325000
0.225000 0.250000
0.250000 0.275000
0.225000 0.200000
0.250000 0.225000
0.225000 0.150000
0.250000 0.175000
0.225000 0.100000
0.250000 0.125000
0.225000 0.050000
0.250000 0.075000
0.225000 0.000000
0.250000 0.025000
0.275000 0.950000
0.300000 0.975000
0.275000 1.000000
0.275000 0.900000
0.300000 0.925000
0.275000 0.850000
0.300000 0.875000
0.275000 0.800000
0.300000 0.825000
0.275000 0.750000
0.300000 0.775000
0.275000 0.700000
0.300000 0.725000
0.275000 0.650000
0.300000 0.675000
0.275000 0.600000
0.300000 0.625000
0.275000 0.550000
0.300000 0.575000
0.275000 0.500000
0.300000 0.525000
0.275000 0.450000
0.300000 0.475000
0.275000 0.400000
0.300000 0.425000
0.275000 0.350000
0.300000 0.375000
0.275000 0.300000
0.300000 0.325000
0.275000 0.250000
0.300000 0.275000
0.275000 0.200000
0.300000 0.225000
0.275000 0.150000
0.300000 0.175000
0.275000 0.100000
0.300000 0.125000
0.275000 0.050000
0.300000 0.075000
0.275000 0.000000
0.300000 0.025000
0.325000 0.950000
0.350000 0.975000
0.325000 1.000000
0.325000 0.900000
0.350000 0.925000
0.325000 0.850000
0.350000 0.875000
0.325000 0.800000
0.350000 0.825000
0.325000 0.750000
0.350000 0.775000
0.325000 0.700000
0.350000 0.725000
0.325000 0.650000
0.350000 0.675000
0.325000 0.600000
0.350000 0.625000
0.325000 0.550000
0.350000 0.575000
0.325000 0.500000
0.350000 0.525000
0.325000 0.450000
0.350000 0.475000
0.325000 0.400000
0.350000 0.425000
0.325000 0.350000
0.350000 0.375000
0.325000 0.300000
0.350000 0.325000
0.325000 0.250000
0.350000 0.275000
0.325000 0.200000
0.350000 0.225000
0.325000 0.150000
0.350000 0.175000
0.325000 0.100000
0.350000 0.125000
0.325000 0.050000
0.350000 0.075000
0.325000 0.000000
0.350000 0.025000
0.375000 0.950000
0.400000 0.975000
0.375000 1.000000
0.375000 0.900000
0.400000 0.925000
0.375000 0.850000
0.400000 0.875000
0.375000 0.800000
0.400000 0.825000
0.375000 0.750000
0.400000 0.775000
0.375000 0.700000
0.400000 0.725000
0.375000 0.650000
0.400000 0.675000
0.375000 0.600000
0.400000 0.625000
0.375000 0.550000
0.400000 0.575000
0.375000 0.500000
0.400000 0.525000
0.375000 0.450000
0.400000 0.475000
0.375000 0.400000
0.400000 0.425000
0.375000 0.350000
0.400000 0.375000
0.375000 0.300000
0.400000 0.325000
0.375000 0.250000
0.400000 0.275000
0.375000 0.200000
0.400000 0.225000
0.375000 0.150000
0.400000 0.175000
0.375000 0.100000
0.400000 0.125000
0.375000 0.050000
0.400000 0.075000
0.375000 0.000000
0.400000 0.025000
0.425000 0.950000
0.450000 0.975000
0.425000 1.000000
0.425000 0.900000
0.450000 0.925000
0.425000 0.850000
0.450000 0.875000
0.425000 0.800000
0.450000 0.825000
0.425000 0.750000
0.450000 0.775000
0.425000 0.700000
0.450000 0.725000
0.425000 0.650000
0.450000 0.675000
0.425000 0.600000
0.450000 0.625000
0.425000 0.550000
0.450000 0.575000
0.425000 0.500000
0.450000 0.525000
0.425000 0.450000
0.450000 0.475000
0.425000 0.400000
0.450000 0.425000
0.425000 0.350000
0.450000 0.375000
0.425000 0.300000
0.450000 0.325000
0.425000 0.250000
0.450000 0.275000
0.425000 0.200000
0.450000 0.225000
0.425000 0.150000
0.450000 0.175000
0.425000 0.100000
0.450000 0.125000
0.425000 0.050000
0.450000 0.075000
0.425000 0.000000
0.450000 0.025000
0.475000 0.950000
0.500000 0.975000
0.475000 1.000000
0.475000 0.900000
0.500000 0.925000
0.475000 0.850000
0.500000 0.875000
0.475000 0.800000
0.500000 0.825000
0.475000 0.750000
0.500000 0.775000
0.475000 0.700000
0.500000 0.725000
0.475000 0.650000
0.500000 0.675000
0.475000 0.600000
0.500000 0.625000
0.475000 0.550000
0.500000 0.575000
0.475000 0.500000
0.500000 0.525000
0.475000 0.450000
0.500000 0.475000
0.475000 0.400000
0.500000 0.425000
0.475000 0.350000
0.500000 0.375000
0.475000 0.300000
0.500000 0.325000
0.475000 0.250000
0.500000 0.275000
0.475000 0.200000
0.500000 0.225000
0.475000 0.150000
0.500000 0.175000
0.475000 0.100000
0.500000 0.125000
0.475000 0.050000
0.500000 0.075000
0.475000 0.000000
0.500000 0.025000
0.012500 0.987500
0.012500 0.962500
0.037500 0.962500
0.037500 0.987500
0.012500 0.937500
0.012500 0.912500
0.037500 0.912500
0.037500 0.937500
0.012500 0.887500
0.012500 0.862500
0.037500 0.862500
0.037500 0.887500
0.012500 0.837500
0.012500 0.812500
0.037500 0.812500
0.037500 0.837500
0.012500 0.787500
0.012500 0.762500
0.037500 0.762500
0.037500 0.787500
0.012500 0.737500
0.012500 0.712500
0.037500 0.712500
0.037500 0.737500
0.012500 0.687500
0.012500 0.662500
0.037500 0.662500
0.037500 0.687500
0.012500 0.637500
0.012500 0.612500
0.037500 0.612500
0.037500 0.637500
0.012500 0.587500
0.012500 0.562500
0.037500 0.562500
0.037500 0.587500
0.012500 0.537500
0.012500 0.512500
0.037500 0.512500
0.037500 0.537500
0.012500 0.487500
0.012500 0.462500
0.037500 0.462500
0.037500 0.487500
0.012500 0.437500
0.012500 0.412500
0.037500 0.412500
0.037500 0.437500
0.012500 0.387500
0.012500 0.362500
0.037500 0.362500
0.037500 0.387500
0.012500 0.337500
0.012500 0.312500
0.037500 0.312500
0.037500 0.337500
0.012500 0.287500
0.012500 0.262500
0.037500 0.262500
0.037500 0.287500
0.012500 0.237500
0.012500 0.212500
0.037500 0.212500
0.037500 0.237500
0.012500 0.187500
0.012500 0.162500
0.037500 0.162500
0.037500 0.187500
0.012500 0.137500
0.012500 0.112500
0.037500 0.112500
0.037500 0.137500
0.012500 0.087500
0.012500 0.062500
0.037500 0.062500
0.037500 0.087500
0.012500 0.037500
0.012500 0.012500
0.037500 0.012500
0.037500 0.037500
0.062500 0.987500
0.062500 0.962500
0.087500 0.962500
0.087500 0.987500
0.062500 0.937500
0.062500 0.912500
0.087500 0.912500
0.087500 0.937500
0.062500 0.887500
0.062500 0.862500
0.087500 0.862500
0.087500 0.887500
0.062500 0.837500
0.062500 0.812500
0.087500 0.812500
0.087500 0.837500
0.062500 0.787500
0.062500 0.762500
0.087500 0.762500
0.087500 0.787500
0.062500 0.737500
0.062500 0.712500
0.087500 0.712500
0.087500 0.737500
0.062500 0.687500
0.062500 0.662500
0.087500 0.662500
0.087500 0.687500
0.062500 0.637500
0.062500 0.612500
0.087500 0.612500
0.087500 0.637500
0.062500 0.587500
0.062500 0.562500
0.087500 0.562500
0.087500 0.587500
0.062500 0.537500
0.062500 0.512500
0.087500 0.512500
0.087500 0.537500
0.062500 0.487500
0.062500 0.462500
0.087500 0.462500
0.087500 0.487500
0.062500 0.437500
0.062500 0.412500
0.087500 0.412500
0.087500 0.437500
0.062500 0.387500
0.062500 0.362500
0.087500 0.362500
0.087500 0.387500
0.062500 0.337500
0.062500 0.312500
0.087500 0.312500
0.087500 0.337500
0.062500 0.287500
0.062500 0.262500
0.087500 0.262500
0.087500 0.287500
0.062500 0.237500
0.062500 0.212500
0.087500 0.212500
0.087500 0.237500
0.062500 0.187500
0.062500 0.162500
0.087500 0.162500
0.087500 0.187500
0.062500 0.137500
0.062500 0.112500
0.087500 0.112500
0.087500 0.137500
0.062500 0.087500
0.062500 0.062500
0.087500 0.062500
0.087500 0.087500
0.062500 0.037500
0.062500 0.012500
0.087500 0.012500
0.087500 0.037500
0.112500 0.987500
0.112500 0.962500
0.137500 0.962500
0.137500 0.987500
0.112500 0.937500
0.112500 0.912500
0.137500 0.912500
0.137500 0.937500
0.112500 0.887500
0.112500 0.862500
0.137500 0.862500
0.137500 0.887500
0.112500 0.837500
0.112500 0.812500
0.137500 0.812500
0.137500 0.837500
0.112500 0.787500
0.112500 0.762500
0.137500 0.762500
0.137500 0.787500
0.112500 0.737500
0.112500 0.712500
0.137500 0.712500
0.137500 0.737500
0.112500 0.687500
0.112500 0.662500
0.137500 0.662500
0.137500 0.687500
0.112500 0.637500
0.112500 0.612500
0.137500 0.612500
0.137500 0.637500
0.112500 0.587500
0.112500 0.562500
0.137500 0.562500
0.137500 0.587500
0.112500 0.537500
0.112500 0.512500
0.137500 0.512500
0.137500 0.537500
0.112500 0.487500
0.112500 0.462500
0.137500 0.462500
0.137500 0.487500
0.112500 0.437500
0.112500 0.412500
0.137500 0.412500
0.137500 0.437500
0.112500 0.387500
0.112500 0.362500
0.137500 0.362500
0.137500 0.387500
0.112500 0.337500
0.112500 0.312500
0.137500 0.312500
0.137500 0.337500
0.112500 0.287500
0.112500 0.262500
0.137500 0.262500
0.137500 0.287500
0.112500 0.237500
0.112500 0.212500
0.137500 0.212500
0.137500 0.237500
0.112500 0.187500
0.112500 0.162500
0.137500 0.162500
0.137500 0.187500
0.112500 0.137500
0.112500 0.112500
0.137500 0.112500
0.137500 0.137500
0.112500 0.087500
0.112500 0.062500
0.137500 0.062500
0.137500 0.087500
0.112500 0.037500
0.112500 0.012500
0.137500 0.012500
0.137500 0.037500
0.162500 0.987500
0.162500 0.962500
0.187500 0.962500
0.187500 0.987500
0.162500 0.937500
0.162500 0.912500
0.187500 0.912500
0.187500 0.937500
0.162500 0.887500
0.162500 0.862500
0.187500 0.862500
0.187500 0.887500
0.162500 0.837500
0.162500 0.812500
0.187500 0.812500
0.187500 0.837500
0.162500 0.787500
0.162500 0.762500
0.187500 0.762500
0.187500 0.787500
0.162500 0.737500
0.162500 0.712500
0.187500 0.712500
0.187500 0.737500
0.162500 0.687500
0.162500 0.662500
0.187500 0.662500
0.187500 0.687500
0.162500 0.637500
0.162500 0.612500
0.187500 0.612500
0.187500 0.637500
0.162500 0.587500
0.162500 0.562500
0.187500 0.562500
0.187500 0.587500
0.162500 0.537500
0.162500 0.512500
0.187500 0.512500
0.187500 0.537500
0.162500 0.487500
0.162500 0.462500
0.187500 0.462500
0.187500 0.487500
0.162500 0.437500
0.162500 0.412500
0.187500 0.412500
0.187500 0.437500
0.162500 0.387500
0.162500 0.362500
0.187500 0.362500
0.187500 0.387500
0.162500 0.337500
0.162500 0.312500
0.187500 0.312500
0.187500 0.337500
0.162500 0.287500
0.162500 0.262500
0.187500 0.262500
0.187500 0.287500
0.162500 0.237500
0.162500 0.212500
0.187500 0.212500
0.187500 0.237500
0.162500 0.187500
0.162500 0.162500
0.187500 0.162500
0.187500 0.187500
0.162500 0.137500
0.162500 0.112500
0.187500 0.112500
0.187500 0.137500
0.162500 0.087500
0.162500 0.062500
0.187500 0.062500
0.187500 0.087500
0.162500 0.037500
0.162500 0.012500
0.187500 0.012500
0.187500 0.037500
0.212500 0.987500
0.212500 0.962500
0.237500 0.962500
0.237500 0.987500
0.212500 0.937500
0.212500 0.912500
0.237500 0.912500
0.237500 0.937500
0.212500 0.887500
0.212500 0.862500
0.237500 0.862500
0.237500 0.887500
0.212500 0.837500
0.212500 0.812500
0.237500 0.812500
0.237500 0.837500
0.212500 0.787500
0.212500 0.762500
0.237500 0.762500
0.237500 0.787500
0.212500 0.737500
0.212500 0.712500
0.237500 0.712500
0.237500 0.737500
0.212500 0.687500
0.212500 0.662500
0.237500 0.662500
0.237500 0.687500
0.212500 0.637500
0.212500 0.612500
0.237500 0.612500
0.237500 0.637500
0.212500 0.587500
0.212500 0.562500
0.237500 0.562500
0.237500 0.587500
0.212500 0.537500
0.212500 0.512500
0.237500 0.512500
0.237500 0.537500
0.212500 0.487500
0.212500 0.462500
0.237500 0.462500
0.237500 0.487500
0.212500 0.437500
0.212500 0.412500
0.237500 0.412500
0.237500 0.437500
0.212500 0.387500
0.212500 0.362500
0.237500 0.362500
0.237500 0.387500
0.212500 0.337500
0.212500 0.312500
0.237500 0.312500
0.237500 0.337500
0.212500 0.287500
0.212500 0.262500
0.237500 0.262500
0.237500 0.287500
0.212500 0.237500
0.212500 0.212500
0.237500 0.212500
0.237500 0.237500
0.212500 0.187500
0.212500 0.162500
0.237500 0.162500
0.237500 0.187500
0.212500 0.137500
0.212500 0.112500
0.237500 0.112500
0.237500 0.137500
0.212500 0.087500
0.212500 0.062500
0.237500 0.062500
0.237500 0.087500
0.212500 0.037500
0.212500 0.012500
0.237500 0.012500
0.237500 0.037500
0.262500 0.987500
0.262500 0.962500
0.287500 0.962500
0.287500 0.987500
0.262500 0.937500
0.262500 0.912500
0.287500 0.912500
0.287500 0.937500
0.262500 0.887500
0.262500 0.862500
0.287500 0.862500
0.287500 0.887500
0.262500 0.837500
0.262500 0.812500
0.287500 0.812500
0.287500 0.837500
0.262500 0.787500
0.262500 0.762500
0.287500 0.762500
0.287500 0.787500
0.262500 0.737500
0.262500 0.712500
0.287500 0.712500
0.287500 0.737500
0.262500 0.687500
0.262500 0.662500
0.287500 0.662500
0.287500 0.687500
0.262500 0.637500
0.262500 0.612500
0.287500 0.612500
0.287500 0.637500
0.262500 0.587500
0.262500 0.562500
0.287500 0.562500
0.287500 0.587500
0.262500 0.537500
0.262500 0.512500
0.287500 0.512500
0.287500 0.537500
0.262500 0.487500
0.262500 0.462500
0.287500 0.462500
0.287500 0.487500
0.262500 0.437500
0.262500 0.412500
0.287500 0.412500
0.287500 0.437500
0.262500 0.387500
0.262500 0.362500
0.287500 0.362500
0.287500 0.387500
0.262500 0.337500
0.262500 0.312500
0.287500 0.312500
0.287500 0.337500
0.262500 0.287500
0.262500 0.262500
0.287500 0.262500
0.287500 0.287500
0.262500 0.237500
0.262500 0.212500
0.287500 0.212500
0.287500 0.237500
0.262500 0.187500
0.262500 0.162500
0.287500 0.162500
0.287500 0.187500
0.262500 0.137500
0.262500 0.112500
0.287500 0.112500
0.287500 0.137500
0.262500 0.087500
0.262500 0.062500
0.287500 0.062500
0.287500 0.087500
0.262500 0.037500
0.262500 0.012500
0.287500 0.012500
0.287500 0.037500
0.312500 0.987500
0.312500 0.962500
0.337500 0.962500
0.337500 0.987500
0.312500 0.937500
0.312500 0.912500
0.337500 0.912500
0.337500 0.937500
0.312500 0.887500
0.312500 0.862500
0.337500 0.862500
0.337500 0.887500
0.312500 0.837500
0.312500 0.812500
0.337500 0.812500
0.337500 0.837500
0.312500 0.787500
0.312500 0.762500
0.337500 0.762500
0.337500 0.787500
0.312500 0.737500
0.312500 0.712500
0.337500 0.712500
0.337500 0.737500
0.312500 0.687500
0.312500 0.662500
0.337500 0.662500
0.337500 0.687500
0.312500 0.637500
0.312500 0.612500
0.337500 0.612500
0.337500 0.637500
0.312500 0.587500
0.312500 0.562500
0.337500 0.562500
0.337500 0.587500
0.312500 0.537500
0.312500 0.512500
0.337500 0.512500
0.337500 0.537500
0.312500 0.487500
0.312500 0.462500
0.337500 0.462500
0.337500 0.487500
0.312500 0.437500
0.312500 0.412500
0.337500 0.412500
0.337500 0.437500
0.312500 0.387500
0.312500 0.362500
0.337500 0.362500
0.337500 0.387500
0.312500 0.337500
0.312500 0.312500
0.337500 0.312500
0.337500 0.337500
0.312500 0.287500
0.312500 0.262500
0.337500 0.262500
0.337500 0.287500
0.312500 0.237500
0.312500 0.212500
0.337500 0.212500
0.337500 0.237500
0.312500 0.187500
0.312500 0.162500
0.337500 0.162500
0.337500 0.187500
0.312500 0.137500
0.312500 0.112500
0.337500 0.112500
0.337500 0.137500
0.312500 0.087500
0.312500 0.062500
0.337500 0.062500
0.337500 0.087500
0.312500 0.037500
0.312500 0.012500
0.337500 0.012500
0.337500 0.037500
0.362500 0.987500
0.362500 0.962500
0.387500 0.962500
0.387500 0.987500
0.362500 0.937500
0.362500 0.912500
0.387500 0.912500
0.387500 0.937500
0.362500 0.887500
0.362500 0.862500
0.387500 0.862500
0.387500 0.887500
0.362500 0.837500
0.362500 0.812500
0.387500 0.812500
0.387500 0.837500
0.362500 0.787500
0.362500 0.762500
0.387500 0.762500
0.387500 0.787500
0.362500 0.737500
0.362500 0.712500
0.387500 0.712500
0.387500 0.737500
0.362500 0.687500
0.362500 0.662500
0.387500 0.662500
0.387500 0.687500
0.362500 0.637500
0.362500 0.612500
0.387500 0.612500
0.387500 0.637500
0.362500 0.587500
0.362500 0.562500
0.387500 0.562500
0.387500 0.587500
0.362500 0.537500
0.362500 0.512500
0.387500 0.512500
0.387500 0.537500
0.362500 0.487500
0.362500 0.462500
0.387500 0.462500
0.387500 0.487500
0.362500 0.437500
0.362500 0.412500
0.387500 0.412500
0.387500 0.437500
0.362500 0.387500
0.362500 0.362500
0.387500 0.362500
0.387500 0.387500
0.362500 0.337500
0.362500 0.312500
0.387500 0.312500
0.387500 0.337500
0.362500 0.287500
0.362500 0.262500
0.387500 0.262500
0.387500 0.287500
0.362500 0.237500
0.362500 0.212500
0.387500 0.212500
0.387500 0.237500
0.362500 0.187500
0.362500 0.162500
0.387500 0.162500
0.387500 0.187500
0.362500 0.137500
0.362500 0.112500
0.387500 0.112500
0.387500 0.137500
0.362500 0.087500
0.362500 0.062500
0.387500 0.062500
0.387500 0.087500
0.362500 0.037500
0.362500 0.012500
0.387500 0.012500
0.387500 0.037500
0.412500 0.987500
0.412500 0.962500
0.437500 0.962500
0.437500 0.987500
0.412500 0.937500
0.412500 0.912500
0.437500 0.912500
0.437500 0.937500
0.412500 0.887500
0.412500 0.862500
0.437500 0.862500
0.437500 0.887500
0.412500 0.837500
0.412500 0.812500
0.437500 0.812500
0.437500 0.837500
0.412500 0.787500
0.412500 0.762500
0.437500 0.762500
0.437500 0.787500
0.412500 0.737500
0.412500 0.712500
0.437500 0.712500
0.437500 0.737500
0.412500 0.687500
0.412500 0.662500
0.437500 0.662500
0.437500 0.687500
0.412500 0.637500
0.412500 0.612500
0.437500 0.612500
0.437500 0.637500
0.412500 0.587500
0.412500 0.562500
0.437500 0.562500
0.437500 0.587500
0.412500 0.537500
0.412500 0.512500
0.437500 0.512500
0.437500 0.537500
0.412500 0.487500
0.412500 0.462500
0.437500 0.462500
0.437500 0.487500
0.412500 0.437500
0.412500 0.412500
0.437500 0.412500
0.437500 0.437500
0.412500 0.387500
0.412500 0.362500
0.437500 0.362500
0.437500 0.387500
0.412500 0.337500
0.412500 0.312500
0.437500 0.312500
0.437500 0.337500
0.412500 0.287500
0.412500 0.262500
0.437500 0.262500
0.437500 0.287500
0.412500 0.237500
0.412500 0.212500
0.437500 0.212500
0.437500 0.237500
0.412500 0.187500
0.412500 0.162500
0.437500 0.162500
0.437500 0.187500
0.412500 0.137500
0.412500 0.112500
0.437500 0.112500
0.437500 0.137500
0.412500 0.087500
0.412500 0.062500
0.437500 0.062500
0.437500 0.087500
0.412500 0.037500
0.412500 0.012500
0.437500 0.012500
0.437500 0.037500
0.462500 0.987500
0.462500 0.962500
0.487500 0.962500
0.487500 0.987500
0.462500 0.937500
0.462500 0.912500
0.487500 0.912500
0.487500 0.937500
0.462500 0.887500
0.462500 0.862500
0.487500 0.862500
0.487500 0.887500
0.462500 0.837500
0.462500 0.812500
0.487500 0.812500
0.487500 0.837500
0.462500 0.787500
0.462500 0.762500
0.487500 0.762500
0.487500 0.787500
0.462500 0.737500
0.462500 0.712500
0.487500 0.712500
0.487500 0.737500
0.462500 0.687500
0.462500 0.662500
0.487500 0.662500
0.487500 0.687500
0.462500 0.637500
0.462500 0.612500
0.487500 0.612500
0.487500 0.637500
0.462500 0.587500
0.462500 0.562500
0.487500 0.562500
0.487500 0.587500
0.462500 0.537500
0.462500 0.512500
0.487500 0.512500
0.487500 0.537500
0.462500 0.487500
0.462500 0.462500
0.487500 0.462500
0.487500 0.487500
0.462500 0.437500
0.462500 0.412500
0.487500 0.412500
0.487500 0.437500
0.462500 0.387500
0.462500 0.362500
0.487500 0.362500
0.487500 0.387500
0.462500 0.337500
0.462500 0.312500
0.487500 0.312500
0.487500 0.337500
0.462500 0.287500
0.462500 0.262500
0.487500 0.262500
0.487500 0.287500
0.462500 0.237500
0.462500 0.212500
0.487500 0.212500
0.487500 0.237500
0.462500 0.187500
0.462500 0.162500
0.487500 0.162500
0.487500 0.187500
0.462500 0.137500
0.462500 0.112500
0.487500 0.112500
0.487500 0.137500
0.462500 0.087500
0.462500 0.062500
0.487500 0.062500
0.487500 0.087500
0.462500 0.037500
0.462500 0.012500
0.487500 0.012500
0.487500 0.037500
0.012500 0.975000
0.025000 0.962500
0.037500 0.975000
0.025000 0.987500
0.012500 0.925000
0.025000 0.912500
0.037500 0.925000
0.025000 0.937500
0.012500 0.875000
0.025000 0.862500
0.037500 0.875000
0.025000 0.887500
0.012500 0.825000
0.025000 0.812500
0.037500 0.825000
0.025000 0.837500
0.012500 0.775000
0.025000 0.762500
0.037500 0.775000
0.025000 0.787500
0.012500 0.725000
0.025000 0.712500
0.037500 0.725000
0.025000 0.737500
0.012500 0.675000
0.025000 0.662500
0.037500 0.675000
0.025000 0.687500
0.012500 0.625000
0.025000 0.612500
0.037500 0.625000
0.025000 0.637500
0.012500 0.575000
0.025000 0.562500
0.037500 0.575000
0.025000 0.587500
0.012500 0.525000
0.025000 0.512500
0.037500 0.525000
0.025000 0.537500
0.012500 0.475000
0.025000 0.462500
0.037500 0.475000
0.025000 0.487500
0.012500 0.425000
0.025000 0.412500
0.037500 0.425000
0.025000 0.437500
0.012500 0.375000
0.025000 0.362500
0.037500 0.375000
0.025000 0.387500
0.012500 0.325000
0.025000 0.312500
0.037500 0.325000
0.025000 0.337500
0.012500 0.275000
0.025000 0.262500
0.037500 0.275000
0.025000 0.287500
0.012500 0.225000
0.025000 0.212500
0.037500 0.225000
0.025000 0.237500
0.012500 0.175000
0.025000 0.162500
0.037500 0.175000
0.025000 0.187500
0.012500 0.125000
0.025000 0.112500
0.037500 0.125000
0.025000 0.137500
0.012500 0.075000
0.025000 0.062500
0.037500 0.075000
0.025000 0.087500
0.012500 0.025000
0.025000 0.012500
0.037500 0.025000
0.025000 0.037500
0.062500 0.975000
0.075000 0.962500
0.087500 0.975000
0.075000 0.987500
0.062500 0.925000
0.075000 0.912500
0.087500 0.925000
0.075000 0.937500
0.062500 0.875000
0.075000 0.862500
0.087500 0.875000
0.075000 0.887500
0.062500 0.825000
0.075000 0.812500
0.087500 0.825000
0.075000 0.837500
0.062500 0.775000
0.075000 0.762500
0.087500 0.775000
0.075000 0.787500
0.062500 0.725000
0.075000 0.712500
0.087500 0.725000
0.075000 0.737500
0.062500 0.675000
0.075000 0.662500
0.087500 0.675000
0.075000 0.687500
0.062500 0.625000
0.075000 0.612500
0.087500 0.625000
0.075000 0.637500
0.062500 0.575000
0.075000 0.562500
0.087500 0.575000
0.075000 0.587500
0.062500 0.525000
0.075000 0.512500
0.087500 0.525000
0.075000 0.537500
0.062500 0.475000
0.075000 0.462500
0.087500 0.475000
0.075000 0.487500
0.062500 0.425000
0.075000 0.412500
0.087500 0.425000
0.075000 0.437500
0.062500 0.375000
0.075000 0.362500
0.087500 0.375000
0.075000 0.387500
0.062500 0.325000
0.075000 0.312500
0.087500 0.325000
0.075000 0.337500
0.062500 0.275000
0.075000 0.262500
0.087500 0.275000
0.075000 0.287500
0.062500 0.225000
0.075000 0.212500
0.087500 0.225000
0.075000 0.237500
0.062500 0.175000
0.075000 0.162500
0.087500 0.175000
0.075000 0.187500
0.062500 0.125000
0.075000 0.112500
0.087500 0.125000
0.075000 0.137500
0.062500 0.075000
0.075000 0.062500
0.087500 0.075000
0.075000 0.087500
0.062500 0.025000
0.075000 0.012500
0.087500 0.025000
0.075000 0.037500
0.112500 0.975000
0.125000 0.962500
0.137500 0.975000
0.125000 0.987500
0.112500 0.925000
0.125000 0.912500
0.137500 0.925000
0.125000 0.937500
0.112500 0.875000
0.125000 0.862500
0.137500 0.875000
0.125000 0.887500
0.112500 0.825000
0.125000 0.812500
0.137500 0.825000
0.125000 0.837500
0.112500 0.775000
0.125000 0.762500
0.137500 0.775000
0.125000 0.787500
0.112500 0.725000
0.125000 0.712500
0.137500 0.725000
0.125000 0.737500
0.112500 0.675000
0.125000 0.662500
0.137500 0.675000
0.125000 0.687500
0.112500 0.625000
0.125000 0.612500
0.137500 0.625000
0.125000 0.637500
0.112500 0.575000
0.125000 0.562500
0.137500 0.575000
0.125000 0.587500
0.112500 0.525000
0.125000 0.512500
0.137500 0.525000
0.125000 0.537500
0.112500 0.475000
0.125000 0.462500
0.137500 0.475000
0.125000 0.487500
0.112500 0.425000
0.125000 0.412500
0.137500 0.425000
0.125000 0.437500
0.112500 0.375000
0.125000 0.362500
0.137500 0.375000
0.125000 0.387500
0.112500 0.325000
0.125000 0.312500
0.137500 0.325000
0.125000 0.337500
0.112500 0.275000
0.125000 0.262500
0.137500 0.275000
0.125000 0.287500
0.112500 0.225000
0.125000 0.212500
0.137500 0.225000
0.125000 0.237500
0.112500 0.175000
0.125000 0.162500
0.137500 0.175000
0.125000 0.187500
0.112500 0.125000
0.125000 0.112500
0.137500 0.125000
0.125000 0.137500
0.112500 0.075000
0.125000 0.062500
0.137500 0.075000
0.125000 0.087500
0.112500 0.025000
0.125000 0.012500
0.137500 0.025000
0.125000 0.037500
0.162500 0.975000
0.175000 0.962500
0.187500 0.975000
0.175000 0.987500
0.162500 0.925000
0.175000 0.912500
0.187500 0.925000
0.175000 0.937500
0.162500 0.875000
0.175000 0.862500
0.187500 0.875000
0.175000 0.887500
0.162500 0.825000
0.175000 0.812500
0.187500 0.825000
0.175000 0.837500
0.162500 0.775000
0.175000 0.762500
0.187500 0.775000
0.175000 0.787500
0.162500 0.725000
0.175000 0.712500
0.187500 0.725000
0.175000 0.737500
0.162500 0.675000
0.175000 0.662500
0.187500 0.675000
0.175000 0.687500
0.162500 0.625000
0.175000 0.612500
0.187500 0.625000
0.175000 0.637500
0.162500 0.575000
0.175000 0.562500
0.187500 0.575000
0.175000 0.587500
0.162500 0.525000
0.175000 0.512500
0.187500 0.525000
0.175000 0.537500
0.162500 0.475000
0.175000 0.462500
0.187500 0.475000
0.175000 0.487500
0.162500 0.425000
0.175000 0.412500
0.187500 0.425000
0.175000 0.437500
0.162500 0.375000
0.175000 0.362500
0.187500 0.375000
0.175000 0.387500
0.162500 0.325000
0.175000 0.312500
0.187500 0.325000
0.175000 0.337500
0.162500 0.275000
0.175000 0.262500
0.187500 0.275000
0.175000 0.287500
0.162500 0.225000
0.175000 0.212500
0.187500 0.225000
0.175000 0.237500
0.162500 0.175000
0.175000 0.162500
0.187500 0.175000
0.175000 0.187500
0.162500 0.125000
0.175000 0.112500
0.187500 0.125000
0.175000 0.137500
0.162500 0.075000
0.175000 0.062500
0.187500 0.075000
0.175000 0.087500
0.162500 0.025000
0.175000 0.012500
0.187500 0.025000
0.175000 0.037500
0.212500 0.975000
0.225000 0.962500
0.237500 0.975000
0.225000 0.987500
0.212500 0.925000
0.225000 0.912500
0.237500 0.925000
0.225000 0.937500
0.212500 0.875000
0.225000 0.862500
0.237500 0.875000
0.225000 0.887500
0.212500 0.825000
0.225000 0.812500
0.237500 0.825000
0.225000 0.837500
0.212500 0.775000
0.225000 0.762500
0.237500 0.775000
0.225000 0.787500
0.212500 0.725000
0.225000 0.712500
0.237500 0.725000
0.225000 0.737500
0.212500 0.675000
0.225000 0.662500
0.237500 0.675000
0.225000 0.687500
0.212500 0.625000
0.225000 0.612500
0.237500 0.625000
0.225000 0.637500
0.212500 0.575000
0.225000 0.562500
0.237500 0.575000
0.225000 0.587500
0.212500 0.525000
0.225000 0.512500
0.237500 0.525000
0.225000 0.537500
0.212500 0.475000
0.225000 0.462500
0.237500 0.475000
0.225000 0.487500
0.212500 0.425000
0.225000 0.412500
0.237500 0.425000
0.225000 0.437500
0.212500 0.375000
0.225000 0.362500
0.237500 0.375000
0.225000 0.387500
0.212500 0.325000
0.225000 0.312500
0.237500 0.325000
0.225000 0.337500
0.212500 0.275000
0.225000 0.262500
0.237500 0.275000
0.225000 0.287500
0.212500 0.225000
0.225000 0.212500
0.237500 0.225000
0.225000 0.237500
0.212500 0.175000
0.225000 0.162500
0.237500 0.175000
0.225000 0.187500
0.212500 0.125000
0.225000 0.112500
0.237500 0.125000
0.225000 0.137500
0.212500 0.075000
0.225000 0.062500
0.237500 0.075000
0.225000 0.087500
0.212500 0.025000
0.225000 0.012500
0.237500 0.025000
0.225000 0.037500
0.262500 0.975000
0.275000 0.962500
0.287500 0.975000
0.275000 0.987500
0.262500 0.925000
0.275000 0.912500
0.287500 0.925000
0.275000 0.937500
0.262500 0.875000
0.275000 0.862500
0.287500 0.875000
0.275000 0.887500
0.262500 0.825000
0.275000 0.812500
0.287500 0.825000
0.275000 0.837500
0.262500 0.775000
0.275000 0.762500
0.287500 0.775000
0.275000 0.787500
0.262500 0.725000
0.275000 0.712500
0.287500 0.725000
0.275000 0.737500
0.262500 0.675000
0.275000 0.662500
0.287500 0.675000
0.275000 0.687500
0.262500 0.625000
0.275000 0.612500
0.287500 0.625000
0.275000 0.637500
0.262500 0.575000
0.275000 0.562500
0.287500 0.575000
0.275000 0.587500
0.262500 0.525000
0.275000 0.512500
0.287500 0.525000
0.275000 0.537500
0.262500 0.475000
0.275000 0.462500
0.287500 0.475000
0.275000 0.487500
0.262500 0.425000
0.275000 0.412500
0.287500 0.425000
0.275000 0.437500
0.262500 0.375000
0.275000 0.362500
0.287500 0.375000
0.275000 0.387500
0.262500 0.325000
0.275000 0.312500
0.287500 0.325000
0.275000 0.337500
0.262500 0.275000
0.275000 0.262500
0.287500 0.275000
0.275000 0.287500
0.262500 0.225000
0.275000 0.212500
0.287500 0.225000
0.275000 0.237500
0.262500 0.175000
0.275000 0.162500
0.287500 0.175000
0.275000 0.187500
0.262500 0.125000
0.275000 0.112500
0.287500 0.125000
0.275000 0.137500
0.262500 0.075000
0.275000 0.062500
0.287500 0.075000
0.275000 0.087500
0.262500 0.025000
0.275000 0.012500
0.287500 0.025000
0.275000 0.037500
0.312500 0.975000
0.325000 0.962500
0.337500 0.975000
0.325000 0.987500
0.312500 0.925000
0.325000 0.912500
0.337500 0.925000
0.325000 0.937500
0.312500 0.875000
0.325000 0.862500
0.337500 0.875000
0.325000 0.887500
0.312500 0.825000
0.325000 0.812500
0.337500 0.825000
0.325000 0.837500
0.312500 0.775000
0.325000 0.762500
0.337500 0.775000
0.325000 0.787500
0.312500 0.725000
0.325000 0.712500
0.337500 0.725000
0.325000 0.737500
0.312500 0.675000
0.325000 0.662500
0.337500 0.675000
0.325000 0.687500
0.312500 0.625000
0.325000 0.612500
0.337500 0.625000
0.325000 0.637500
0.312500 0.575000
0.325000 0.562500
0.337500 0.575000
0.325000 0.587500
0.312500 0.525000
0.325000 0.512500
0.337500 0.525000
0.325000 0.537500
0.312500 0.475000
0.325000 0.462500
0.337500 0.475000
0.325000 0.487500
0.312500 0.425000
0.325000 0.412500
0.337500 0.425000
0.325000 0.437500
0.312500 0.375000
0.325000 0.362500
0.337500 0.375000
0.325000 0.387500
0.312500 0.325000
0.325000 0.312500
0.337500 0.325000
0.325000 0.337500
0.312500 0.275000
0.325000 0.262500
0.337500 0.275000
0.325000 0.287500
0.312500 0.225000
0.325000 0.212500
0.337500 0.225000
0.325000 0.237500
0.312500 0.175000
0.325000 0.162500
0.337500 0.175000
0.325000 0.187500
0.312500 0.125000
0.325000 0.112500
0.337500 0.125000
0.325000 0.137500
0.312500 0.075000
0.325000 0.062500
0.337500 0.075000
0.325000 0.087500
0.312500 0.025000
0.325000 0.012500
0.337500 0.025000
0.325000 0.037500
0.362500 0.975000
0.375000 0.962500
0.387500 0.975000
0.375000 0.987500
0.362500 0.925000
0.375000 0.912500
0.387500 0.925000
0.375000 0.937500
0.362500 0.875000
0.375000 0.862500
0.387500 0.875000
0.375000 0.887500
0.362500 0.825000
0.375000 0.812500
0.387500 0.825000
0.375000 0.837500
0.362500 0.775000
0.375000 0.762500
0.387500 0.775000
0.375000 0.787500
0.362500 0.725000
0.375000 0.712500
0.387500 0.725000
0.375000 0.737500
0.362500 0.675000
0.375000 0.662500
0.387500 0.675000
0.375000 0.687500
0.362500 0.625000
0.375000 0.612500
0.387500 0.625000
0.375000 0.637500
0.362500 0.575000
0.375000 0.562500
0.387500 0.575000
0.375000 0.587500
0.362500 0.525000
0.375000 0.512500
0.387500 0.525000
0.375000 0.537500
0.362500 0.475000
0.375000 0.462500
0.387500 0.475000
0.375000 0.487500
0.362500 0.425000
0.375000 0.412500
0.387500 0.425000
0.375000 0.437500
0.362500 0.375000
0.375000 0.362500
0.387500 0.375000
0.375000 0.387500
0.362500 0.325000
0.375000 0.312500
0.387500 0.325000
0.375000 0.337500
0.362500 0.275000
0.375000 0.262500
0.387500 0.275000
0.375000 0.287500
0.362500 0.225000
0.375000 0.212500
0.387500 0.225000
0.375000 0.237500
0.362500 0.175000
0.375000 0.162500
0.387500 0.175000
0.375000 0.187500
0.362500 0.125000
0.375000 0.112500
0.387500 0.125000
0.375000 0.137500
0.362500 0.075000
0.375000 0.062500
0.387500 0.075000
0.375000 0.087500
0.362500 0.025000
0.375000 0.012500
0.387500 0.025000
0.375000 0.037500
0.412500 0.975000
0.425000 0.962500
0.437500 0.975000
0.425000 0.987500
0.412500 0.925000
0.425000 0.912500
0.437500 0.925000
0.425000 0.937500
0.412500 0.875000
0.425000 0.862500
0.437500 0.875000
0.425000 0.887500
0.412500 0.825000
0.425000 0.812500
0.437500 0.825000
0.425000 0.837500
0.412500 0.775000
0.425000 0.762500
0.437500 0.775000
0.425000 0.787500
0.412500 0.725000
0.425000 0.712500
0.437500 0.725000
0.425000 0.737500
0.412500 0.675000
0.425000 0.662500
0.437500 0.675000
0.425000 0.687500
0.412500 0.625000
0.425000 0.612500
0.437500 0.625000
0.425000 0.637500
0.412500 0.575000
0.425000 0.562500
0.437500 0.575000
0.425000 0.587500
0.412500 0.525000
0.425000 0.512500
0.437500 0.525000
0.425000 0.537500
0.412500 0.475000
0.425000 0.462500
0.437500 0.475000
0.425000 0.487500
0.412500 0.425000
0.425000 0.412500
0.437500 0.425000
0.425000 0.437500
0.412500 0.375000
0.425000 0.362500
0.437500 0.375000
0.425000 0.387500
0.412500 0.325000
0.425000 0.312500
0.437500 0.325000
0.425000 0.337500
0.412500 0.275000
0.425000 0.262500
0.437500 0.275000
0.425000 0.287500
0.412500 0.225000
0.425000 0.212500
0.437500 0.225000
0.425000 0.237500
0.412500 0.175000
0.425000 0.162500
0.437500 0.175000
0.425000 0.187500
0.412500 0.125000
0.425000 0.112500
0.437500 0.125000
0.425000 0.137500
0.412500 0.075000
0.425000 0.062500
0.437500 0.075000
0.425000 0.087500
0.412500 0.025000
0.425000 0.012500
0.437500 0.025000
0.425000 0.037500
0.462500 0.975000
0.475000 0.962500
0.487500 0.975000
0.475000 0.987500
0.462500 0.925000
0.475000 0.912500
0.487500 0.925000
0.475000 0.937500
0.462500 0.875000
0.475000 0.862500
0.487500 0.875000
0.475000 0.887500
0.462500 0.825000
0.475000 0.812500
0.487500 0.825000
0.475000 0.837500
0.462500 0.775000
0.475000 0.762500
0.487500 0.775000
0.475000 0.787500
0.462500 0.725000
0.475000 0.712500
0.487500 0.725000
0.475000 0.737500
0.462500 0.675000
0.475000 0.662500
0.487500 0.675000
0.475000 0.687500
0.462500 0.625000
0.475000 0.612500
0.487500 0.625000
0.475000 0.637500
0.462500 0.575000
0.475000 0.562500
0.487500 0.575000
0.475000 0.587500
0.462500 0.525000
0.475000 0.512500
0.487500 0.525000
0.475000 0.537500
0.462500 0.475000
0.475000 0.462500
0.487500 0.475000
0.475000 0.487500
0.462500 0.425000
0.475000 0.412500
0.487500 0.425000
0.475000 0.437500
0.462500 0.375000
0.475000 0.362500
0.487500 0.375000
0.475000 0.387500
0.462500 0.325000
0.475000 0.312500
0.487500 0.325000
0.475000 0.337500
0.462500 0.275000
0.475000 0.262500
0.487500 0.275000
0.475000 0.287500
0.462500 0.225000
0.475000 0.212500
0.487500 0.225000
0.475000 0.237500
0.462500 0.175000
0.475000 0.162500
0.487500 0.175000
0.475000 0.187500
0.462500 0.125000
0.475000 0.112500
0.487500 0.125000
0.475000 0.137500
0.462500 0.075000
0.475000 0.062500
0.487500 0.075000
0.475000 0.087500
0.462500 0.025000
0.475000 0.012500
0.487500 0.025000
0.475000 0.037500
0.000000 0.987500
0.000000 0.962500
0.012500 0.950000
0.037500 0.950000
0.050000 0.962500
0.050000 0.987500
0.037500 1.000000
0.012500 1.000000
0.000000 0.937500
0.000000 0.912500
0.012500 0.900000
0.037500 0.900000
0.050000 0.912500
0.050000 0.937500
0.000000 0.887500
0.000000 0.862500
0.012500 0.850000
0.037500 0.850000
0.050000 0.862500
0.050000 0.887500
0.000000 0.837500
0.000000 0.812500
0.012500 0.800000
0.037500 0.800000
0.050000 0.812500
0.050000 0.837500
0.000000 0.787500
0.000000 0.762500
0.012500 0.750000
0.037500 0.750000
0.050000 0.762500
0.050000 0.787500
0.000000 0.737500
0.000000 0.712500
0.012500 0.700000
0.037500 0.700000
0.050000 0.712500
0.050000 0.737500
0.000000 0.687500
0.000000 0.662500
0.012500 0.650000
0.037500 0.650000
0.050000 0.662500
0.050000 0.687500
0.000000 0.637500
0.000000 0.612500
0.012500 0.600000
0.037500 0.600000
0.050000 0.612500
0.050000 0.637500
0.000000 0.587500
0.000000 0.562500
0.012500 0.550000
0.037500 0.550000
0.050000 0.562500
0.050000 0.587500
0.000000 0.537500
0.000000 0.512500
0.012500 0.500000
0.037500 0.500000
0.050000 0.512500
0.050000 0.537500
0.000000 0.487500
0.000000 0.462500
0.012500 0.450000
0.037500 0.450000
0.050000 0.462500
0.050000 0.487500
0.000000 0.437500
0.000000 0.412500
0.012500 0.400000
0.037500 0.400000
0.050000 0.412500
0.050000 0.437500
0.000000 0.387500
0.000000 0.362500
0.012500 0.350000
0.037500 0.350000
0.050000 0.362500
0.050000 0.387500
0.000000 0.337500
0.000000 0.312500
0.012500 0.300000
0.037500 0.300000
0.050000 0.312500
0.050000 0.337500
0.000000 0.287500
0.000000 0.262500
0.012500 0.250000
0.037500 0.250000
0.050000 0.262500
0.050000 0.287500
0.000000 0.237500
0.000000 0.212500
0.012500 0.200000
0.037500 0.200000
0.050000 0.212500
0.050000 0.237500
0.000000 0.187500
0.000000 0.162500
0.012500 0.150000
0.037500 0.150000
0.050000 0.162500
0.050000 0.187500
0.000000 0.137500
0.000000 0.112500
0.012500 0.100000
0.037500 0.100000
0.050000 0.112500
0.050000 0.137500
0.000000 0.087500
0.000000 0.062500
0.012500 0.050000
0.037500 0.050000
0.050000 0.062500
0.050000 0.087500
0.000000 0.037500
0.000000 0.012500
0.012500 0.000000
0.037500 0.000000
0.050000 0.012500
0.050000 0.037500
0.062500 0.950000
0.087500 0.950000
0.100000 0.962500
0.100000 0.987500
0.087500 1.000000
0.062500 1.000000
0.062500 0.900000
0.087500 0.900000
0.100000 0.912500
0.100000 0.937500
0.062500 0.850000
0.087500 0.850000
0.100000 0.862500
0.100000 0.887500
0.062500 0.800000
0.087500 0.800000
0.100000 0.812500
0.100000 0.837500
0.062500 0.750000
0.087500 0.750000
0.100000 0.762500
0.100000 0.787500
0.062500 0.700000
0.087500 0.700000
0.100000 0.712500
0.100000 0.737500
0.062500 0.650000
0.087500 0.650000
0.100000 0.662500
0.100000 0.687500
0.062500 0.600000
0.087500 0.600000
0.100000 0.612500
0.100000 0.637500
0.062500 0.550000
0.087500 0.550000
0.100000 0.562500
0.100000 0.587500
0.062500 0.500000
0.087500 0.500000
0.100000 0.512500
0.100000 0.537500
0.062500 0.450000
0.087500 0.450000
0.100000 0.462500
0.100000 0.487500
0.062500 0.400000
0.087500 0.400000
0.100000 0.412500
0.100000 0.437500
0.062500 0.350000
0.087500 0.350000
0.100000 0.362500
0.100000 0.387500
0.062500 0.300000
0.087500 0.300000
0.100000 0.312500
0.100000 0.337500
0.062500 0.250000
0.087500 0.250000
0.100000 0.262500
0.100000 0.287500
0.062500 0.200000
0.087500 0.200000
0.100000 0.212500
0.100000 0.237500
0.062500 0.150000
0.087500 0.150000
0.100000 0.162500
0.100000 0.187500
0.062500 0.100000
0.087500 0.100000
0.100000 0.112500
0.100000 0.137500
0.062500 0.050000
0.087500 0.050000
0.100000 0.062500
0.100000 0.087500
0.062500 0.000000
0.087500 0.000000
0.100000 0.012500
0.100000 0.037500
0.112500 0.950000
0.137500 0.950000
0.150000 0.962500
0.150000 0.987500
0.137500 1.000000
0.112500 1.000000
0.112500 0.900000
0.137500 0.900000
0.150000 0.912500
0.150000 0.937500
0.112500 0.850000
0.137500 0.850000
0.150000 0.862500
0.150000 0.887500
0.112500 0.800000
0.137500 0.800000
0.150000 0.812500
0.150000 0.837500
0.112500 0.750000
0.137500 0.750000
0.150000 0.762500
0.150000 0.787500
0.112500 0.700000
0.137500 0.700000
0.150000 0.712500
0.150000 0.737500
0.112500 0.650000
0.137500 0.650000
0.150000 0.662500
0.150000 0.687500
0.112500 0.600000
0.137500 0.600000
0.150000 0.612500
0.150000 0.637500
0.112500 0.550000
0.137500 0.550000
0.150000 0.562500
0.150000 0.587500
0.112500 0.500000
0.137500 0.500000
0.150000 0.512500
0.150000 0.537500
0.112500 0.450000
0.137500 0.450000
0.150000 0.462500
0.150000 0.487500
0.112500 0.400000
0.137500 0.400000
0.150000 0.412500
0.150000 0.437500
0.112500 0.350000
0.137500 0.350000
0.150000 0.362500
0.150000 0.387500
0.112500 0.300000
0.137500 0.300000
0.150000 0.312500
0.150000 0.337500
0.112500 0.250000
0.137500 0.250000
0.150000 0.262500
0.150000 0.287500
0.112500 0.200000
0.137500 0.200000
0.150000 0.212500
0.150000 0.237500
0.112500 0.150000
0.137500 0.150000
0.150000 0.162500
0.150000 0.187500
0.112500 0.100000
0.137500 0.100000
0.150000 0.112500
0.150000 0.137500
0.112500 0.050000
0.137500 0.050000
0.150000 0.062500
0.150000 0.087500
0.112500 0.000000
0.137500 0.000000
0.150000 0.012500
0.150000 0.037500
0.162500 0.950000
0.187500 0.950000
0.200000 0.962500
0.200000 0.987500
0.187500 1.000000
0.162500 1.000000
0.162500 0.900000
0.187500 0.900000
0.200000 0.912500
0.200000 0.937500
0.162500 0.850000
0.187500 0.850000
0.200000 0.862500
0.200000 0.887500
0.162500 0.800000
0.187500 0.800000
0.200000 0.812500
0.200000 0.837500
0.162500 0.750000
0.187500 0.750000
0.200000 0.762500
0.200000 0.787500
0.162500 0.700000
0.187500 0.700000
0.200000 0.712500
0.200000 0.737500
0.162500 0.650000
0.187500 0.650000
0.200000 0.662500
0.200000 0.687500
0.162500 0.600000
0.187500 0.600000
0.200000 0.612500
0.200000 0.637500
0.162500 0.550000
0.187500 0.550000
0.200000 0.562500
0.200000 0.587500
0.162500 0.500000
0.187500 0.500000
0.200000 0.512500
0.200000 0.537500
0.162500 0.450000
0.187500 0.450000
0.200000 0.462500
0.200000 0.487500
0.162500 0.400000
0.187500 0.400000
0.200000 0.412500
0.200000 0.437500
0.162500 0.350000
0.187500 0.350000
0.200000 0.362500
0.200000 0.387500
0.162500 0.300000
0.187500 0.300000
0.200000 0.312500
0.200000 0.337500
0.162500 0.250000
0.187500 0.250000
0.200000 0.262500
0.200000 0.287500
0.162500 0.200000
0.187500 0.200000
0.200000 0.212500
0.200000 0.237500
0.162500 0.150000
0.187500 0.150000
0.200000 0.162500
0.200000 0.187500
0.162500 0.100000
0.187500 0.100000
0.200000 0.112500
0.200000 0.137500
0.162500 0.050000
0.187500 0.050000
0.200000 0.062500
0.200000 0.087500
0.162500 0.000000
0.187500 0.000000
0.200000 0.012500
0.200000 0.037500
0.212500 0.950000
0.237500 0.950000
0.250000 0.962500
0.250000 0.987500
0.237500 1.000000
0.212500 1.000000
0.212500 0.900000
0.237500 0.900000
0.250000 0.912500
0.250000 0.937500
0.212500 0.850000
0.237500 0.850000
0.250000 0.862500
0.250000 0.887500
0.212500 0.800000
0.237500 0.800000
0.250000 0.812500
0.250000 0.837500
0.212500 0.750000
0.237500 0.750000
0.250000 0.762500
0.250000 0.787500
0.212500 0.700000
0.237500 0.700000
0.250000 0.712500
0.250000 0.737500
0.212500 0.650000
0.237500 0.650000
0.250000 0.662500
0.250000 0.687500
0.212500 0.600000
0.237500 0.600000
0.250000 0.612500
0.250000 0.637500
0.212500 0.550000
0.237500 0.550000
0.250000 0.562500
0.250000 0.587500
0.212500 0.500000
0.237500 0.500000
0.250000 0.512500
0.250000 0.537500
0.212500 0.450000
0.237500 0.450000
0.250000 0.462500
0.250000 0.487500
0.212500 0.400000
0.237500 0.400000
0.250000 0.412500
0.250000 0.437500
0.212500 0.350000
0.237500 0.350000
0.250000 0.362500
0.250000 0.387500
0.212500 0.300000
0.237500 0.300000
0.250000 0.312500
0.250000 0.337500
0.212500 0.250000
0.237500 0.250000
0.250000 0.262500
0.250000 0.287500
0.212500 0.200000
0.237500 0.200000
0.250000 0.212500
0.250000 0.237500
0.212500 0.150000
0.237500 0.150000
0.250000 0.162500
0.250000 0.187500
0.212500 0.100000
0.237500 0.100000
0.250000 0.112500
0.250000 0.137500
0.212500 0.050000
0.237500 0.050000
0.250000 0.062500
0.250000 0.087500
0.212500 0.000000
0.237500 0.000000
0.250000 0.012500
0.250000 0.037500
0.262500 0.950000
0.287500 0.950000
0.300000 0.962500
0.300000 0.987500
0.287500 1.000000
0.262500 1.000000
0.262500 0.900000
0.287500 0.900000
0.300000 0.912500
0.300000 0.937500
0.262500 0.850000
0.287500 0.850000
0.300000 0.862500
0.300000 0.887500
0.262500 0.800000
0.287500 0.800000
0.300000 0.812500
0.300000 0.837500
0.262500 0.750000
0.287500 0.750000
0.300000 0.762500
0.300000 0.787500
0.262500 0.700000
0.287500 0.700000
0.300000 0.712500
0.300000 0.737500
0.262500 0.650000
0.287500 0.650000
0.300000 0.662500
0.300000 0.687500
0.262500 0.600000
0.287500 0.600000
0.300000 0.612500
0.300000 0.637500
0.262500 0.550000
0.287500 0.550000
0.300000 0.562500
0.300000 0.587500
0.262500 0.500000
0.287500 0.500000
0.300000 0.512500
0.300000 0.537500
0.262500 0.450000
0.287500 0.450000
0.300000 0.462500
0.300000 0.487500
0.262500 0.400000
0.287500 0.400000
0.300000 0.412500
0.300000 0.437500
0.262500 0.350000
0.287500 0.350000
0.300000 0.362500
0.300000 0.387500
0.262500 0.300000
0.287500 0.300000
0.300000 0.312500
0.300000 0.337500
0.262500 0.250000
0.287500 0.250000
0.300000 0.262500
0.300000 0.287500
0.262500 0.200000
0.287500 0.200000
0.300000 0.212500
0.300000 0.237500
0.262500 0.150000
0.287500 0.150000
0.300000 0.162500
0.300000 0.187500
0.262500 0.100000
0.287500 0.100000
0.300000 0.112500
0.300000 0.137500
0.262500 0.050000
0.287500 0.050000
0.300000 0.062500
0.300000 0.087500
0.262500 0.000000
0.287500 0.000000
0.300000 0.012500
0.300000 0.037500
0.312500 0.950000
0.337500 0.950000
0.350000 0.962500
0.350000 0.987500
0.337500 1.000000
0.312500 1.000000
0.312500 0.900000
0.337500 0.900000
0.350000 0.912500
0.350000 0.937500
0.312500 0.850000
0.337500 0.850000
0.350000 0.862500
0.350000 0.887500
0.312500 0.800000
0.337500 0.800000
0.350000 0.812500
0.350000 0.837500
0.312500 0.750000
0.337500 0.750000
0.350000 0.762500
0.350000 0.787500
0.312500 0.700000
0.337500 0.700000
0.350000 0.712500
0.350000 0.737500
0.312500 0.650000
0.337500 0.650000
0.350000 0.662500
0.350000 0.687500
0.312500 0.600000
0.337500 0.600000
0.350000 0.612500
0.350000 0.637500
0.312500 0.550000
0.337500 0.550000
0.350000 0.562500
0.350000 0.587500
0.312500 0.500000
0.337500 0.500000
0.350000 0.512500
0.350000 0.537500
0.312500 0.450000
0.337500 0.450000
0.350000 0.462500
0.350000 0.487500
0.312500 0.400000
0.337500 0.400000
0.350000 0.412500
0.350000 0.437500
0.312500 0.350000
0.337500 0.350000
0.350000 0.362500
0.350000 0.387500
0.312500 0.300000
0.337500 0.300000
0.350000 0.312500
0.350000 0.337500
0.312500 0.250000
0.337500 0.250000
0.350000 0.262500
0.350000 0.287500
0.312500 0.200000
0.337500 0.200000
0.350000 0.212500
0.350000 0.237500
0.312500 0.150000
0.337500 0.150000
0.350000 0.162500
0.350000 0.187500
0.312500 0.100000
0.337500 0.100000
0.350000 0.112500
0.350000 0.137500
0.312500 0.050000
0.337500 0.050000
0.350000 0.062500
0.350000 0.087500
0.312500 0.000000
0.337500 0.000000
0.350000 0.012500
0.350000 0.037500
0.362500 0.950000
0.387500 0.950000
0.400000 0.962500
0.400000 0.987500
0.387500 1.000000
0.362500 1.000000
0.362500 0.900000
0.387500 0.900000
0.400000 0.912500
0.400000 0.937500
0.362500 0.850000
0.387500 0.850000
0.400000 0.862500
0.400000 0.887500
0.362500 0.800000
0.387500 0.800000
0.400000 0.812500
0.400000 0.837500
0.362500 0.750000
0.387500 0.750000
0.400000 0.762500
0.400000 0.787500
0.362500 0.700000
0.387500 0.700000
0.400000 0.712500
0.400000 0.737500
0.362500 0.650000
0.387500 0.650000
0.400000 0.662500
0.400000 0.687500
0.362500 0.600000
0.387500 0.600000
0.400000 0.612500
0.400000 0.637500
0.362500 0.550000
0.387500 0.550000
0.400000 0.562500
0.400000 0.587500
0.362500 0.500000
0.387500 0.500000
0.400000 0.512500
0.400000 0.537500
0.362500 0.450000
0.387500 0.450000
0.400000 0.462500
0.400000 0.487500
0.362500 0.400000
0.387500 0.400000
0.400000 0.412500
0.400000 0.437500
0.362500 0.350000
0.387500 0.350000
0.400000 0.362500
0.400000 0.387500
0.362500 0.300000
0.387500 0.300000
0.400000 0.312500
0.400000 0.337500
0.362500 0.250000
0.387500 0.250000
0.400000 0.262500
0.400000 0.287500
0.362500 0.200000
0.387500 0.200000
0.400000 0.212500
0.400000 0.237500
0.362500 0.150000
0.387500 0.150000
0.400000 0.162500
0.400000 0.187500
0.362500 0.100000
0.387500 0.100000
0.400000 0.112500
0.400000 0.137500
0.362500 0.050000
0.387500 0.050000
0.400000 0.062500
0.400000 0.087500
0.362500 0.000000
0.387500 0.000000
0.400000 0.012500
0.400000 0.037500
0.412500 0.950000
0.437500 0.950000
0.450000 0.962500
0.450000 0.987500
0.437500 1.000000
0.412500 1.000000
0.412500 0.900000
0.437500 0.900000
0.450000 0.912500
0.450000 0.937500
0.412500 0.850000
0.437500 0.850000
0.450000 0.862500
0.450000 0.887500
0.412500 0.800000
0.437500 0.800000
0.450000 0.812500
0.450000 0.837500
0.412500 0.750000
0.437500 0.750000
0.450000 0.762500
0.450000 0.787500
0.412500 0.700000
0.437500 0.700000
0.450000 0.712500
0.450000 0.737500
0.412500 0.650000
0.437500 0.650000
0.450000 0.662500
0.450000 0.687500
0.412500 0.600000
0.437500 0.600000
0.450000 0.612500
0.450000 0.637500
0.412500 0.550000
0.437500 0.550000
0.450000 0.562500
0.450000 0.587500
0.412500 0.500000
0.437500 0.500000
0.450000 0.512500
0.450000 0.537500
0.412500 0.450000
0.437500 0.450000
0.450000 0.462500
0.450000 0.487500
0.412500 0.400000
0.437500 0.400000
0.450000 0.412500
0.450000 0.437500
0.412500 0.350000
0.437500 0.350000
0.450000 0.362500
0.450000 0.387500
0.412500 0.300000
0.437500 0.300000
0.450000 0.312500
0.450000 0.337500
0.412500 0.250000
0.437500 0.250000
0.450000 0.262500
0.450000 0.287500
0.412500 0.200000
0.437500 0.200000
0.450000 0.212500
0.450000 0.237500
0.412500 0.150000
0.437500 0.150000
0.450000 0.162500
0.450000 0.187500
0.412500 0.100000
0.437500 0.100000
0.450000 0.112500
0.450000 0.137500
0.412500 0.050000
0.437500 0.050000
0.450000 0.062500
0.450000 0.087500
0.412500 0.000000
0.437500 0.000000
0.450000 0.012500
0.450000 0.037500
0.462500 0.950000
0.487500 0.950000
0.500000 0.962500
0.500000 0.987500
0.487500 1.000000
0.462500 1.000000
0.462500 0.900000
0.487500 0.900000
0.500000 0.912500
0.500000 0.937500
0.462500 0.850000
0.487500 0.850000
0.500000 0.862500
0.500000 0.887500
0.462500 0.800000
0.487500 0.800000
0.500000 0.812500
0.500000 0.837500
0.462500 0.750000
0.487500 0.750000
0.500000 0.762500
0.500000 0.787500
0.462500 0.700000
0.487500 0.700000
0.500000 0.712500
0.500000 0.737500
0.462500 0.650000
0.487500 0.650000
0.500000 0.662500
0.500000 0.687500
0.462500 0.600000
0.487500 0.600000
0.500000 0.612500
0.500000 0.637500
0.462500 0.550000
0.487500 0.550000
0.500000 0.562500
0.500000 0.587500
0.462500 0.500000
0.487500 0.500000
0.500000 0.512500
0.500000 0.537500
0.462500 0.450000
0.487500 0.450000
0.500000 0.462500
0.500000 0.487500
0.462500 0.400000
0.487500 0.400000
0.500000 0.412500
0.500000 0.437500
0.462500 0.350000
0.487500 0.350000
0.500000 0.362500
0.500000 0.387500
0.462500 0.300000
0.487500 0.300000
0.500000 0.312500
0.500000 0.337500
0.462500 0.250000
0.487500 0.250000
0.500000 0.262500
0.500000 0.287500
0.462500 0.200000
0.487500 0.200000
0.500000 0.212500
0.500000 0.237500
0.462500 0.150000
0.487500 0.150000
0.500000 0.162500
0.500000 0.187500
0.462500 0.100000
0.487500 0.100000
0.500000 0.112500
0.500000 0.137500
0.462500 0.050000
0.487500 0.050000
0.500000 0.062500
0.500000 0.087500
0.462500 0.000000
0.487500 0.000000
0.500000 0.012500
0.500000 0.037500
</float_array>
          <technique_common>
            <accessor source="#pPlane2-UV0-array" count="3321" stride="2">
              <param name="S" type="float"/>
              <param name="T" type="float"/>
            </accessor>
          </technique_common>
        </source>
        <vertices id="pPlane2-VERTEX">
          <input semantic="POSITION" source="#pPlane2-POSITION"/>
          <input semantic="NORMAL" source="#pPlane2-Normal0"/>
        </vertices>
        <triangles count="6400" material="lambert1">
          <input semantic="VERTEX" offset="0" source="#pPlane2-VERTEX"/>
          <input semantic="TEXCOORD" offset="1" set="0" source="#pPlane2-UV0"/>
          <p> 861 861 0 0 2461 2461 0 0 861 861 2468 2468 431 431 861 861 2461 2461 861 861 431 431 1661 1661 1661 1661 1664 1664 861 861 1664 1664 1661 1661 661 231 1664 1664 2468 2468 861 861 2468 2468 1664 1664 434 434 862 862 431 431 2462 2462 431 431 862 862 1661 1661 1 1 862 862 2462 2462 862 862 1 1 2463 2463 432 432 862 862 2463 2463 862 862 432 432 1662 1662 1662 1662 1661 1661 862 862 1661 1661 1662 1662 661 231 863 863 661 231 1662 1662 661 231 863 863 1663 1663 2464 2464 1662 1662 432 432 1662 1662 2464 2464 863 863 22 22 863 863 2464 2464 863 863 22 22 2465 2465 863 863 433 433 1663 1663 433 433 863 863 2465 2465 1664 1664 2467 2467 434 434 2467 2467 1664 1664 864 864 661 231 864 864 1664 1664 864 864 661 231 1663 1663 1663 1663 2466 2466 864 864 2466 2466 1663 1663 433 433 864 864 21 21 2467 2467 21 21 864 864 2466 2466 2469 2469 2463 2463 1 1 2463 2463 2469 2469 865 865 435 435 865 865 2469 2469 865 865 435 435 1665 1665 662 232 865 865 1665 1665 865 865 662 232 1668 1668 1668 1668 2463 2463 865 865 2463 2463 1668 1668 432 432 2470 2470 1665 1665 435 435 1665 1665 2470 2470 866 866 2 2 866 866 2470 2470 866 866 2 2 2471 2471 436 436 866 866 2471 2471 866 866 436 436 1666 1666 1666 1666 1665 1665 866 866 1665 1665 1666 1666 662 232 867 867 662 232 1666 1666 662 232 867 867 1667 1667 2472 2472 1666 1666 436 436 1666 1666 2472 2472 867 867 23 23 867 867 2472 2472 867 867 23 23 2473 2473 2473 2473 1667 1667 867 867 1667 1667 2473 2473 437 437 868 868 432 432 1668 1668 432 432 868 868 2464 2464 1667 1667 1668 1668 662 232 1668 1668 1667 1667 868 868 437 437 868 868 1667 1667 868 868 437 437 2474 2474 2474 2474 2464 2464 868 868 2464 2464 2474 2474 22 22 2475 2475 2471 2471 2 2 2471 2471 2475 2475 869 869 1669 1669 2475 2475 438 438 2475 2475 1669 1669 869 869 663 233 869 869 1669 1669 869 869 663 233 1672 1672 1672 1672 2471 2471 869 869 2471 2471 1672 1672 436 436 870 870 438 438 2476 2476 438 438 870 870 1669 1669 2477 2477 2476 2476 3 3 2476 2476 2477 2477 870 870 439 439 870 870 2477 2477 870 870 439 439 1670 1670 1670 1670 1669 1669 870 870 1669 1669 1670 1670 663 233 871 871 663 233 1670 1670 663 233 871 871 1671 1671 2478 2478 1670 1670 439 439 1670 1670 2478 2478 871 871 24 24 871 871 2478 2478 871 871 24 24 2479 2479 2479 2479 1671 1671 871 871 1671 1671 2479 2479 440 440 872 872 436 436 1672 1672 436 436 872 872 2472 2472 1671 1671 1672 1672 663 233 1672 1672 1671 1671 872 872 440 440 872 872 1671 1671 872 872 440 440 2480 2480 2480 2480 2472 2472 872 872 2472 2472 2480 2480 23 23 873 873 3 3 2481 2481 3 3 873 873 2477 2477 1673 1673 2481 2481 441 441 2481 2481 1673 1673 873 873 664 234 873 873 1673 1673 873 873 664 234 1676 1676 1676 1676 2477 2477 873 873 2477 2477 1676 1676 439 439 874 874 441 441 2482 2482 441 441 874 874 1673 1673 2483 2483 2482 2482 4 4 2482 2482 2483 2483 874 874 442 442 874 874 2483 2483 874 874 442 442 1674 1674 1674 1674 1673 1673 874 874 1673 1673 1674 1674 664 234 875 875 664 234 1674 1674 664 234 875 875 1675 1675 2484 2484 1674 1674 442 442 1674 1674 2484 2484 875 875 25 25 875 875 2484 2484 875 875 25 25 2485 2485 2485 2485 1675 1675 875 875 1675 1675 2485 2485 443 443 876 876 439 439 1676 1676 439 439 876 876 2478 2478 1675 1675 1676 1676 664 234 1676 1676 1675 1675 876 876 443 443 876 876 1675 1675 876 876 443 443 2486 2486 2486 2486 2478 2478 876 876 2478 2478 2486 2486 24 24 877 877 4 4 2487 2487 4 4 877 877 2483 2483 1677 1677 2487 2487 444 444 2487 2487 1677 1677 877 877 665 235 877 877 1677 1677 877 877 665 235 1680 1680 1680 1680 2483 2483 877 877 2483 2483 1680 1680 442 442 878 878 444 444 2488 2488 444 444 878 878 1677 1677 2489 2489 2488 2488 5 5 2488 2488 2489 2489 878 878 445 445 878 878 2489 2489 878 878 445 445 1678 1678 1678 1678 1677 1677 878 878 1677 1677 1678 1678 665 235 879 879 665 235 1678 1678 665 235 879 879 1679 1679 2490 2490 1678 1678 445 445 1678 1678 2490 2490 879 879 2490 2490 26 26 879 879 879 879 26 26 2491 2491 879 879 2491 2491 1679 1679 1679 1679 2491 2491 446 446 880 880 442 442 1680 1680 442 442 880 880 2484 2484 1679 1679 1680 1680 665 235 1680 1680 1679 1679 880 880 446 446 880 880 1679 1679 880 880 446 446 2492 2492 2492 2492 2484 2484 880 880 2484 2484 2492 2492 25 25 2493 2493 881 881 5 5 5 5 881 881 2489 2489 447 447 1681 1681 2493 2493 2493 2493 1681 1681 881 881 1681 1681 666 236 881 881 881 881 666 236 1684 1684 881 881 1684 1684 2489 2489 2489 2489 1684 1684 445 445 2494 2494 1681 1681 447 447 1681 1681 2494 2494 882 882 6 6 882 882 2494 2494 882 882 6 6 2495 2495 2495 2495 448 448 882 882 882 882 448 448 1682 1682 882 882 1682 1682 1681 1681 1681 1681 1682 1682 666 236 1682 1682 883 883 666 236 666 236 883 883 1683 1683 448 448 2496 2496 1682 1682 1682 1682 2496 2496 883 883 2496 2496 27 27 883 883 883 883 27 27 2497 2497 883 883 2497 2497 1683 1683 1683 1683 2497 2497 449 449 1684 1684 884 884 445 445 445 445 884 884 2490 2490 666 236 1683 1683 1684 1684 1684 1684 1683 1683 884 884 1683 1683 449 449 884 884 884 884 449 449 2498 2498 884 884 2498 2498 2490 2490 2490 2490 2498 2498 26 26 2499 2499 2495 2495 6 6 2495 2495 2499 2499 885 885 450 450 885 885 2499 2499 885 885 450 450 1685 1685 1685 1685 667 237 885 885 885 885 667 237 1688 1688 885 885 1688 1688 2495 2495 2495 2495 1688 1688 448 448 2500 2500 1685 1685 450 450 1685 1685 2500 2500 886 886 7 7 886 886 2500 2500 886 886 7 7 2501 2501 2501 2501 451 451 886 886 886 886 451 451 1686 1686 886 886 1686 1686 1685 1685 1685 1685 1686 1686 667 237 1686 1686 887 887 667 237 667 237 887 887 1687 1687 451 451 2502 2502 1686 1686 1686 1686 2502 2502 887 887 2502 2502 28 28 887 887 887 887 28 28 2503 2503 887 887 2503 2503 1687 1687 1687 1687 2503 2503 452 452 1688 1688 888 888 448 448 448 448 888 888 2496 2496 667 237 1687 1687 1688 1688 1688 1688 1687 1687 888 888 1687 1687 452 452 888 888 888 888 452 452 2504 2504 888 888 2504 2504 2496 2496 2496 2496 2504 2504 27 27 2505 2505 2501 2501 7 7 2501 2501 2505 2505 889 889 453 453 889 889 2505 2505 889 889 453 453 1689 1689 1689 1689 668 238 889 889 889 889 668 238 1692 1692 889 889 1692 1692 2501 2501 2501 2501 1692 1692 451 451 2506 2506 890 890 453 453 453 453 890 890 1689 1689 8 8 2507 2507 2506 2506 2506 2506 2507 2507 890 890 2507 2507 454 454 890 890 890 890 454 454 1690 1690 890 890 1690 1690 1689 1689 1689 1689 1690 1690 668 238 1690 1690 891 891 668 238 668 238 891 891 1691 1691 454 454 2508 2508 1690 1690 1690 1690 2508 2508 891 891 2508 2508 2509 2509 891 891 2509 2509 2508 2508 29 29 891 891 455 455 1691 1691 455 455 891 891 2509 2509 1692 1692 892 892 451 451 451 451 892 892 2502 2502 668 238 1691 1691 1692 1692 1692 1692 1691 1691 892 892 455 455 892 892 1691 1691 892 892 455 455 2510 2510 892 892 2510 2510 2502 2502 2502 2502 2510 2510 28 28 2511 2511 893 893 8 8 8 8 893 893 2507 2507 456 456 1693 1693 2511 2511 2511 2511 1693 1693 893 893 1693 1693 669 239 893 893 893 893 669 239 1696 1696 893 893 1696 1696 2507 2507 2507 2507 1696 1696 454 454 2512 2512 894 894 456 456 456 456 894 894 1693 1693 9 9 2513 2513 2512 2512 2512 2512 2513 2513 894 894 2513 2513 457 457 894 894 894 894 457 457 1694 1694 894 894 1694 1694 1693 1693 1693 1693 1694 1694 669 239 895 895 669 239 1694 1694 669 239 895 895 1695 1695 2514 2514 1694 1694 457 457 1694 1694 2514 2514 895 895 2514 2514 2515 2515 895 895 2515 2515 2514 2514 30 30 895 895 458 458 1695 1695 458 458 895 895 2515 2515 1696 1696 896 896 454 454 454 454 896 896 2508 2508 1695 1695 1696 1696 669 239 1696 1696 1695 1695 896 896 1695 1695 2516 2516 896 896 2516 2516 1695 1695 458 458 896 896 29 29 2508 2508 29 29 896 896 2516 2516 897 897 9 9 2517 2517 9 9 897 897 2513 2513 1697 1697 2517 2517 459 459 2517 2517 1697 1697 897 897 670 240 897 897 1697 1697 897 897 670 240 1700 1700 1700 1700 2513 2513 897 897 2513 2513 1700 1700 457 457 898 898 459 459 2518 2518 459 459 898 898 1697 1697 2519 2519 2518 2518 10 10 2518 2518 2519 2519 898 898 460 460 898 898 2519 2519 898 898 460 460 1698 1698 1698 1698 1697 1697 898 898 1697 1697 1698 1698 670 240 899 899 670 240 1698 1698 670 240 899 899 1699 1699 2520 2520 1698 1698 460 460 1698 1698 2520 2520 899 899 31 31 899 899 2520 2520 899 899 31 31 2521 2521 2521 2521 1699 1699 899 899 1699 1699 2521 2521 461 461 900 900 457 457 1700 1700 457 457 900 900 2514 2514 1699 1699 1700 1700 670 240 1700 1700 1699 1699 900 900 461 461 900 900 1699 1699 900 900 461 461 2522 2522 2522 2522 2514 2514 900 900 2514 2514 2522 2522 30 30 901 901 10 10 2523 2523 10 10 901 901 2519 2519 1701 1701 2523 2523 462 462 2523 2523 1701 1701 901 901 671 241 901 901 1701 1701 901 901 671 241 1704 1704 1704 1704 2519 2519 901 901 2519 2519 1704 1704 460 460 902 902 462 462 2524 2524 462 462 902 902 1701 1701 11 11 2525 2525 2524 2524 2524 2524 2525 2525 902 902 463 463 902 902 2525 2525 902 902 463 463 1702 1702 1702 1702 1701 1701 902 902 1701 1701 1702 1702 671 241 903 903 671 241 1702 1702 671 241 903 903 1703 1703 2526 2526 1702 1702 463 463 1702 1702 2526 2526 903 903 32 32 903 903 2526 2526 903 903 32 32 2527 2527 2527 2527 1703 1703 903 903 1703 1703 2527 2527 464 464 904 904 460 460 1704 1704 460 460 904 904 2520 2520 1703 1703 1704 1704 671 241 1704 1704 1703 1703 904 904 1703 1703 2528 2528 904 904 2528 2528 1703 1703 464 464 904 904 31 31 2520 2520 31 31 904 904 2528 2528 905 905 11 11 2529 2529 11 11 905 905 2525 2525 465 465 905 905 2529 2529 905 905 465 465 1705 1705 1705 1705 1708 1708 905 905 1708 1708 1705 1705 672 242 1708 1708 2525 2525 905 905 2525 2525 1708 1708 463 463 2530 2530 1705 1705 465 465 1705 1705 2530 2530 906 906 12 12 906 906 2530 2530 906 906 12 12 2531 2531 2531 2531 1706 1706 906 906 1706 1706 2531 2531 466 466 906 906 672 242 1705 1705 672 242 906 906 1706 1706 1706 1706 1707 1707 672 242 1707 1707 1706 1706 907 907 466 466 907 907 1706 1706 907 907 466 466 2532 2532 2532 2532 2533 2533 907 907 2533 2533 2532 2532 33 33 2533 2533 1707 1707 907 907 1707 1707 2533 2533 467 467 908 908 463 463 1708 1708 463 463 908 908 2526 2526 672 242 908 908 1708 1708 908 908 672 242 1707 1707 467 467 908 908 1707 1707 908 908 467 467 2534 2534 2534 2534 2526 2526 908 908 2526 2526 2534 2534 32 32 909 909 12 12 2535 2535 12 12 909 909 2531 2531 468 468 909 909 2535 2535 909 909 468 468 1709 1709 1709 1709 1712 1712 909 909 1712 1712 1709 1709 673 243 1712 1712 2531 2531 909 909 2531 2531 1712 1712 466 466 910 910 468 468 2536 2536 468 468 910 910 1709 1709 13 13 2537 2537 2536 2536 2536 2536 2537 2537 910 910 469 469 910 910 2537 2537 910 910 469 469 1710 1710 910 910 673 243 1709 1709 673 243 910 910 1710 1710 1710 1710 1711 1711 673 243 1711 1711 1710 1710 911 911 469 469 911 911 1710 1710 911 911 469 469 2538 2538 2538 2538 2539 2539 911 911 2539 2539 2538 2538 34 34 911 911 470 470 1711 1711 470 470 911 911 2539 2539 1712 1712 2532 2532 466 466 2532 2532 1712 1712 912 912 673 243 912 912 1712 1712 912 912 673 243 1711 1711 1711 1711 2540 2540 912 912 2540 2540 1711 1711 470 470 912 912 33 33 2532 2532 33 33 912 912 2540 2540 2541 2541 913 913 13 13 13 13 913 913 2537 2537 1713 1713 2541 2541 471 471 2541 2541 1713 1713 913 913 1713 1713 1716 1716 913 913 1716 1716 1713 1713 674 244 913 913 469 469 2537 2537 469 469 913 913 1716 1716 2542 2542 1713 1713 471 471 1713 1713 2542 2542 914 914 14 14 914 914 2542 2542 914 914 14 14 2543 2543 2543 2543 1714 1714 914 914 1714 1714 2543 2543 472 472 914 914 674 244 1713 1713 674 244 914 914 1714 1714 1714 1714 1715 1715 674 244 1715 1715 1714 1714 915 915 472 472 915 915 1714 1714 915 915 472 472 2544 2544 2544 2544 2545 2545 915 915 2545 2545 2544 2544 35 35 915 915 473 473 1715 1715 473 473 915 915 2545 2545 1716 1716 2538 2538 469 469 2538 2538 1716 1716 916 916 674 244 916 916 1716 1716 916 916 674 244 1715 1715 1715 1715 2546 2546 916 916 2546 2546 1715 1715 473 473 916 916 34 34 2538 2538 34 34 916 916 2546 2546 2547 2547 2543 2543 14 14 2543 2543 2547 2547 917 917 474 474 917 917 2547 2547 917 917 474 474 1717 1717 1717 1717 1720 1720 917 917 1720 1720 1717 1717 675 245 917 917 472 472 2543 2543 472 472 917 917 1720 1720 2548 2548 1717 1717 474 474 1717 1717 2548 2548 918 918 15 15 918 918 2548 2548 918 918 15 15 2549 2549 2549 2549 1718 1718 918 918 1718 1718 2549 2549 475 475 918 918 675 245 1717 1717 675 245 918 918 1718 1718 1718 1718 1719 1719 675 245 1719 1719 1718 1718 919 919 475 475 919 919 1718 1718 919 919 475 475 2550 2550 2550 2550 2551 2551 919 919 2551 2551 2550 2550 36 36 919 919 476 476 1719 1719 476 476 919 919 2551 2551 1720 1720 2544 2544 472 472 2544 2544 1720 1720 920 920 675 245 920 920 1720 1720 920 920 675 245 1719 1719 1719 1719 2552 2552 920 920 2552 2552 1719 1719 476 476 920 920 35 35 2544 2544 35 35 920 920 2552 2552 2553 2553 2549 2549 15 15 2549 2549 2553 2553 921 921 477 477 921 921 2553 2553 921 921 477 477 1721 1721 1721 1721 1724 1724 921 921 1724 1724 1721 1721 676 246 921 921 475 475 2549 2549 475 475 921 921 1724 1724 2554 2554 1721 1721 477 477 1721 1721 2554 2554 922 922 16 16 922 922 2554 2554 922 922 16 16 2555 2555 2555 2555 1722 1722 922 922 1722 1722 2555 2555 478 478 922 922 676 246 1721 1721 676 246 922 922 1722 1722 1722 1722 1723 1723 676 246 1723 1723 1722 1722 923 923 478 478 923 923 1722 1722 923 923 478 478 2556 2556 2556 2556 2557 2557 923 923 2557 2557 2556 2556 37 37 923 923 479 479 1723 1723 479 479 923 923 2557 2557 1724 1724 2550 2550 475 475 2550 2550 1724 1724 924 924 676 246 924 924 1724 1724 924 924 676 246 1723 1723 1723 1723 2558 2558 924 924 2558 2558 1723 1723 479 479 924 924 36 36 2550 2550 36 36 924 924 2558 2558 2559 2559 2555 2555 16 16 2555 2555 2559 2559 925 925 480 480 925 925 2559 2559 925 925 480 480 1725 1725 1725 1725 1728 1728 925 925 1728 1728 1725 1725 677 247 925 925 478 478 2555 2555 478 478 925 925 1728 1728 2560 2560 1725 1725 480 480 1725 1725 2560 2560 926 926 17 17 926 926 2560 2560 926 926 17 17 2561 2561 481 481 926 926 2561 2561 926 926 481 481 1726 1726 1726 1726 1725 1725 926 926 1725 1725 1726 1726 677 247 1726 1726 1727 1727 677 247 1727 1727 1726 1726 927 927 481 481 927 927 1726 1726 927 927 481 481 2562 2562 38 38 2563 2563 927 927 927 927 2562 2562 38 38 927 927 482 482 1727 1727 482 482 927 927 2563 2563 1728 1728 2556 2556 478 478 2556 2556 1728 1728 928 928 677 247 928 928 1728 1728 928 928 677 247 1727 1727 1727 1727 2564 2564 928 928 2564 2564 1727 1727 482 482 928 928 37 37 2556 2556 37 37 928 928 2564 2564 929 929 17 17 2565 2565 17 17 929 929 2561 2561 1729 1729 2565 2565 483 483 2565 2565 1729 1729 929 929 678 248 929 929 1729 1729 929 929 678 248 1732 1732 1732 1732 2561 2561 929 929 2561 2561 1732 1732 481 481 930 930 483 483 2566 2566 483 483 930 930 1729 1729 2567 2567 2566 2566 18 18 2566 2566 2567 2567 930 930 484 484 930 930 2567 2567 930 930 484 484 1730 1730 1730 1730 1729 1729 930 930 1729 1729 1730 1730 678 248 1730 1730 1731 1731 678 248 1731 1731 1730 1730 931 931 484 484 931 931 1730 1730 931 931 484 484 2568 2568 39 39 2569 2569 931 931 931 931 2568 2568 39 39 2569 2569 485 485 1731 1731 1731 1731 931 931 2569 2569 1732 1732 2562 2562 481 481 2562 2562 1732 1732 932 932 678 248 932 932 1732 1732 932 932 678 248 1731 1731 485 485 2570 2570 932 932 932 932 1731 1731 485 485 2570 2570 38 38 2562 2562 2562 2562 932 932 2570 2570 933 933 18 18 2571 2571 18 18 933 933 2567 2567 1733 1733 2571 2571 486 486 2571 2571 1733 1733 933 933 679 249 933 933 1733 1733 933 933 679 249 1736 1736 1736 1736 2567 2567 933 933 2567 2567 1736 1736 484 484 934 934 486 486 2572 2572 486 486 934 934 1733 1733 2573 2573 2572 2572 19 19 2572 2572 2573 2573 934 934 2573 2573 1734 1734 934 934 1734 1734 2573 2573 487 487 1734 1734 1733 1733 934 934 1733 1733 1734 1734 679 249 1734 1734 1735 1735 679 249 1735 1735 1734 1734 935 935 487 487 935 935 1734 1734 935 935 487 487 2574 2574 40 40 2575 2575 935 935 40 40 935 935 2574 2574 2575 2575 488 488 1735 1735 2575 2575 1735 1735 935 935 1736 1736 2568 2568 484 484 2568 2568 1736 1736 936 936 679 249 936 936 1736 1736 936 936 679 249 1735 1735 488 488 2576 2576 936 936 936 936 1735 1735 488 488 2576 2576 39 39 2568 2568 2568 2568 936 936 2576 2576 937 937 19 19 2577 2577 19 19 937 937 2573 2573 1737 1737 2577 2577 489 489 2577 2577 1737 1737 937 937 1737 1737 1740 1740 937 937 1740 1740 1737 1737 680 250 937 937 487 487 2573 2573 487 487 937 937 1740 1740 938 938 489 489 2578 2578 489 489 938 938 1737 1737 2579 2579 2578 2578 20 20 2578 2578 2579 2579 938 938 490 490 938 938 2579 2579 938 938 490 490 1738 1738 1738 1738 1737 1737 938 938 1737 1737 1738 1738 680 250 1738 1738 1739 1739 680 250 1739 1739 1738 1738 939 939 490 490 939 939 1738 1738 939 939 490 490 2580 2580 2580 2580 2581 2581 939 939 2581 2581 2580 2580 41 41 2581 2581 1739 1739 939 939 1739 1739 2581 2581 491 491 1740 1740 2574 2574 487 487 2574 2574 1740 1740 940 940 680 250 940 940 1740 1740 940 940 680 250 1739 1739 491 491 2582 2582 940 940 940 940 1739 1739 491 491 2582 2582 40 40 2574 2574 2582 2582 2574 2574 940 940 2466 2466 2588 2588 21 21 2588 2588 2466 2466 941 941 433 433 941 941 2466 2466 941 941 433 433 1741 1741 1741 1741 1744 1744 941 941 1744 1744 1741 1741 681 251 941 941 494 494 2588 2588 494 494 941 941 1744 1744 2465 2465 1741 1741 433 433 1741 1741 2465 2465 942 942 22 22 942 942 2465 2465 942 942 22 22 2583 2583 2583 2583 1742 1742 942 942 1742 1742 2583 2583 492 492 942 942 681 251 1741 1741 681 251 942 942 1742 1742 943 943 681 251 1742 1742 681 251 943 943 1743 1743 2584 2584 1742 1742 492 492 1742 1742 2584 2584 943 943 43 43 943 943 2584 2584 943 943 43 43 2585 2585 2585 2585 1743 1743 943 943 1743 1743 2585 2585 493 493 1744 1744 2587 2587 494 494 2587 2587 1744 1744 944 944 681 251 944 944 1744 1744 944 944 681 251 1743 1743 1743 1743 2586 2586 944 944 2586 2586 1743 1743 493 493 944 944 42 42 2587 2587 42 42 944 944 2586 2586 2474 2474 2583 2583 22 22 2583 2583 2474 2474 945 945 1745 1745 2474 2474 437 437 2474 2474 1745 1745 945 945 1745 1745 1748 1748 945 945 1748 1748 1745 1745 682 252 945 945 492 492 2583 2583 492 492 945 945 1748 1748 946 946 437 437 2473 2473 437 437 946 946 1745 1745 2589 2589 2473 2473 23 23 2473 2473 2589 2589 946 946 495 495 946 946 2589 2589 946 946 495 495 1746 1746 946 946 682 252 1745 1745 682 252 946 946 1746 1746 1746 1746 1747 1747 682 252 1747 1747 1746 1746 947 947 495 495 947 947 1746 1746 947 947 495 495 2590 2590 2590 2590 2591 2591 947 947 2591 2591 2590 2590 44 44 947 947 2591 2591 1747 1747 1747 1747 2591 2591 496 496 948 948 492 492 1748 1748 492 492 948 948 2584 2584 682 252 948 948 1748 1748 948 948 682 252 1747 1747 496 496 948 948 1747 1747 948 948 496 496 2592 2592 948 948 2592 2592 2584 2584 2584 2584 2592 2592 43 43 949 949 23 23 2480 2480 23 23 949 949 2589 2589 1749 1749 2480 2480 440 440 2480 2480 1749 1749 949 949 683 253 949 949 1749 1749 949 949 683 253 1752 1752 1752 1752 2589 2589 949 949 2589 2589 1752 1752 495 495 950 950 440 440 2479 2479 440 440 950 950 1749 1749 2593 2593 2479 2479 24 24 2479 2479 2593 2593 950 950 2593 2593 497 497 950 950 950 950 497 497 1750 1750 1750 1750 1749 1749 950 950 1749 1749 1750 1750 683 253 951 951 683 253 1750 1750 683 253 951 951 1751 1751 2594 2594 1750 1750 497 497 1750 1750 2594 2594 951 951 2594 2594 2595 2595 951 951 2595 2595 2594 2594 45 45 951 951 498 498 1751 1751 498 498 951 951 2595 2595 1752 1752 2590 2590 495 495 2590 2590 1752 1752 952 952 683 253 952 952 1752 1752 952 952 683 253 1751 1751 1751 1751 2596 2596 952 952 2596 2596 1751 1751 498 498 952 952 44 44 2590 2590 44 44 952 952 2596 2596 2486 2486 953 953 24 24 24 24 953 953 2593 2593 1753 1753 2486 2486 443 443 2486 2486 1753 1753 953 953 1753 1753 684 254 953 953 953 953 684 254 1756 1756 1756 1756 2593 2593 953 953 2593 2593 1756 1756 497 497 954 954 443 443 2485 2485 443 443 954 954 1753 1753 2597 2597 2485 2485 25 25 2485 2485 2597 2597 954 954 2597 2597 499 499 954 954 954 954 499 499 1754 1754 954 954 1754 1754 1753 1753 1753 1753 1754 1754 684 254 955 955 684 254 1754 1754 684 254 955 955 1755 1755 499 499 2598 2598 1754 1754 1754 1754 2598 2598 955 955 46 46 955 955 2598 2598 955 955 46 46 2599 2599 955 955 2599 2599 1755 1755 1755 1755 2599 2599 500 500 1756 1756 956 956 497 497 497 497 956 956 2594 2594 1755 1755 1756 1756 684 254 1756 1756 1755 1755 956 956 500 500 956 956 1755 1755 956 956 500 500 2600 2600 956 956 2600 2600 2594 2594 2594 2594 2600 2600 45 45 2492 2492 957 957 25 25 25 25 957 957 2597 2597 446 446 1757 1757 2492 2492 2492 2492 1757 1757 957 957 1757 1757 685 255 957 957 957 957 685 255 1760 1760 957 957 1760 1760 2597 2597 2597 2597 1760 1760 499 499 2491 2491 958 958 446 446 446 446 958 958 1757 1757 26 26 2601 2601 2491 2491 2491 2491 2601 2601 958 958 2601 2601 501 501 958 958 958 958 501 501 1758 1758 958 958 1758 1758 1757 1757 1757 1757 1758 1758 685 255 959 959 685 255 1758 1758 685 255 959 959 1759 1759 501 501 2602 2602 1758 1758 1758 1758 2602 2602 959 959 47 47 959 959 2602 2602 959 959 47 47 2603 2603 2603 2603 1759 1759 959 959 1759 1759 2603 2603 502 502 1760 1760 960 960 499 499 499 499 960 960 2598 2598 1759 1759 1760 1760 685 255 1760 1760 1759 1759 960 960 502 502 960 960 1759 1759 960 960 502 502 2604 2604 2604 2604 2598 2598 960 960 2598 2598 2604 2604 46 46 2498 2498 961 961 26 26 26 26 961 961 2601 2601 449 449 1761 1761 2498 2498 2498 2498 1761 1761 961 961 1761 1761 686 256 961 961 961 961 686 256 1764 1764 961 961 1764 1764 2601 2601 2601 2601 1764 1764 501 501 2497 2497 962 962 449 449 449 449 962 962 1761 1761 27 27 2605 2605 2497 2497 2497 2497 2605 2605 962 962 2605 2605 503 503 962 962 962 962 503 503 1762 1762 962 962 1762 1762 1761 1761 1761 1761 1762 1762 686 256 963 963 686 256 1762 1762 686 256 963 963 1763 1763 2606 2606 1762 1762 503 503 1762 1762 2606 2606 963 963 48 48 963 963 2606 2606 963 963 48 48 2607 2607 2607 2607 1763 1763 963 963 1763 1763 2607 2607 504 504 964 964 501 501 1764 1764 501 501 964 964 2602 2602 1763 1763 1764 1764 686 256 1764 1764 1763 1763 964 964 504 504 964 964 1763 1763 964 964 504 504 2608 2608 2608 2608 2602 2602 964 964 2602 2602 2608 2608 47 47 2504 2504 965 965 27 27 27 27 965 965 2605 2605 452 452 1765 1765 2504 2504 2504 2504 1765 1765 965 965 1765 1765 687 257 965 965 965 965 687 257 1768 1768 965 965 1768 1768 2605 2605 2605 2605 1768 1768 503 503 2503 2503 966 966 452 452 452 452 966 966 1765 1765 28 28 2609 2609 2503 2503 2503 2503 2609 2609 966 966 505 505 966 966 2609 2609 966 966 505 505 1766 1766 1766 1766 1765 1765 966 966 1765 1765 1766 1766 687 257 967 967 687 257 1766 1766 687 257 967 967 1767 1767 2610 2610 1766 1766 505 505 1766 1766 2610 2610 967 967 49 49 967 967 2610 2610 967 967 49 49 2611 2611 2611 2611 1767 1767 967 967 1767 1767 2611 2611 506 506 968 968 503 503 1768 1768 503 503 968 968 2606 2606 1767 1767 1768 1768 687 257 1768 1768 1767 1767 968 968 506 506 968 968 1767 1767 968 968 506 506 2612 2612 2612 2612 2606 2606 968 968 2606 2606 2612 2612 48 48 969 969 28 28 2510 2510 28 28 969 969 2609 2609 1769 1769 2510 2510 455 455 2510 2510 1769 1769 969 969 688 258 969 969 1769 1769 969 969 688 258 1772 1772 1772 1772 2609 2609 969 969 2609 2609 1772 1772 505 505 970 970 455 455 2509 2509 455 455 970 970 1769 1769 2613 2613 2509 2509 29 29 2509 2509 2613 2613 970 970 507 507 970 970 2613 2613 970 970 507 507 1770 1770 1770 1770 1769 1769 970 970 1769 1769 1770 1770 688 258 971 971 688 258 1770 1770 688 258 971 971 1771 1771 2614 2614 1770 1770 507 507 1770 1770 2614 2614 971 971 50 50 971 971 2614 2614 971 971 50 50 2615 2615 2615 2615 1771 1771 971 971 1771 1771 2615 2615 508 508 972 972 505 505 1772 1772 505 505 972 972 2610 2610 1771 1771 1772 1772 688 258 1772 1772 1771 1771 972 972 508 508 972 972 1771 1771 972 972 508 508 2616 2616 2616 2616 2610 2610 972 972 2610 2610 2616 2616 49 49 973 973 29 29 2516 2516 29 29 973 973 2613 2613 1773 1773 2516 2516 458 458 2516 2516 1773 1773 973 973 689 259 973 973 1773 1773 973 973 689 259 1776 1776 1776 1776 2613 2613 973 973 2613 2613 1776 1776 507 507 974 974 458 458 2515 2515 458 458 974 974 1773 1773 2617 2617 2515 2515 30 30 2515 2515 2617 2617 974 974 509 509 974 974 2617 2617 974 974 509 509 1774 1774 1774 1774 1773 1773 974 974 1773 1773 1774 1774 689 259 1774 1774 975 975 689 259 689 259 975 975 1775 1775 509 509 2618 2618 1774 1774 1774 1774 2618 2618 975 975 51 51 975 975 2618 2618 975 975 51 51 2619 2619 975 975 2619 2619 1775 1775 1775 1775 2619 2619 510 510 976 976 507 507 1776 1776 507 507 976 976 2614 2614 1775 1775 1776 1776 689 259 1776 1776 1775 1775 976 976 1775 1775 510 510 976 976 976 976 510 510 2620 2620 976 976 2620 2620 2614 2614 2614 2614 2620 2620 50 50 977 977 30 30 2522 2522 30 30 977 977 2617 2617 461 461 1777 1777 2522 2522 2522 2522 1777 1777 977 977 1777 1777 690 260 977 977 977 977 690 260 1780 1780 977 977 1780 1780 2617 2617 2617 2617 1780 1780 509 509 2521 2521 978 978 461 461 461 461 978 978 1777 1777 2621 2621 2521 2521 31 31 2521 2521 2621 2621 978 978 511 511 978 978 2621 2621 978 978 511 511 1778 1778 1778 1778 1777 1777 978 978 1777 1777 1778 1778 690 260 979 979 690 260 1778 1778 690 260 979 979 1779 1779 2622 2622 1778 1778 511 511 1778 1778 2622 2622 979 979 52 52 979 979 2622 2622 979 979 52 52 2623 2623 2623 2623 1779 1779 979 979 1779 1779 2623 2623 512 512 1780 1780 980 980 509 509 509 509 980 980 2618 2618 1779 1779 1780 1780 690 260 1780 1780 1779 1779 980 980 512 512 980 980 1779 1779 980 980 512 512 2624 2624 2624 2624 2618 2618 980 980 2618 2618 2624 2624 51 51 981 981 31 31 2528 2528 31 31 981 981 2621 2621 1781 1781 2528 2528 464 464 2528 2528 1781 1781 981 981 691 261 981 981 1781 1781 981 981 691 261 1784 1784 1784 1784 2621 2621 981 981 2621 2621 1784 1784 511 511 982 982 464 464 2527 2527 464 464 982 982 1781 1781 32 32 982 982 2527 2527 982 982 32 32 2625 2625 513 513 982 982 2625 2625 982 982 513 513 1782 1782 1782 1782 1781 1781 982 982 1781 1781 1782 1782 691 261 983 983 691 261 1782 1782 691 261 983 983 1783 1783 2626 2626 1782 1782 513 513 1782 1782 2626 2626 983 983 53 53 983 983 2626 2626 983 983 53 53 2627 2627 2627 2627 1783 1783 983 983 1783 1783 2627 2627 514 514 984 984 511 511 1784 1784 511 511 984 984 2622 2622 1783 1783 1784 1784 691 261 1784 1784 1783 1783 984 984 514 514 984 984 1783 1783 984 984 514 514 2628 2628 2628 2628 2622 2622 984 984 2622 2622 2628 2628 52 52 2534 2534 2625 2625 32 32 2625 2625 2534 2534 985 985 1785 1785 2534 2534 467 467 2534 2534 1785 1785 985 985 1785 1785 1788 1788 985 985 1788 1788 1785 1785 692 262 985 985 513 513 2625 2625 513 513 985 985 1788 1788 986 986 467 467 2533 2533 467 467 986 986 1785 1785 2629 2629 2533 2533 33 33 2533 2533 2629 2629 986 986 515 515 986 986 2629 2629 986 986 515 515 1786 1786 986 986 692 262 1785 1785 692 262 986 986 1786 1786 987 987 692 262 1786 1786 692 262 987 987 1787 1787 515 515 987 987 1786 1786 987 987 515 515 2630 2630 2630 2630 2631 2631 987 987 2631 2631 2630 2630 54 54 2631 2631 1787 1787 987 987 1787 1787 2631 2631 516 516 988 988 513 513 1788 1788 513 513 988 988 2626 2626 1787 1787 1788 1788 692 262 1788 1788 1787 1787 988 988 516 516 988 988 1787 1787 988 988 516 516 2632 2632 2632 2632 2626 2626 988 988 2626 2626 2632 2632 53 53 989 989 33 33 2540 2540 33 33 989 989 2629 2629 470 470 989 989 2540 2540 989 989 470 470 1789 1789 693 263 989 989 1789 1789 989 989 693 263 1792 1792 1792 1792 2629 2629 989 989 2629 2629 1792 1792 515 515 2539 2539 1789 1789 470 470 1789 1789 2539 2539 990 990 34 34 990 990 2539 2539 990 990 34 34 2633 2633 2633 2633 1790 1790 990 990 1790 1790 2633 2633 517 517 990 990 693 263 1789 1789 693 263 990 990 1790 1790 991 991 693 263 1790 1790 693 263 991 991 1791 1791 517 517 991 991 1790 1790 991 991 517 517 2634 2634 2634 2634 2635 2635 991 991 2635 2635 2634 2634 55 55 2635 2635 1791 1791 991 991 1791 1791 2635 2635 518 518 1792 1792 2630 2630 515 515 2630 2630 1792 1792 992 992 693 263 992 992 1792 1792 992 992 693 263 1791 1791 1791 1791 2636 2636 992 992 2636 2636 1791 1791 518 518 992 992 54 54 2630 2630 54 54 992 992 2636 2636 2546 2546 2633 2633 34 34 2633 2633 2546 2546 993 993 473 473 993 993 2546 2546 993 993 473 473 1793 1793 1793 1793 1796 1796 993 993 1796 1796 1793 1793 694 264 993 993 517 517 2633 2633 517 517 993 993 1796 1796 2545 2545 1793 1793 473 473 1793 1793 2545 2545 994 994 35 35 994 994 2545 2545 994 994 35 35 2637 2637 2637 2637 1794 1794 994 994 1794 1794 2637 2637 519 519 994 994 694 264 1793 1793 694 264 994 994 1794 1794 1794 1794 1795 1795 694 264 1795 1795 1794 1794 995 995 519 519 995 995 1794 1794 995 995 519 519 2638 2638 56 56 995 995 2638 2638 995 995 56 56 2639 2639 2639 2639 1795 1795 995 995 1795 1795 2639 2639 520 520 996 996 517 517 1796 1796 517 517 996 996 2634 2634 694 264 996 996 1796 1796 996 996 694 264 1795 1795 1795 1795 2640 2640 996 996 2640 2640 1795 1795 520 520 996 996 55 55 2634 2634 55 55 996 996 2640 2640 2552 2552 2637 2637 35 35 2637 2637 2552 2552 997 997 476 476 997 997 2552 2552 997 997 476 476 1797 1797 1797 1797 1800 1800 997 997 1800 1800 1797 1797 695 265 997 997 519 519 2637 2637 519 519 997 997 1800 1800 2551 2551 1797 1797 476 476 1797 1797 2551 2551 998 998 36 36 998 998 2551 2551 998 998 36 36 2641 2641 2641 2641 1798 1798 998 998 1798 1798 2641 2641 521 521 998 998 695 265 1797 1797 695 265 998 998 1798 1798 999 999 695 265 1798 1798 695 265 999 999 1799 1799 2642 2642 1798 1798 521 521 1798 1798 2642 2642 999 999 57 57 999 999 2642 2642 999 999 57 57 2643 2643 2643 2643 1799 1799 999 999 1799 1799 2643 2643 522 522 1800 1800 2638 2638 519 519 2638 2638 1800 1800 1000 1000 1799 1799 1800 1800 695 265 1800 1800 1799 1799 1000 1000 522 522 1000 1000 1799 1799 1000 1000 522 522 2644 2644 2644 2644 2638 2638 1000 1000 2638 2638 2644 2644 56 56 2558 2558 2641 2641 36 36 2641 2641 2558 2558 1001 1001 479 479 1001 1001 2558 2558 1001 1001 479 479 1801 1801 1801 1801 1804 1804 1001 1001 1804 1804 1801 1801 696 266 1001 1001 521 521 2641 2641 521 521 1001 1001 1804 1804 2557 2557 1801 1801 479 479 1801 1801 2557 2557 1002 1002 2645 2645 2557 2557 37 37 2557 2557 2645 2645 1002 1002 523 523 1002 1002 2645 2645 1002 1002 523 523 1802 1802 1002 1002 696 266 1801 1801 696 266 1002 1002 1802 1802 1003 1003 696 266 1802 1802 696 266 1003 1003 1803 1803 2646 2646 1802 1802 523 523 1802 1802 2646 2646 1003 1003 58 58 1003 1003 2646 2646 1003 1003 58 58 2647 2647 2647 2647 1803 1803 1003 1003 1803 1803 2647 2647 524 524 1004 1004 521 521 1804 1804 521 521 1004 1004 2642 2642 1803 1803 1804 1804 696 266 1804 1804 1803 1803 1004 1004 524 524 1004 1004 1803 1803 1004 1004 524 524 2648 2648 2648 2648 2642 2642 1004 1004 2642 2642 2648 2648 57 57 2564 2564 2645 2645 37 37 2645 2645 2564 2564 1005 1005 482 482 1005 1005 2564 2564 1005 1005 482 482 1805 1805 697 267 1005 1005 1805 1805 1005 1005 697 267 1808 1808 1808 1808 2645 2645 1005 1005 2645 2645 1808 1808 523 523 2563 2563 1805 1805 482 482 1805 1805 2563 2563 1006 1006 38 38 1006 1006 2563 2563 1006 1006 38 38 2649 2649 2649 2649 1806 1806 1006 1006 1806 1806 2649 2649 525 525 1006 1006 697 267 1805 1805 697 267 1006 1006 1806 1806 1007 1007 697 267 1806 1806 697 267 1007 1007 1807 1807 2650 2650 1806 1806 525 525 1806 1806 2650 2650 1007 1007 59 59 1007 1007 2650 2650 1007 1007 59 59 2651 2651 2651 2651 1807 1807 1007 1007 1807 1807 2651 2651 526 526 1008 1008 523 523 1808 1808 523 523 1008 1008 2646 2646 1807 1807 1808 1808 697 267 1808 1808 1807 1807 1008 1008 526 526 1008 1008 1807 1807 1008 1008 526 526 2652 2652 2652 2652 2646 2646 1008 1008 2646 2646 2652 2652 58 58 2570 2570 2649 2649 38 38 2649 2649 2570 2570 1009 1009 485 485 1009 1009 2570 2570 1009 1009 485 485 1809 1809 1809 1809 1812 1812 1009 1009 1812 1812 1809 1809 698 268 1009 1009 525 525 2649 2649 525 525 1009 1009 1812 1812 1010 1010 1809 1809 485 485 485 485 2569 2569 1010 1010 2653 2653 1010 1010 2569 2569 2569 2569 39 39 2653 2653 2653 2653 1810 1810 1010 1010 1810 1810 2653 2653 527 527 1010 1010 698 268 1809 1809 698 268 1010 1010 1810 1810 1810 1810 1811 1811 698 268 1811 1811 1810 1810 1011 1011 527 527 1011 1011 1810 1810 1011 1011 527 527 2654 2654 2654 2654 2655 2655 1011 1011 2655 2655 2654 2654 60 60 2655 2655 1811 1811 1011 1011 1811 1811 2655 2655 528 528 1812 1812 2650 2650 525 525 2650 2650 1812 1812 1012 1012 698 268 1012 1012 1812 1812 1012 1012 698 268 1811 1811 528 528 1012 1012 1811 1811 1012 1012 528 528 2656 2656 2656 2656 2650 2650 1012 1012 2650 2650 2656 2656 59 59 1013 1013 2653 2653 39 39 39 39 2576 2576 1013 1013 1813 1813 1013 1013 2576 2576 2576 2576 488 488 1813 1813 1813 1813 1816 1816 1013 1013 1816 1816 1813 1813 699 269 1013 1013 527 527 2653 2653 527 527 1013 1013 1816 1816 1014 1014 1813 1813 488 488 488 488 2575 2575 1014 1014 2657 2657 1014 1014 2575 2575 2575 2575 40 40 2657 2657 2657 2657 1814 1814 1014 1014 1814 1814 2657 2657 529 529 1014 1014 699 269 1813 1813 699 269 1014 1014 1814 1814 1814 1814 1815 1815 699 269 1815 1815 1814 1814 1015 1015 529 529 1015 1015 1814 1814 1015 1015 529 529 2658 2658 2658 2658 2659 2659 1015 1015 2659 2659 2658 2658 61 61 1015 1015 530 530 1815 1815 530 530 1015 1015 2659 2659 1816 1816 2654 2654 527 527 2654 2654 1816 1816 1016 1016 699 269 1016 1016 1816 1816 1016 1016 699 269 1815 1815 1815 1815 2660 2660 1016 1016 2660 2660 1815 1815 530 530 1016 1016 60 60 2654 2654 60 60 1016 1016 2660 2660 1017 1017 2657 2657 40 40 40 40 2582 2582 1017 1017 1817 1817 2582 2582 491 491 2582 2582 1817 1817 1017 1017 700 270 1017 1017 1817 1817 1017 1017 700 270 1820 1820 1820 1820 2657 2657 1017 1017 2657 2657 1820 1820 529 529 2581 2581 1817 1817 491 491 1817 1817 2581 2581 1018 1018 41 41 1018 1018 2581 2581 1018 1018 41 41 2661 2661 531 531 1818 1818 1018 1018 531 531 1018 1018 2661 2661 1818 1818 700 270 1817 1817 1818 1818 1817 1817 1018 1018 1819 1819 1818 1818 1019 1019 1818 1818 1819 1819 700 270 1019 1019 531 531 2662 2662 531 531 1019 1019 1818 1818 62 62 2663 2663 1019 1019 62 62 1019 1019 2662 2662 532 532 1019 1019 2663 2663 1019 1019 532 532 1819 1819 1020 1020 2658 2658 529 529 1020 1020 529 529 1820 1820 1819 1819 1020 1020 1820 1820 1819 1819 1820 1820 700 270 532 532 2664 2664 1020 1020 532 532 1020 1020 1819 1819 1020 1020 61 61 2658 2658 61 61 1020 1020 2664 2664 2586 2586 2670 2670 42 42 2670 2670 2586 2586 1021 1021 493 493 1021 1021 2586 2586 1021 1021 493 493 1821 1821 1821 1821 1824 1824 1021 1021 1824 1824 1821 1821 701 271 1021 1021 535 535 2670 2670 535 535 1021 1021 1824 1824 1022 1022 493 493 2585 2585 493 493 1022 1022 1821 1821 2665 2665 2585 2585 43 43 2585 2585 2665 2665 1022 1022 2665 2665 533 533 1022 1022 1022 1022 533 533 1822 1822 1822 1822 1821 1821 1022 1022 1821 1821 1822 1822 701 271 1023 1023 701 271 1822 1822 701 271 1023 1023 1823 1823 533 533 2666 2666 1822 1822 1822 1822 2666 2666 1023 1023 2666 2666 2667 2667 1023 1023 2667 2667 2666 2666 64 64 1023 1023 534 534 1823 1823 534 534 1023 1023 2667 2667 1024 1024 535 535 1824 1824 535 535 1024 1024 2669 2669 701 271 1024 1024 1824 1824 1024 1024 701 271 1823 1823 1823 1823 2668 2668 1024 1024 2668 2668 1823 1823 534 534 1024 1024 63 63 2669 2669 63 63 1024 1024 2668 2668 1025 1025 43 43 2592 2592 43 43 1025 1025 2665 2665 1825 1825 2592 2592 496 496 2592 2592 1825 1825 1025 1025 1825 1825 702 272 1025 1025 1025 1025 702 272 1828 1828 1828 1828 2665 2665 1025 1025 2665 2665 1828 1828 533 533 2591 2591 1026 1026 496 496 496 496 1026 1026 1825 1825 44 44 2671 2671 2591 2591 2591 2591 2671 2671 1026 1026 2671 2671 536 536 1026 1026 1026 1026 536 536 1826 1826 1026 1026 1826 1826 1825 1825 1825 1825 1826 1826 702 272 1826 1826 1027 1027 702 272 702 272 1027 1027 1827 1827 536 536 2672 2672 1826 1826 1826 1826 2672 2672 1027 1027 2672 2672 2673 2673 1027 1027 2673 2673 2672 2672 65 65 1027 1027 2673 2673 1827 1827 1827 1827 2673 2673 537 537 1828 1828 1028 1028 533 533 533 533 1028 1028 2666 2666 702 272 1827 1827 1828 1828 1828 1828 1827 1827 1028 1028 537 537 1028 1028 1827 1827 1028 1028 537 537 2674 2674 1028 1028 2674 2674 2666 2666 2666 2666 2674 2674 64 64 2596 2596 1029 1029 44 44 44 44 1029 1029 2671 2671 1829 1829 2596 2596 498 498 2596 2596 1829 1829 1029 1029 1829 1829 703 273 1029 1029 1029 1029 703 273 1832 1832 1832 1832 2671 2671 1029 1029 2671 2671 1832 1832 536 536 2595 2595 1829 1829 498 498 1829 1829 2595 2595 1030 1030 2675 2675 2595 2595 45 45 2595 2595 2675 2675 1030 1030 2675 2675 538 538 1030 1030 1030 1030 538 538 1830 1830 1830 1830 1829 1829 1030 1030 1829 1829 1830 1830 703 273 1031 1031 703 273 1830 1830 703 273 1031 1031 1831 1831 538 538 1031 1031 1830 1830 1031 1031 538 538 2676 2676 66 66 1031 1031 2676 2676 1031 1031 66 66 2677 2677 1031 1031 2677 2677 1831 1831 1831 1831 2677 2677 539 539 1032 1032 536 536 1832 1832 536 536 1032 1032 2672 2672 1831 1831 1832 1832 703 273 1832 1832 1831 1831 1032 1032 539 539 1032 1032 1831 1831 1032 1032 539 539 2678 2678 1032 1032 2678 2678 2672 2672 2672 2672 2678 2678 65 65 1033 1033 45 45 2600 2600 45 45 1033 1033 2675 2675 1833 1833 2600 2600 500 500 2600 2600 1833 1833 1033 1033 704 274 1033 1033 1833 1833 1033 1033 704 274 1836 1836 1836 1836 2675 2675 1033 1033 2675 2675 1836 1836 538 538 1034 1034 500 500 2599 2599 500 500 1034 1034 1833 1833 2679 2679 2599 2599 46 46 2599 2599 2679 2679 1034 1034 540 540 1034 1034 2679 2679 1034 1034 540 540 1834 1834 1834 1834 1833 1833 1034 1034 1833 1833 1834 1834 704 274 1035 1035 704 274 1834 1834 704 274 1035 1035 1835 1835 2680 2680 1834 1834 540 540 1834 1834 2680 2680 1035 1035 2680 2680 2681 2681 1035 1035 2681 2681 2680 2680 67 67 1035 1035 2681 2681 1835 1835 1835 1835 2681 2681 541 541 1836 1836 2676 2676 538 538 2676 2676 1836 1836 1036 1036 704 274 1036 1036 1836 1836 1036 1036 704 274 1835 1835 541 541 1036 1036 1835 1835 1036 1036 541 541 2682 2682 1036 1036 2682 2682 2676 2676 2676 2676 2682 2682 66 66 1037 1037 46 46 2604 2604 46 46 1037 1037 2679 2679 1837 1837 2604 2604 502 502 2604 2604 1837 1837 1037 1037 705 275 1037 1037 1837 1837 1037 1037 705 275 1840 1840 1840 1840 2679 2679 1037 1037 2679 2679 1840 1840 540 540 1038 1038 502 502 2603 2603 502 502 1038 1038 1837 1837 2683 2683 2603 2603 47 47 2603 2603 2683 2683 1038 1038 542 542 1038 1038 2683 2683 1038 1038 542 542 1838 1838 1838 1838 1837 1837 1038 1038 1837 1837 1838 1838 705 275 1039 1039 705 275 1838 1838 705 275 1039 1039 1839 1839 2684 2684 1838 1838 542 542 1838 1838 2684 2684 1039 1039 68 68 1039 1039 2684 2684 1039 1039 68 68 2685 2685 1039 1039 2685 2685 1839 1839 1839 1839 2685 2685 543 543 1040 1040 540 540 1840 1840 540 540 1040 1040 2680 2680 1839 1839 1840 1840 705 275 1840 1840 1839 1839 1040 1040 543 543 1040 1040 1839 1839 1040 1040 543 543 2686 2686 2686 2686 2680 2680 1040 1040 2680 2680 2686 2686 67 67 1041 1041 47 47 2608 2608 47 47 1041 1041 2683 2683 1841 1841 2608 2608 504 504 2608 2608 1841 1841 1041 1041 1841 1841 706 276 1041 1041 1041 1041 706 276 1844 1844 1844 1844 2683 2683 1041 1041 2683 2683 1844 1844 542 542 1042 1042 504 504 2607 2607 504 504 1042 1042 1841 1841 2687 2687 2607 2607 48 48 2607 2607 2687 2687 1042 1042 544 544 1042 1042 2687 2687 1042 1042 544 544 1842 1842 1842 1842 1841 1841 1042 1042 1841 1841 1842 1842 706 276 1043 1043 706 276 1842 1842 706 276 1043 1043 1843 1843 2688 2688 1842 1842 544 544 1842 1842 2688 2688 1043 1043 69 69 1043 1043 2688 2688 1043 1043 69 69 2689 2689 1043 1043 2689 2689 1843 1843 1843 1843 2689 2689 545 545 1044 1044 542 542 1844 1844 542 542 1044 1044 2684 2684 1843 1843 1844 1844 706 276 1844 1844 1843 1843 1044 1044 545 545 1044 1044 1843 1843 1044 1044 545 545 2690 2690 2690 2690 2684 2684 1044 1044 2684 2684 2690 2690 68 68 1045 1045 48 48 2612 2612 48 48 1045 1045 2687 2687 1845 1845 2612 2612 506 506 2612 2612 1845 1845 1045 1045 707 277 1045 1045 1845 1845 1045 1045 707 277 1848 1848 1848 1848 2687 2687 1045 1045 2687 2687 1848 1848 544 544 1046 1046 506 506 2611 2611 506 506 1046 1046 1845 1845 2691 2691 2611 2611 49 49 2611 2611 2691 2691 1046 1046 2691 2691 546 546 1046 1046 1046 1046 546 546 1846 1846 1846 1846 1845 1845 1046 1046 1845 1845 1846 1846 707 277 1047 1047 707 277 1846 1846 707 277 1047 1047 1847 1847 2692 2692 1846 1846 546 546 1846 1846 2692 2692 1047 1047 70 70 1047 1047 2692 2692 1047 1047 70 70 2693 2693 2693 2693 1847 1847 1047 1047 1847 1847 2693 2693 547 547 1048 1048 544 544 1848 1848 544 544 1048 1048 2688 2688 1847 1847 1848 1848 707 277 1848 1848 1847 1847 1048 1048 547 547 1048 1048 1847 1847 1048 1048 547 547 2694 2694 2694 2694 2688 2688 1048 1048 2688 2688 2694 2694 69 69 1049 1049 49 49 2616 2616 49 49 1049 1049 2691 2691 1849 1849 2616 2616 508 508 2616 2616 1849 1849 1049 1049 1849 1849 708 278 1049 1049 1049 1049 708 278 1852 1852 1852 1852 2691 2691 1049 1049 2691 2691 1852 1852 546 546 2615 2615 1050 1050 508 508 508 508 1050 1050 1849 1849 50 50 2695 2695 2615 2615 2615 2615 2695 2695 1050 1050 2695 2695 548 548 1050 1050 1050 1050 548 548 1850 1850 1050 1050 1850 1850 1849 1849 1849 1849 1850 1850 708 278 1850 1850 1051 1051 708 278 708 278 1051 1051 1851 1851 548 548 2696 2696 1850 1850 1850 1850 2696 2696 1051 1051 71 71 1051 1051 2696 2696 1051 1051 71 71 2697 2697 2697 2697 1851 1851 1051 1051 1851 1851 2697 2697 549 549 1052 1052 546 546 1852 1852 546 546 1052 1052 2692 2692 708 278 1851 1851 1852 1852 1852 1852 1851 1851 1052 1052 549 549 1052 1052 1851 1851 1052 1052 549 549 2698 2698 2698 2698 2692 2692 1052 1052 2692 2692 2698 2698 70 70 2620 2620 1053 1053 50 50 50 50 1053 1053 2695 2695 1853 1853 2620 2620 510 510 2620 2620 1853 1853 1053 1053 709 279 1053 1053 1853 1853 1053 1053 709 279 1856 1856 1856 1856 2695 2695 1053 1053 2695 2695 1856 1856 548 548 1054 1054 510 510 2619 2619 510 510 1054 1054 1853 1853 2699 2699 2619 2619 51 51 2619 2619 2699 2699 1054 1054 550 550 1054 1054 2699 2699 1054 1054 550 550 1854 1854 1854 1854 1853 1853 1054 1054 1853 1853 1854 1854 709 279 1055 1055 709 279 1854 1854 709 279 1055 1055 1855 1855 2700 2700 1854 1854 550 550 1854 1854 2700 2700 1055 1055 72 72 1055 1055 2700 2700 1055 1055 72 72 2701 2701 2701 2701 1855 1855 1055 1055 1855 1855 2701 2701 551 551 1056 1056 548 548 1856 1856 548 548 1056 1056 2696 2696 1855 1855 1856 1856 709 279 1856 1856 1855 1855 1056 1056 551 551 1056 1056 1855 1855 1056 1056 551 551 2702 2702 2702 2702 2696 2696 1056 1056 2696 2696 2702 2702 71 71 1057 1057 51 51 2624 2624 51 51 1057 1057 2699 2699 1857 1857 2624 2624 512 512 2624 2624 1857 1857 1057 1057 710 280 1057 1057 1857 1857 1057 1057 710 280 1860 1860 1860 1860 2699 2699 1057 1057 2699 2699 1860 1860 550 550 1058 1058 512 512 2623 2623 512 512 1058 1058 1857 1857 2703 2703 2623 2623 52 52 2623 2623 2703 2703 1058 1058 552 552 1058 1058 2703 2703 1058 1058 552 552 1858 1858 1858 1858 1857 1857 1058 1058 1857 1857 1858 1858 710 280 1059 1059 710 280 1858 1858 710 280 1059 1059 1859 1859 2704 2704 1858 1858 552 552 1858 1858 2704 2704 1059 1059 73 73 1059 1059 2704 2704 1059 1059 73 73 2705 2705 2705 2705 1859 1859 1059 1059 1859 1859 2705 2705 553 553 1060 1060 550 550 1860 1860 550 550 1060 1060 2700 2700 1859 1859 1860 1860 710 280 1860 1860 1859 1859 1060 1060 553 553 1060 1060 1859 1859 1060 1060 553 553 2706 2706 2706 2706 2700 2700 1060 1060 2700 2700 2706 2706 72 72 1061 1061 52 52 2628 2628 52 52 1061 1061 2703 2703 1861 1861 2628 2628 514 514 2628 2628 1861 1861 1061 1061 711 281 1061 1061 1861 1861 1061 1061 711 281 1864 1864 1864 1864 2703 2703 1061 1061 2703 2703 1864 1864 552 552 1062 1062 514 514 2627 2627 514 514 1062 1062 1861 1861 2707 2707 2627 2627 53 53 2627 2627 2707 2707 1062 1062 554 554 1062 1062 2707 2707 1062 1062 554 554 1862 1862 1862 1862 1861 1861 1062 1062 1861 1861 1862 1862 711 281 1063 1063 711 281 1862 1862 711 281 1063 1063 1863 1863 2708 2708 1862 1862 554 554 1862 1862 2708 2708 1063 1063 2708 2708 2709 2709 1063 1063 2709 2709 2708 2708 74 74 2709 2709 1863 1863 1063 1063 1863 1863 2709 2709 555 555 1064 1064 552 552 1864 1864 552 552 1064 1064 2704 2704 1863 1863 1864 1864 711 281 1864 1864 1863 1863 1064 1064 555 555 1064 1064 1863 1863 1064 1064 555 555 2710 2710 2710 2710 2704 2704 1064 1064 2704 2704 2710 2710 73 73 1065 1065 53 53 2632 2632 53 53 1065 1065 2707 2707 1865 1865 2632 2632 516 516 2632 2632 1865 1865 1065 1065 712 282 1065 1065 1865 1865 1065 1065 712 282 1868 1868 1868 1868 2707 2707 1065 1065 2707 2707 1868 1868 554 554 1066 1066 516 516 2631 2631 516 516 1066 1066 1865 1865 54 54 1066 1066 2631 2631 1066 1066 54 54 2711 2711 556 556 1066 1066 2711 2711 1066 1066 556 556 1866 1866 1866 1866 1865 1865 1066 1066 1865 1865 1866 1866 712 282 1067 1067 712 282 1866 1866 712 282 1067 1067 1867 1867 2712 2712 1866 1866 556 556 1866 1866 2712 2712 1067 1067 75 75 1067 1067 2712 2712 1067 1067 75 75 2713 2713 2713 2713 1867 1867 1067 1067 1867 1867 2713 2713 557 557 1868 1868 2708 2708 554 554 2708 2708 1868 1868 1068 1068 712 282 1068 1068 1868 1868 1068 1068 712 282 1867 1867 1867 1867 2714 2714 1068 1068 2714 2714 1867 1867 557 557 2714 2714 2708 2708 1068 1068 2708 2708 2714 2714 74 74 2636 2636 2711 2711 54 54 2711 2711 2636 2636 1069 1069 518 518 1069 1069 2636 2636 1069 1069 518 518 1869 1869 713 283 1069 1069 1869 1869 1069 1069 713 283 1872 1872 1069 1069 556 556 2711 2711 556 556 1069 1069 1872 1872 1070 1070 518 518 2635 2635 518 518 1070 1070 1869 1869 2715 2715 2635 2635 55 55 2635 2635 2715 2715 1070 1070 558 558 1070 1070 2715 2715 1070 1070 558 558 1870 1870 1870 1870 1869 1869 1070 1070 1869 1869 1870 1870 713 283 1071 1071 713 283 1870 1870 713 283 1071 1071 1871 1871 2716 2716 1870 1870 558 558 1870 1870 2716 2716 1071 1071 76 76 1071 1071 2716 2716 1071 1071 76 76 2717 2717 2717 2717 1871 1871 1071 1071 1871 1871 2717 2717 559 559 1072 1072 556 556 1872 1872 556 556 1072 1072 2712 2712 1871 1871 1872 1872 713 283 1872 1872 1871 1871 1072 1072 559 559 1072 1072 1871 1871 1072 1072 559 559 2718 2718 2718 2718 2712 2712 1072 1072 2712 2712 2718 2718 75 75 2640 2640 2715 2715 55 55 2715 2715 2640 2640 1073 1073 520 520 1073 1073 2640 2640 1073 1073 520 520 1873 1873 1873 1873 1876 1876 1073 1073 1876 1876 1873 1873 714 284 1073 1073 558 558 2715 2715 558 558 1073 1073 1876 1876 2639 2639 1873 1873 520 520 1873 1873 2639 2639 1074 1074 2719 2719 2639 2639 56 56 2639 2639 2719 2719 1074 1074 2719 2719 1874 1874 1074 1074 1874 1874 2719 2719 560 560 1074 1074 714 284 1873 1873 714 284 1074 1074 1874 1874 1075 1075 714 284 1874 1874 714 284 1075 1075 1875 1875 2720 2720 1874 1874 560 560 1874 1874 2720 2720 1075 1075 2720 2720 2721 2721 1075 1075 2721 2721 2720 2720 77 77 1075 1075 561 561 1875 1875 561 561 1075 1075 2721 2721 1076 1076 558 558 1876 1876 558 558 1076 1076 2716 2716 1875 1875 1876 1876 714 284 1876 1876 1875 1875 1076 1076 561 561 1076 1076 1875 1875 1076 1076 561 561 2722 2722 2722 2722 2716 2716 1076 1076 2716 2716 2722 2722 76 76 2644 2644 2719 2719 56 56 2719 2719 2644 2644 1077 1077 522 522 1077 1077 2644 2644 1077 1077 522 522 1877 1877 1877 1877 1880 1880 1077 1077 1880 1880 1877 1877 715 285 1077 1077 560 560 2719 2719 560 560 1077 1077 1880 1880 2643 2643 1877 1877 522 522 1877 1877 2643 2643 1078 1078 2723 2723 2643 2643 57 57 2643 2643 2723 2723 1078 1078 2723 2723 1878 1878 1078 1078 1878 1878 2723 2723 562 562 1078 1078 715 285 1877 1877 715 285 1078 1078 1878 1878 1878 1878 1879 1879 715 285 1879 1879 1878 1878 1079 1079 562 562 1079 1079 1878 1878 1079 1079 562 562 2724 2724 78 78 1079 1079 2724 2724 1079 1079 78 78 2725 2725 2725 2725 1879 1879 1079 1079 1879 1879 2725 2725 563 563 1080 1080 560 560 1880 1880 560 560 1080 1080 2720 2720 715 285 1080 1080 1880 1880 1080 1080 715 285 1879 1879 563 563 1080 1080 1879 1879 1080 1080 563 563 2726 2726 1080 1080 77 77 2720 2720 77 77 1080 1080 2726 2726 1081 1081 57 57 2648 2648 57 57 1081 1081 2723 2723 1881 1881 2648 2648 524 524 2648 2648 1881 1881 1081 1081 1881 1881 1884 1884 1081 1081 1884 1884 1881 1881 716 286 1081 1081 562 562 2723 2723 562 562 1081 1081 1884 1884 1082 1082 524 524 2647 2647 524 524 1082 1082 1881 1881 2727 2727 2647 2647 58 58 2647 2647 2727 2727 1082 1082 564 564 1082 1082 2727 2727 1082 1082 564 564 1882 1882 1082 1082 716 286 1881 1881 716 286 1082 1082 1882 1882 1882 1882 1883 1883 716 286 1883 1883 1882 1882 1083 1083 564 564 1083 1083 1882 1882 1083 1083 564 564 2728 2728 79 79 1083 1083 2728 2728 1083 1083 79 79 2729 2729 2729 2729 1883 1883 1083 1083 1883 1883 2729 2729 565 565 1884 1884 2724 2724 562 562 2724 2724 1884 1884 1084 1084 716 286 1084 1084 1884 1884 1084 1084 716 286 1883 1883 565 565 1084 1084 1883 1883 1084 1084 565 565 2730 2730 2730 2730 2724 2724 1084 1084 2724 2724 2730 2730 78 78 1085 1085 58 58 2652 2652 58 58 1085 1085 2727 2727 1885 1885 2652 2652 526 526 2652 2652 1885 1885 1085 1085 717 287 1085 1085 1885 1885 1085 1085 717 287 1888 1888 1888 1888 2727 2727 1085 1085 2727 2727 1888 1888 564 564 1086 1086 526 526 2651 2651 526 526 1086 1086 1885 1885 2731 2731 2651 2651 59 59 2651 2651 2731 2731 1086 1086 566 566 1086 1086 2731 2731 1086 1086 566 566 1886 1886 1886 1886 1885 1885 1086 1086 1885 1885 1886 1886 717 287 1087 1087 717 287 1886 1886 717 287 1087 1087 1887 1887 2732 2732 1886 1886 566 566 1886 1886 2732 2732 1087 1087 80 80 1087 1087 2732 2732 1087 1087 80 80 2733 2733 2733 2733 1887 1887 1087 1087 1887 1887 2733 2733 567 567 1888 1888 2728 2728 564 564 2728 2728 1888 1888 1088 1088 717 287 1088 1088 1888 1888 1088 1088 717 287 1887 1887 567 567 1088 1088 1887 1887 1088 1088 567 567 2734 2734 2734 2734 2728 2728 1088 1088 2728 2728 2734 2734 79 79 1089 1089 59 59 2656 2656 59 59 1089 1089 2731 2731 1889 1889 2656 2656 528 528 2656 2656 1889 1889 1089 1089 718 288 1089 1089 1889 1889 1089 1089 718 288 1892 1892 1892 1892 2731 2731 1089 1089 2731 2731 1892 1892 566 566 1090 1090 528 528 2655 2655 528 528 1090 1090 1889 1889 2735 2735 2655 2655 60 60 2655 2655 2735 2735 1090 1090 568 568 1090 1090 2735 2735 1090 1090 568 568 1890 1890 1890 1890 1889 1889 1090 1090 1889 1889 1890 1890 718 288 1091 1091 718 288 1890 1890 718 288 1091 1091 1891 1891 2736 2736 1890 1890 568 568 1890 1890 2736 2736 1091 1091 81 81 1091 1091 2736 2736 1091 1091 81 81 2737 2737 2737 2737 1891 1891 1091 1091 1891 1891 2737 2737 569 569 1092 1092 566 566 1892 1892 566 566 1092 1092 2732 2732 1891 1891 1892 1892 718 288 1892 1892 1891 1891 1092 1092 569 569 1092 1092 1891 1891 1092 1092 569 569 2738 2738 2738 2738 2732 2732 1092 1092 2732 2732 2738 2738 80 80 1093 1093 60 60 2660 2660 60 60 1093 1093 2735 2735 1893 1893 2660 2660 530 530 2660 2660 1893 1893 1093 1093 719 289 1093 1093 1893 1893 1093 1093 719 289 1896 1896 1896 1896 2735 2735 1093 1093 2735 2735 1896 1896 568 568 1094 1094 530 530 2659 2659 530 530 1094 1094 1893 1893 2739 2739 2659 2659 61 61 2659 2659 2739 2739 1094 1094 570 570 1094 1094 2739 2739 1094 1094 570 570 1894 1894 1894 1894 1893 1893 1094 1094 1893 1893 1894 1894 719 289 1095 1095 719 289 1894 1894 719 289 1095 1095 1895 1895 2740 2740 1894 1894 570 570 1894 1894 2740 2740 1095 1095 82 82 1095 1095 2740 2740 1095 1095 82 82 2741 2741 2741 2741 1895 1895 1095 1095 1895 1895 2741 2741 571 571 1096 1096 568 568 1896 1896 568 568 1096 1096 2736 2736 719 289 1895 1895 1896 1896 1896 1896 1895 1895 1096 1096 1895 1895 571 571 1096 1096 1096 1096 571 571 2742 2742 1096 1096 2742 2742 2736 2736 2736 2736 2742 2742 81 81 1097 1097 61 61 2664 2664 61 61 1097 1097 2739 2739 532 532 1897 1897 2664 2664 2664 2664 1897 1897 1097 1097 1897 1897 720 290 1097 1097 1097 1097 720 290 1900 1900 1900 1900 2739 2739 1097 1097 2739 2739 1900 1900 570 570 2663 2663 1098 1098 532 532 532 532 1098 1098 1897 1897 62 62 2743 2743 2663 2663 2663 2663 2743 2743 1098 1098 2743 2743 572 572 1098 1098 1098 1098 572 572 1898 1898 1098 1098 1898 1898 1897 1897 1897 1897 1898 1898 720 290 1898 1898 1099 1099 720 290 720 290 1099 1099 1899 1899 572 572 2744 2744 1898 1898 1898 1898 2744 2744 1099 1099 2744 2744 83 83 1099 1099 1099 1099 83 83 2745 2745 1099 1099 2745 2745 1899 1899 1899 1899 2745 2745 573 573 1100 1100 570 570 1900 1900 570 570 1100 1100 2740 2740 1899 1899 1900 1900 720 290 1900 1900 1899 1899 1100 1100 573 573 1100 1100 1899 1899 1100 1100 573 573 2746 2746 2746 2746 2740 2740 1100 1100 2740 2740 2746 2746 82 82 2668 2668 2752 2752 63 63 2752 2752 2668 2668 1101 1101 534 534 1101 1101 2668 2668 1101 1101 534 534 1901 1901 1901 1901 1904 1904 1101 1101 1904 1904 1901 1901 721 291 1101 1101 576 576 2752 2752 576 576 1101 1101 1904 1904 2667 2667 1901 1901 534 534 1901 1901 2667 2667 1102 1102 64 64 1102 1102 2667 2667 1102 1102 64 64 2747 2747 2747 2747 1902 1902 1102 1102 1902 1902 2747 2747 574 574 1102 1102 721 291 1901 1901 721 291 1102 1102 1902 1902 1103 1103 721 291 1902 1902 721 291 1103 1103 1903 1903 574 574 1103 1103 1902 1902 1103 1103 574 574 2748 2748 85 85 1103 1103 2748 2748 1103 1103 85 85 2749 2749 1103 1103 2749 2749 1903 1903 1903 1903 2749 2749 575 575 1904 1904 1104 1104 576 576 576 576 1104 1104 2751 2751 721 291 1104 1104 1904 1904 1104 1104 721 291 1903 1903 575 575 1104 1104 1903 1903 1104 1104 575 575 2750 2750 1104 1104 84 84 2751 2751 84 84 1104 1104 2750 2750 2674 2674 2747 2747 64 64 2747 2747 2674 2674 1105 1105 537 537 1105 1105 2674 2674 1105 1105 537 537 1905 1905 1905 1905 1908 1908 1105 1105 1908 1908 1905 1905 722 292 1105 1105 574 574 2747 2747 574 574 1105 1105 1908 1908 2673 2673 1905 1905 537 537 1905 1905 2673 2673 1106 1106 65 65 1106 1106 2673 2673 1106 1106 65 65 2753 2753 577 577 1106 1106 2753 2753 1106 1106 577 577 1906 1906 1106 1106 722 292 1905 1905 722 292 1106 1106 1906 1906 1906 1906 1907 1907 722 292 1907 1907 1906 1906 1107 1107 2754 2754 1906 1906 577 577 1906 1906 2754 2754 1107 1107 2754 2754 2755 2755 1107 1107 2755 2755 2754 2754 86 86 1107 1107 2755 2755 1907 1907 1907 1907 2755 2755 578 578 1908 1908 2748 2748 574 574 2748 2748 1908 1908 1108 1108 722 292 1108 1108 1908 1908 1108 1108 722 292 1907 1907 578 578 1108 1108 1907 1907 1108 1108 578 578 2756 2756 1108 1108 2756 2756 2748 2748 2748 2748 2756 2756 85 85 2678 2678 2753 2753 65 65 2753 2753 2678 2678 1109 1109 1909 1909 2678 2678 539 539 2678 2678 1909 1909 1109 1109 723 293 1109 1109 1909 1909 1109 1109 723 293 1912 1912 1912 1912 2753 2753 1109 1109 2753 2753 1912 1912 577 577 1110 1110 539 539 2677 2677 539 539 1110 1110 1909 1909 2757 2757 2677 2677 66 66 2677 2677 2757 2757 1110 1110 579 579 1110 1110 2757 2757 1110 1110 579 579 1910 1910 1910 1910 1909 1909 1110 1110 1909 1909 1910 1910 723 293 1111 1111 723 293 1910 1910 723 293 1111 1111 1911 1911 579 579 1111 1111 1910 1910 1111 1111 579 579 2758 2758 2758 2758 2759 2759 1111 1111 2759 2759 2758 2758 87 87 1111 1111 580 580 1911 1911 580 580 1111 1111 2759 2759 1112 1112 577 577 1912 1912 577 577 1112 1112 2754 2754 1911 1911 1912 1912 723 293 1912 1912 1911 1911 1112 1112 580 580 1112 1112 1911 1911 1112 1112 580 580 2760 2760 1112 1112 2760 2760 2754 2754 2754 2754 2760 2760 86 86 1113 1113 66 66 2682 2682 66 66 1113 1113 2757 2757 1913 1913 2682 2682 541 541 2682 2682 1913 1913 1113 1113 1913 1913 1916 1916 1113 1113 1916 1916 1913 1913 724 294 1113 1113 579 579 2757 2757 579 579 1113 1113 1916 1916 1114 1114 541 541 2681 2681 541 541 1114 1114 1913 1913 2761 2761 2681 2681 67 67 2681 2681 2761 2761 1114 1114 2761 2761 1914 1914 1114 1114 1914 1914 2761 2761 581 581 1114 1114 724 294 1913 1913 724 294 1114 1114 1914 1914 1914 1914 1915 1915 724 294 1915 1915 1914 1914 1115 1115 581 581 1115 1115 1914 1914 1115 1115 581 581 2762 2762 2762 2762 2763 2763 1115 1115 2763 2763 2762 2762 88 88 1115 1115 582 582 1915 1915 582 582 1115 1115 2763 2763 1916 1916 2758 2758 579 579 2758 2758 1916 1916 1116 1116 724 294 1116 1116 1916 1916 1116 1116 724 294 1915 1915 1915 1915 2764 2764 1116 1116 2764 2764 1915 1915 582 582 1116 1116 87 87 2758 2758 87 87 1116 1116 2764 2764 1117 1117 67 67 2686 2686 67 67 1117 1117 2761 2761 1917 1917 2686 2686 543 543 2686 2686 1917 1917 1117 1117 1917 1917 1920 1920 1117 1117 1920 1920 1917 1917 725 295 1117 1117 581 581 2761 2761 581 581 1117 1117 1920 1920 1118 1118 543 543 2685 2685 543 543 1118 1118 1917 1917 2765 2765 2685 2685 68 68 2685 2685 2765 2765 1118 1118 2765 2765 1918 1918 1118 1118 1918 1918 2765 2765 583 583 1118 1118 725 295 1917 1917 725 295 1118 1118 1918 1918 1918 1918 1919 1919 725 295 1919 1919 1918 1918 1119 1119 583 583 1119 1119 1918 1918 1119 1119 583 583 2766 2766 2766 2766 2767 2767 1119 1119 2767 2767 2766 2766 89 89 1119 1119 584 584 1919 1919 584 584 1119 1119 2767 2767 1920 1920 2762 2762 581 581 2762 2762 1920 1920 1120 1120 725 295 1120 1120 1920 1920 1120 1120 725 295 1919 1919 1919 1919 2768 2768 1120 1120 2768 2768 1919 1919 584 584 1120 1120 88 88 2762 2762 88 88 1120 1120 2768 2768 1121 1121 68 68 2690 2690 68 68 1121 1121 2765 2765 1921 1921 2690 2690 545 545 2690 2690 1921 1921 1121 1121 1921 1921 1924 1924 1121 1121 1924 1924 1921 1921 726 296 1121 1121 583 583 2765 2765 583 583 1121 1121 1924 1924 1122 1122 545 545 2689 2689 545 545 1122 1122 1921 1921 2769 2769 2689 2689 69 69 2689 2689 2769 2769 1122 1122 2769 2769 1922 1922 1122 1122 1922 1922 2769 2769 585 585 1122 1122 726 296 1921 1921 726 296 1122 1122 1922 1922 1922 1922 1923 1923 726 296 1923 1923 1922 1922 1123 1123 585 585 1123 1123 1922 1922 1123 1123 585 585 2770 2770 2770 2770 2771 2771 1123 1123 2771 2771 2770 2770 90 90 1123 1123 586 586 1923 1923 586 586 1123 1123 2771 2771 1924 1924 2766 2766 583 583 2766 2766 1924 1924 1124 1124 726 296 1124 1124 1924 1924 1124 1124 726 296 1923 1923 1923 1923 2772 2772 1124 1124 2772 2772 1923 1923 586 586 1124 1124 89 89 2766 2766 89 89 1124 1124 2772 2772 1125 1125 69 69 2694 2694 69 69 1125 1125 2769 2769 1925 1925 2694 2694 547 547 2694 2694 1925 1925 1125 1125 1925 1925 1928 1928 1125 1125 1928 1928 1925 1925 727 297 1125 1125 585 585 2769 2769 585 585 1125 1125 1928 1928 2693 2693 1925 1925 547 547 1925 1925 2693 2693 1126 1126 70 70 1126 1126 2693 2693 1126 1126 70 70 2773 2773 2773 2773 1926 1926 1126 1126 1926 1926 2773 2773 587 587 1126 1126 727 297 1925 1925 727 297 1126 1126 1926 1926 1926 1926 1927 1927 727 297 1927 1927 1926 1926 1127 1127 587 587 1127 1127 1926 1926 1127 1127 587 587 2774 2774 2774 2774 2775 2775 1127 1127 2775 2775 2774 2774 91 91 2775 2775 1927 1927 1127 1127 1927 1927 2775 2775 588 588 1928 1928 2770 2770 585 585 2770 2770 1928 1928 1128 1128 727 297 1128 1128 1928 1928 1128 1128 727 297 1927 1927 588 588 1128 1128 1927 1927 1128 1128 588 588 2776 2776 2776 2776 2770 2770 1128 1128 2770 2770 2776 2776 90 90 2698 2698 2773 2773 70 70 2773 2773 2698 2698 1129 1129 549 549 1129 1129 2698 2698 1129 1129 549 549 1929 1929 1929 1929 1932 1932 1129 1129 1932 1932 1929 1929 728 298 1129 1129 587 587 2773 2773 587 587 1129 1129 1932 1932 2697 2697 1929 1929 549 549 1929 1929 2697 2697 1130 1130 2777 2777 2697 2697 71 71 2697 2697 2777 2777 1130 1130 2777 2777 1930 1930 1130 1130 1930 1930 2777 2777 589 589 1130 1130 728 298 1929 1929 728 298 1130 1130 1930 1930 1131 1131 728 298 1930 1930 728 298 1131 1131 1931 1931 589 589 1131 1131 1930 1930 1131 1131 589 589 2778 2778 92 92 1131 1131 2778 2778 1131 1131 92 92 2779 2779 2779 2779 1931 1931 1131 1131 1931 1931 2779 2779 590 590 1132 1132 587 587 1932 1932 587 587 1132 1132 2774 2774 728 298 1132 1132 1932 1932 1132 1132 728 298 1931 1931 1931 1931 2780 2780 1132 1132 2780 2780 1931 1931 590 590 2780 2780 2774 2774 1132 1132 2774 2774 2780 2780 91 91 1133 1133 71 71 2702 2702 71 71 1133 1133 2777 2777 1933 1933 2702 2702 551 551 2702 2702 1933 1933 1133 1133 729 299 1133 1133 1933 1933 1133 1133 729 299 1936 1936 1133 1133 589 589 2777 2777 589 589 1133 1133 1936 1936 1134 1134 551 551 2701 2701 551 551 1134 1134 1933 1933 2781 2781 2701 2701 72 72 2701 2701 2781 2781 1134 1134 591 591 1134 1134 2781 2781 1134 1134 591 591 1934 1934 1934 1934 1933 1933 1134 1134 1933 1933 1934 1934 729 299 1135 1135 729 299 1934 1934 729 299 1135 1135 1935 1935 2782 2782 1934 1934 591 591 1934 1934 2782 2782 1135 1135 93 93 1135 1135 2782 2782 1135 1135 93 93 2783 2783 2783 2783 1935 1935 1135 1135 1935 1935 2783 2783 592 592 1936 1936 2778 2778 589 589 2778 2778 1936 1936 1136 1136 729 299 1136 1136 1936 1936 1136 1136 729 299 1935 1935 592 592 1136 1136 1935 1935 1136 1136 592 592 2784 2784 2784 2784 2778 2778 1136 1136 2778 2778 2784 2784 92 92 1137 1137 72 72 2706 2706 72 72 1137 1137 2781 2781 1937 1937 2706 2706 553 553 2706 2706 1937 1937 1137 1137 730 300 1137 1137 1937 1937 1137 1137 730 300 1940 1940 1940 1940 2781 2781 1137 1137 2781 2781 1940 1940 591 591 1138 1138 553 553 2705 2705 553 553 1138 1138 1937 1937 2785 2785 2705 2705 73 73 2705 2705 2785 2785 1138 1138 593 593 1138 1138 2785 2785 1138 1138 593 593 1938 1938 1938 1938 1937 1937 1138 1138 1937 1937 1938 1938 730 300 1139 1139 730 300 1938 1938 730 300 1139 1139 1939 1939 593 593 1139 1139 1938 1938 1139 1139 593 593 2786 2786 2786 2786 2787 2787 1139 1139 2787 2787 2786 2786 94 94 1139 1139 594 594 1939 1939 594 594 1139 1139 2787 2787 1140 1140 591 591 1940 1940 591 591 1140 1140 2782 2782 1939 1939 1940 1940 730 300 1940 1940 1939 1939 1140 1140 1939 1939 2788 2788 1140 1140 2788 2788 1939 1939 594 594 2788 2788 2782 2782 1140 1140 2782 2782 2788 2788 93 93 1141 1141 73 73 2710 2710 73 73 1141 1141 2785 2785 1941 1941 2710 2710 555 555 2710 2710 1941 1941 1141 1141 731 301 1141 1141 1941 1941 1141 1141 731 301 1944 1944 1944 1944 2785 2785 1141 1141 2785 2785 1944 1944 593 593 2709 2709 1941 1941 555 555 1941 1941 2709 2709 1142 1142 74 74 1142 1142 2709 2709 1142 1142 74 74 2789 2789 595 595 1142 1142 2789 2789 1142 1142 595 595 1942 1942 1942 1942 1941 1941 1142 1142 1941 1941 1942 1942 731 301 1143 1143 731 301 1942 1942 731 301 1143 1143 1943 1943 2790 2790 1942 1942 595 595 1942 1942 2790 2790 1143 1143 2790 2790 2791 2791 1143 1143 2791 2791 2790 2790 95 95 1143 1143 596 596 1943 1943 596 596 1143 1143 2791 2791 1144 1144 593 593 1944 1944 593 593 1144 1144 2786 2786 731 301 1144 1144 1944 1944 1144 1144 731 301 1943 1943 1943 1943 2792 2792 1144 1144 2792 2792 1943 1943 596 596 1144 1144 94 94 2786 2786 94 94 1144 1144 2792 2792 2714 2714 2789 2789 74 74 2789 2789 2714 2714 1145 1145 557 557 1145 1145 2714 2714 1145 1145 557 557 1945 1945 1945 1945 1948 1948 1145 1145 1948 1948 1945 1945 732 302 1145 1145 595 595 2789 2789 595 595 1145 1145 1948 1948 2713 2713 1945 1945 557 557 1945 1945 2713 2713 1146 1146 75 75 1146 1146 2713 2713 1146 1146 75 75 2793 2793 2793 2793 1946 1946 1146 1146 1946 1946 2793 2793 597 597 1146 1146 732 302 1945 1945 732 302 1146 1146 1946 1946 1147 1147 732 302 1946 1946 732 302 1147 1147 1947 1947 2794 2794 1946 1946 597 597 1946 1946 2794 2794 1147 1147 2794 2794 2795 2795 1147 1147 2795 2795 2794 2794 96 96 1147 1147 598 598 1947 1947 598 598 1147 1147 2795 2795 1148 1148 595 595 1948 1948 595 595 1148 1148 2790 2790 1947 1947 1948 1948 732 302 1948 1948 1947 1947 1148 1148 1947 1947 2796 2796 1148 1148 2796 2796 1947 1947 598 598 1148 1148 95 95 2790 2790 95 95 1148 1148 2796 2796 2718 2718 2793 2793 75 75 2793 2793 2718 2718 1149 1149 1949 1949 2718 2718 559 559 2718 2718 1949 1949 1149 1149 733 303 1149 1149 1949 1949 1149 1149 733 303 1952 1952 1952 1952 2793 2793 1149 1149 2793 2793 1952 1952 597 597 1150 1150 559 559 2717 2717 559 559 1150 1150 1949 1949 2797 2797 2717 2717 76 76 2717 2717 2797 2797 1150 1150 2797 2797 599 599 1150 1150 1150 1150 599 599 1950 1950 1150 1150 1950 1950 1949 1949 1949 1949 1950 1950 733 303 1151 1151 733 303 1950 1950 733 303 1151 1151 1951 1951 2798 2798 1950 1950 599 599 1950 1950 2798 2798 1151 1151 2798 2798 2799 2799 1151 1151 2799 2799 2798 2798 97 97 1151 1151 600 600 1951 1951 600 600 1151 1151 2799 2799 1152 1152 597 597 1952 1952 597 597 1152 1152 2794 2794 1951 1951 1952 1952 733 303 1952 1952 1951 1951 1152 1152 1951 1951 2800 2800 1152 1152 2800 2800 1951 1951 600 600 1152 1152 96 96 2794 2794 96 96 1152 1152 2800 2800 1153 1153 76 76 2722 2722 76 76 1153 1153 2797 2797 561 561 1153 1153 2722 2722 1153 1153 561 561 1953 1953 734 304 1153 1153 1953 1953 1153 1153 734 304 1956 1956 1153 1153 1956 1956 2797 2797 2797 2797 1956 1956 599 599 2721 2721 1953 1953 561 561 1953 1953 2721 2721 1154 1154 77 77 1154 1154 2721 2721 1154 1154 77 77 2801 2801 601 601 1154 1154 2801 2801 1154 1154 601 601 1954 1954 1954 1954 1953 1953 1154 1154 1953 1953 1954 1954 734 304 1954 1954 1955 1955 734 304 1955 1955 1954 1954 1155 1155 601 601 1155 1155 1954 1954 1155 1155 601 601 2802 2802 2802 2802 2803 2803 1155 1155 2803 2803 2802 2802 98 98 1155 1155 602 602 1955 1955 602 602 1155 1155 2803 2803 1956 1956 2798 2798 599 599 2798 2798 1956 1956 1156 1156 734 304 1156 1156 1956 1956 1156 1156 734 304 1955 1955 1955 1955 2804 2804 1156 1156 2804 2804 1955 1955 602 602 1156 1156 97 97 2798 2798 97 97 1156 1156 2804 2804 1157 1157 77 77 2726 2726 77 77 1157 1157 2801 2801 1957 1957 2726 2726 563 563 2726 2726 1957 1957 1157 1157 1957 1957 735 305 1157 1157 1157 1157 735 305 1960 1960 1960 1960 2801 2801 1157 1157 2801 2801 1960 1960 601 601 1158 1158 563 563 2725 2725 563 563 1158 1158 1957 1957 78 78 2805 2805 2725 2725 2725 2725 2805 2805 1158 1158 603 603 1158 1158 2805 2805 1158 1158 603 603 1958 1958 1158 1158 1958 1958 1957 1957 1957 1957 1958 1958 735 305 1958 1958 1959 1959 735 305 1959 1959 1958 1958 1159 1159 603 603 1159 1159 1958 1958 1159 1159 603 603 2806 2806 2806 2806 2807 2807 1159 1159 2807 2807 2806 2806 99 99 1159 1159 604 604 1959 1959 604 604 1159 1159 2807 2807 1960 1960 2802 2802 601 601 2802 2802 1960 1960 1160 1160 735 305 1160 1160 1960 1960 1160 1160 735 305 1959 1959 1959 1959 2808 2808 1160 1160 2808 2808 1959 1959 604 604 1160 1160 98 98 2802 2802 98 98 1160 1160 2808 2808 1161 1161 78 78 2730 2730 78 78 1161 1161 2805 2805 1961 1961 2730 2730 565 565 2730 2730 1961 1961 1161 1161 736 306 1161 1161 1961 1961 1161 1161 736 306 1964 1964 1964 1964 2805 2805 1161 1161 2805 2805 1964 1964 603 603 2729 2729 1162 1162 565 565 565 565 1162 1162 1961 1961 79 79 2809 2809 2729 2729 2729 2729 2809 2809 1162 1162 2809 2809 605 605 1162 1162 1162 1162 605 605 1962 1962 1162 1162 1962 1962 1961 1961 1961 1961 1962 1962 736 306 1962 1962 1163 1163 736 306 736 306 1163 1163 1963 1963 605 605 2810 2810 1962 1962 1962 1962 2810 2810 1163 1163 2810 2810 2811 2811 1163 1163 2811 2811 2810 2810 100 100 1163 1163 606 606 1963 1963 606 606 1163 1163 2811 2811 1164 1164 603 603 1964 1964 603 603 1164 1164 2806 2806 1963 1963 1964 1964 736 306 1964 1964 1963 1963 1164 1164 1963 1963 2812 2812 1164 1164 2812 2812 1963 1963 606 606 1164 1164 99 99 2806 2806 99 99 1164 1164 2812 2812 1165 1165 79 79 2734 2734 79 79 1165 1165 2809 2809 567 567 1165 1165 2734 2734 1165 1165 567 567 1965 1965 737 307 1165 1165 1965 1965 1165 1165 737 307 1968 1968 1968 1968 2809 2809 1165 1165 2809 2809 1968 1968 605 605 2733 2733 1965 1965 567 567 1965 1965 2733 2733 1166 1166 80 80 1166 1166 2733 2733 1166 1166 80 80 2813 2813 607 607 1166 1166 2813 2813 1166 1166 607 607 1966 1966 1966 1966 1965 1965 1166 1166 1965 1965 1966 1966 737 307 1167 1167 737 307 1966 1966 737 307 1167 1167 1967 1967 2814 2814 1966 1966 607 607 1966 1966 2814 2814 1167 1167 2814 2814 2815 2815 1167 1167 2815 2815 2814 2814 101 101 1167 1167 608 608 1967 1967 608 608 1167 1167 2815 2815 1168 1168 605 605 1968 1968 605 605 1168 1168 2810 2810 1967 1967 1968 1968 737 307 1968 1968 1967 1967 1168 1168 1967 1967 2816 2816 1168 1168 2816 2816 1967 1967 608 608 1168 1168 100 100 2810 2810 100 100 1168 1168 2816 2816 2738 2738 2813 2813 80 80 2813 2813 2738 2738 1169 1169 569 569 1169 1169 2738 2738 1169 1169 569 569 1969 1969 738 308 1169 1169 1969 1969 1169 1169 738 308 1972 1972 1972 1972 2813 2813 1169 1169 2813 2813 1972 1972 607 607 1170 1170 569 569 2737 2737 569 569 1170 1170 1969 1969 2817 2817 2737 2737 81 81 2737 2737 2817 2817 1170 1170 609 609 1170 1170 2817 2817 1170 1170 609 609 1970 1970 1970 1970 1969 1969 1170 1170 1969 1969 1970 1970 738 308 1171 1171 738 308 1970 1970 738 308 1171 1171 1971 1971 2818 2818 1970 1970 609 609 1970 1970 2818 2818 1171 1171 102 102 1171 1171 2818 2818 1171 1171 102 102 2819 2819 2819 2819 1971 1971 1171 1171 1971 1971 2819 2819 610 610 1172 1172 607 607 1972 1972 607 607 1172 1172 2814 2814 1971 1971 1972 1972 738 308 1972 1972 1971 1971 1172 1172 610 610 1172 1172 1971 1971 1172 1172 610 610 2820 2820 1172 1172 101 101 2814 2814 101 101 1172 1172 2820 2820 2742 2742 1173 1173 81 81 81 81 1173 1173 2817 2817 571 571 1973 1973 2742 2742 2742 2742 1973 1973 1173 1173 1973 1973 739 309 1173 1173 1173 1173 739 309 1976 1976 1173 1173 1976 1976 2817 2817 2817 2817 1976 1976 609 609 2741 2741 1174 1174 571 571 571 571 1174 1174 1973 1973 2821 2821 2741 2741 82 82 2741 2741 2821 2821 1174 1174 2821 2821 611 611 1174 1174 1174 1174 611 611 1974 1974 1174 1174 1974 1974 1973 1973 1973 1973 1974 1974 739 309 1974 1974 1175 1175 739 309 739 309 1175 1175 1975 1975 611 611 2822 2822 1974 1974 1974 1974 2822 2822 1175 1175 2822 2822 103 103 1175 1175 1175 1175 103 103 2823 2823 1175 1175 2823 2823 1975 1975 1975 1975 2823 2823 612 612 1176 1176 609 609 1976 1976 609 609 1176 1176 2818 2818 739 309 1975 1975 1976 1976 1976 1976 1975 1975 1176 1176 612 612 1176 1176 1975 1975 1176 1176 612 612 2824 2824 2824 2824 2818 2818 1176 1176 2818 2818 2824 2824 102 102 2746 2746 1177 1177 82 82 82 82 1177 1177 2821 2821 573 573 1977 1977 2746 2746 2746 2746 1977 1977 1177 1177 1977 1977 740 310 1177 1177 1177 1177 740 310 1980 1980 1177 1177 1980 1980 2821 2821 2821 2821 1980 1980 611 611 2745 2745 1178 1178 573 573 573 573 1178 1178 1977 1977 83 83 2825 2825 2745 2745 2745 2745 2825 2825 1178 1178 2825 2825 613 613 1178 1178 1178 1178 613 613 1978 1978 1178 1178 1978 1978 1977 1977 1977 1977 1978 1978 740 310 1978 1978 1179 1179 740 310 740 310 1179 1179 1979 1979 613 613 2826 2826 1978 1978 1978 1978 2826 2826 1179 1179 104 104 1179 1179 2826 2826 1179 1179 104 104 2827 2827 1179 1179 2827 2827 1979 1979 1979 1979 2827 2827 614 614 1980 1980 1180 1180 611 611 611 611 1180 1180 2822 2822 740 310 1979 1979 1980 1980 1980 1980 1979 1979 1180 1180 1979 1979 614 614 1180 1180 1180 1180 614 614 2828 2828 1180 1180 2828 2828 2822 2822 2822 2822 2828 2828 103 103 1181 1181 84 84 2750 2750 84 84 1181 1181 2834 2834 1981 1981 2750 2750 575 575 2750 2750 1981 1981 1181 1181 741 311 1181 1181 1981 1981 1181 1181 741 311 1984 1984 1181 1181 617 617 2834 2834 617 617 1181 1181 1984 1984 2749 2749 1182 1182 575 575 575 575 1182 1182 1981 1981 85 85 1182 1182 2749 2749 1182 1182 85 85 2829 2829 2829 2829 1982 1982 1182 1182 1982 1982 2829 2829 615 615 1182 1182 741 311 1981 1981 741 311 1182 1182 1982 1982 1982 1982 1183 1183 741 311 741 311 1183 1183 1983 1983 615 615 1183 1183 1982 1982 1183 1183 615 615 2830 2830 106 106 1183 1183 2830 2830 1183 1183 106 106 2831 2831 1183 1183 2831 2831 1983 1983 1983 1983 2831 2831 616 616 1184 1184 617 617 1984 1984 617 617 1184 1184 2833 2833 1983 1983 1984 1984 741 311 1984 1984 1983 1983 1184 1184 616 616 1184 1184 1983 1983 1184 1184 616 616 2832 2832 1184 1184 105 105 2833 2833 105 105 1184 1184 2832 2832 2756 2756 2829 2829 85 85 2829 2829 2756 2756 1185 1185 578 578 1185 1185 2756 2756 1185 1185 578 578 1985 1985 1985 1985 1988 1988 1185 1185 1988 1988 1985 1985 742 312 1185 1185 615 615 2829 2829 615 615 1185 1185 1988 1988 2755 2755 1985 1985 578 578 1985 1985 2755 2755 1186 1186 2835 2835 2755 2755 86 86 2755 2755 2835 2835 1186 1186 2835 2835 1986 1986 1186 1186 1986 1986 2835 2835 618 618 1186 1186 742 312 1985 1985 742 312 1186 1186 1986 1986 1986 1986 1987 1987 742 312 1987 1987 1986 1986 1187 1187 618 618 1187 1187 1986 1986 1187 1187 618 618 2836 2836 2836 2836 2837 2837 1187 1187 2837 2837 2836 2836 107 107 1187 1187 619 619 1987 1987 619 619 1187 1187 2837 2837 1988 1988 2830 2830 615 615 2830 2830 1988 1988 1188 1188 742 312 1188 1188 1988 1988 1188 1188 742 312 1987 1987 1987 1987 2838 2838 1188 1188 2838 2838 1987 1987 619 619 1188 1188 2838 2838 2830 2830 2830 2830 2838 2838 106 106 1189 1189 86 86 2760 2760 86 86 1189 1189 2835 2835 1989 1989 2760 2760 580 580 2760 2760 1989 1989 1189 1189 1989 1989 1992 1992 1189 1189 1992 1992 1989 1989 743 313 1189 1189 618 618 2835 2835 618 618 1189 1189 1992 1992 1190 1190 580 580 2759 2759 580 580 1190 1190 1989 1989 2839 2839 2759 2759 87 87 2759 2759 2839 2839 1190 1190 2839 2839 620 620 1190 1190 1190 1190 620 620 1990 1990 1990 1990 1989 1989 1190 1190 1989 1989 1990 1990 743 313 1990 1990 1991 1991 743 313 1991 1991 1990 1990 1191 1191 620 620 1191 1191 1990 1990 1191 1191 620 620 2840 2840 2840 2840 2841 2841 1191 1191 2841 2841 2840 2840 108 108 1191 1191 621 621 1991 1991 621 621 1191 1191 2841 2841 1992 1992 2836 2836 618 618 2836 2836 1992 1992 1192 1192 743 313 1192 1192 1992 1992 1192 1192 743 313 1991 1991 1991 1991 2842 2842 1192 1192 2842 2842 1991 1991 621 621 1192 1192 107 107 2836 2836 107 107 1192 1192 2842 2842 1193 1193 87 87 2764 2764 87 87 1193 1193 2839 2839 1993 1993 2764 2764 582 582 2764 2764 1993 1993 1193 1193 1993 1993 744 314 1193 1193 1193 1193 744 314 1996 1996 1193 1193 1996 1996 2839 2839 2839 2839 1996 1996 620 620 1194 1194 582 582 2763 2763 582 582 1194 1194 1993 1993 2843 2843 2763 2763 88 88 2763 2763 2843 2843 1194 1194 2843 2843 622 622 1194 1194 1194 1194 622 622 1994 1994 1194 1194 1994 1994 1993 1993 1993 1993 1994 1994 744 314 1994 1994 1195 1195 744 314 744 314 1195 1195 1995 1995 622 622 2844 2844 1994 1994 1994 1994 2844 2844 1195 1195 109 109 1195 1195 2844 2844 1195 1195 109 109 2845 2845 1195 1195 2845 2845 1995 1995 1995 1995 2845 2845 623 623 1996 1996 1196 1196 620 620 620 620 1196 1196 2840 2840 1995 1995 1996 1996 744 314 1996 1996 1995 1995 1196 1196 623 623 1196 1196 1995 1995 1196 1196 623 623 2846 2846 1196 1196 108 108 2840 2840 108 108 1196 1196 2846 2846 2768 2768 1197 1197 88 88 88 88 1197 1197 2843 2843 1997 1997 2768 2768 584 584 2768 2768 1997 1997 1197 1197 1997 1997 745 315 1197 1197 1197 1197 745 315 2000 2000 1197 1197 2000 2000 2843 2843 2843 2843 2000 2000 622 622 1198 1198 584 584 2767 2767 584 584 1198 1198 1997 1997 2847 2847 2767 2767 89 89 2767 2767 2847 2847 1198 1198 2847 2847 624 624 1198 1198 1198 1198 624 624 1998 1998 1998 1998 1997 1997 1198 1198 1997 1997 1998 1998 745 315 1199 1199 745 315 1998 1998 745 315 1199 1199 1999 1999 2848 2848 1998 1998 624 624 1998 1998 2848 2848 1199 1199 2848 2848 2849 2849 1199 1199 2849 2849 2848 2848 110 110 1199 1199 625 625 1999 1999 625 625 1199 1199 2849 2849 1200 1200 622 622 2000 2000 622 622 1200 1200 2844 2844 1999 1999 2000 2000 745 315 2000 2000 1999 1999 1200 1200 1999 1999 2850 2850 1200 1200 2850 2850 1999 1999 625 625 2850 2850 2844 2844 1200 1200 2844 2844 2850 2850 109 109 1201 1201 89 89 2772 2772 89 89 1201 1201 2847 2847 2001 2001 2772 2772 586 586 2772 2772 2001 2001 1201 1201 2001 2001 746 316 1201 1201 1201 1201 746 316 2004 2004 2004 2004 2847 2847 1201 1201 2847 2847 2004 2004 624 624 2771 2771 2001 2001 586 586 2001 2001 2771 2771 1202 1202 90 90 1202 1202 2771 2771 1202 1202 90 90 2851 2851 626 626 1202 1202 2851 2851 1202 1202 626 626 2002 2002 2002 2002 2001 2001 1202 1202 2001 2001 2002 2002 746 316 1203 1203 746 316 2002 2002 746 316 1203 1203 2003 2003 2852 2852 2002 2002 626 626 2002 2002 2852 2852 1203 1203 111 111 1203 1203 2852 2852 1203 1203 111 111 2853 2853 2853 2853 2003 2003 1203 1203 2003 2003 2853 2853 627 627 1204 1204 624 624 2004 2004 624 624 1204 1204 2848 2848 2003 2003 2004 2004 746 316 2004 2004 2003 2003 1204 1204 627 627 1204 1204 2003 2003 1204 1204 627 627 2854 2854 2854 2854 2848 2848 1204 1204 2848 2848 2854 2854 110 110 2776 2776 2851 2851 90 90 2851 2851 2776 2776 1205 1205 588 588 1205 1205 2776 2776 1205 1205 588 588 2005 2005 2005 2005 2008 2008 1205 1205 2008 2008 2005 2005 747 317 1205 1205 626 626 2851 2851 626 626 1205 1205 2008 2008 2775 2775 2005 2005 588 588 2005 2005 2775 2775 1206 1206 91 91 1206 1206 2775 2775 1206 1206 91 91 2855 2855 2855 2855 2006 2006 1206 1206 2006 2006 2855 2855 628 628 1206 1206 747 317 2005 2005 747 317 1206 1206 2006 2006 1207 1207 747 317 2006 2006 747 317 1207 1207 2007 2007 2856 2856 2006 2006 628 628 2006 2006 2856 2856 1207 1207 112 112 1207 1207 2856 2856 1207 1207 112 112 2857 2857 2857 2857 2007 2007 1207 1207 2007 2007 2857 2857 629 629 1208 1208 626 626 2008 2008 626 626 1208 1208 2852 2852 2007 2007 2008 2008 747 317 2008 2008 2007 2007 1208 1208 629 629 1208 1208 2007 2007 1208 1208 629 629 2858 2858 2858 2858 2852 2852 1208 1208 2852 2852 2858 2858 111 111 2780 2780 2855 2855 91 91 2855 2855 2780 2780 1209 1209 590 590 1209 1209 2780 2780 1209 1209 590 590 2009 2009 2009 2009 2012 2012 1209 1209 2012 2012 2009 2009 748 318 1209 1209 628 628 2855 2855 628 628 1209 1209 2012 2012 2779 2779 2009 2009 590 590 2009 2009 2779 2779 1210 1210 92 92 1210 1210 2779 2779 1210 1210 92 92 2859 2859 2859 2859 2010 2010 1210 1210 2010 2010 2859 2859 630 630 1210 1210 748 318 2009 2009 748 318 1210 1210 2010 2010 1211 1211 748 318 2010 2010 748 318 1211 1211 2011 2011 2860 2860 2010 2010 630 630 2010 2010 2860 2860 1211 1211 113 113 1211 1211 2860 2860 1211 1211 113 113 2861 2861 2861 2861 2011 2011 1211 1211 2011 2011 2861 2861 631 631 1212 1212 628 628 2012 2012 628 628 1212 1212 2856 2856 2011 2011 2012 2012 748 318 2012 2012 2011 2011 1212 1212 631 631 1212 1212 2011 2011 1212 1212 631 631 2862 2862 2862 2862 2856 2856 1212 1212 2856 2856 2862 2862 112 112 2784 2784 2859 2859 92 92 2859 2859 2784 2784 1213 1213 592 592 1213 1213 2784 2784 1213 1213 592 592 2013 2013 2013 2013 2016 2016 1213 1213 2016 2016 2013 2013 749 319 1213 1213 630 630 2859 2859 630 630 1213 1213 2016 2016 2783 2783 2013 2013 592 592 2013 2013 2783 2783 1214 1214 2863 2863 2783 2783 93 93 2783 2783 2863 2863 1214 1214 2863 2863 2014 2014 1214 1214 2014 2014 2863 2863 632 632 1214 1214 749 319 2013 2013 749 319 1214 1214 2014 2014 2014 2014 2015 2015 749 319 2015 2015 2014 2014 1215 1215 632 632 1215 1215 2014 2014 1215 1215 632 632 2864 2864 114 114 1215 1215 2864 2864 1215 1215 114 114 2865 2865 2865 2865 2015 2015 1215 1215 2015 2015 2865 2865 633 633 1216 1216 630 630 2016 2016 630 630 1216 1216 2860 2860 749 319 1216 1216 2016 2016 1216 1216 749 319 2015 2015 633 633 1216 1216 2015 2015 1216 1216 633 633 2866 2866 2866 2866 2860 2860 1216 1216 2860 2860 2866 2866 113 113 1217 1217 93 93 2788 2788 93 93 1217 1217 2863 2863 2017 2017 2788 2788 594 594 2788 2788 2017 2017 1217 1217 750 320 1217 1217 2017 2017 1217 1217 750 320 2020 2020 2020 2020 2863 2863 1217 1217 2863 2863 2020 2020 632 632 2787 2787 2017 2017 594 594 2017 2017 2787 2787 1218 1218 2867 2867 2787 2787 94 94 2787 2787 2867 2867 1218 1218 634 634 1218 1218 2867 2867 1218 1218 634 634 2018 2018 2018 2018 2017 2017 1218 1218 2017 2017 2018 2018 750 320 2018 2018 2019 2019 750 320 2019 2019 2018 2018 1219 1219 634 634 1219 1219 2018 2018 1219 1219 634 634 2868 2868 2868 2868 2869 2869 1219 1219 2869 2869 2868 2868 115 115 1219 1219 635 635 2019 2019 635 635 1219 1219 2869 2869 2020 2020 2864 2864 632 632 2864 2864 2020 2020 1220 1220 750 320 1220 1220 2020 2020 1220 1220 750 320 2019 2019 2019 2019 2870 2870 1220 1220 2870 2870 2019 2019 635 635 1220 1220 114 114 2864 2864 114 114 1220 1220 2870 2870 2792 2792 2867 2867 94 94 2867 2867 2792 2792 1221 1221 2021 2021 2792 2792 596 596 2792 2792 2021 2021 1221 1221 751 321 1221 1221 2021 2021 1221 1221 751 321 2024 2024 1221 1221 634 634 2867 2867 634 634 1221 1221 2024 2024 2791 2791 2021 2021 596 596 2021 2021 2791 2791 1222 1222 95 95 1222 1222 2791 2791 1222 1222 95 95 2871 2871 2871 2871 2022 2022 1222 1222 2022 2022 2871 2871 636 636 1222 1222 751 321 2021 2021 751 321 1222 1222 2022 2022 1223 1223 751 321 2022 2022 751 321 1223 1223 2023 2023 636 636 1223 1223 2022 2022 1223 1223 636 636 2872 2872 2872 2872 2873 2873 1223 1223 2873 2873 2872 2872 116 116 2873 2873 2023 2023 1223 1223 2023 2023 2873 2873 637 637 2024 2024 2868 2868 634 634 2868 2868 2024 2024 1224 1224 751 321 1224 1224 2024 2024 1224 1224 751 321 2023 2023 2023 2023 2874 2874 1224 1224 2874 2874 2023 2023 637 637 1224 1224 115 115 2868 2868 115 115 1224 1224 2874 2874 2796 2796 2871 2871 95 95 2871 2871 2796 2796 1225 1225 598 598 1225 1225 2796 2796 1225 1225 598 598 2025 2025 752 322 1225 1225 2025 2025 1225 1225 752 322 2028 2028 2028 2028 2871 2871 1225 1225 2871 2871 2028 2028 636 636 2795 2795 2025 2025 598 598 2025 2025 2795 2795 1226 1226 96 96 1226 1226 2795 2795 1226 1226 96 96 2875 2875 2875 2875 2026 2026 1226 1226 2026 2026 2875 2875 638 638 1226 1226 752 322 2025 2025 752 322 1226 1226 2026 2026 1227 1227 752 322 2026 2026 752 322 1227 1227 2027 2027 2876 2876 2026 2026 638 638 2026 2026 2876 2876 1227 1227 117 117 1227 1227 2876 2876 1227 1227 117 117 2877 2877 1227 1227 2877 2877 2027 2027 2027 2027 2877 2877 639 639 1228 1228 636 636 2028 2028 636 636 1228 1228 2872 2872 752 322 1228 1228 2028 2028 1228 1228 752 322 2027 2027 639 639 1228 1228 2027 2027 1228 1228 639 639 2878 2878 1228 1228 2878 2878 2872 2872 2872 2872 2878 2878 116 116 2800 2800 2875 2875 96 96 2875 2875 2800 2800 1229 1229 600 600 1229 1229 2800 2800 1229 1229 600 600 2029 2029 2029 2029 2032 2032 1229 1229 2032 2032 2029 2029 753 323 1229 1229 638 638 2875 2875 638 638 1229 1229 2032 2032 2799 2799 2029 2029 600 600 2029 2029 2799 2799 1230 1230 97 97 1230 1230 2799 2799 1230 1230 97 97 2879 2879 2879 2879 2030 2030 1230 1230 2030 2030 2879 2879 640 640 1230 1230 753 323 2029 2029 753 323 1230 1230 2030 2030 2030 2030 2031 2031 753 323 2031 2031 2030 2030 1231 1231 640 640 1231 1231 2030 2030 1231 1231 640 640 2880 2880 2880 2880 2881 2881 1231 1231 2881 2881 2880 2880 118 118 1231 1231 641 641 2031 2031 641 641 1231 1231 2881 2881 1232 1232 638 638 2032 2032 638 638 1232 1232 2876 2876 753 323 1232 1232 2032 2032 1232 1232 753 323 2031 2031 2031 2031 2882 2882 1232 1232 2882 2882 2031 2031 641 641 2882 2882 2876 2876 1232 1232 2876 2876 2882 2882 117 117 2804 2804 2879 2879 97 97 2879 2879 2804 2804 1233 1233 602 602 2033 2033 2804 2804 2804 2804 2033 2033 1233 1233 2033 2033 2036 2036 1233 1233 2036 2036 2033 2033 754 324 1233 1233 640 640 2879 2879 640 640 1233 1233 2036 2036 2803 2803 2033 2033 602 602 2033 2033 2803 2803 1234 1234 98 98 1234 1234 2803 2803 1234 1234 98 98 2883 2883 2883 2883 642 642 1234 1234 1234 1234 642 642 2034 2034 1234 1234 754 324 2033 2033 754 324 1234 1234 2034 2034 2034 2034 2035 2035 754 324 2035 2035 2034 2034 1235 1235 642 642 2884 2884 2034 2034 2034 2034 2884 2884 1235 1235 2884 2884 2885 2885 1235 1235 2885 2885 2884 2884 119 119 1235 1235 643 643 2035 2035 643 643 1235 1235 2885 2885 2036 2036 2880 2880 640 640 2880 2880 2036 2036 1236 1236 754 324 1236 1236 2036 2036 1236 1236 754 324 2035 2035 2035 2035 2886 2886 1236 1236 2886 2886 2035 2035 643 643 1236 1236 118 118 2880 2880 118 118 1236 1236 2886 2886 2808 2808 2883 2883 98 98 2883 2883 2808 2808 1237 1237 604 604 1237 1237 2808 2808 1237 1237 604 604 2037 2037 2037 2037 2040 2040 1237 1237 2040 2040 2037 2037 755 325 1237 1237 642 642 2883 2883 642 642 1237 1237 2040 2040 2807 2807 2037 2037 604 604 2037 2037 2807 2807 1238 1238 99 99 1238 1238 2807 2807 1238 1238 99 99 2887 2887 2887 2887 2038 2038 1238 1238 2038 2038 2887 2887 644 644 1238 1238 755 325 2037 2037 755 325 1238 1238 2038 2038 2038 2038 2039 2039 755 325 2039 2039 2038 2038 1239 1239 644 644 1239 1239 2038 2038 1239 1239 644 644 2888 2888 2888 2888 120 120 1239 1239 1239 1239 120 120 2889 2889 1239 1239 2889 2889 2039 2039 2039 2039 2889 2889 645 645 2040 2040 1240 1240 642 642 642 642 1240 1240 2884 2884 755 325 2039 2039 2040 2040 2040 2040 2039 2039 1240 1240 2039 2039 645 645 1240 1240 1240 1240 645 645 2890 2890 1240 1240 119 119 2884 2884 119 119 1240 1240 2890 2890 2812 2812 2887 2887 99 99 2887 2887 2812 2812 1241 1241 606 606 1241 1241 2812 2812 1241 1241 606 606 2041 2041 2041 2041 2044 2044 1241 1241 2044 2044 2041 2041 756 326 1241 1241 644 644 2887 2887 644 644 1241 1241 2044 2044 2811 2811 2041 2041 606 606 2041 2041 2811 2811 1242 1242 100 100 1242 1242 2811 2811 1242 1242 100 100 2891 2891 2891 2891 2042 2042 1242 1242 2042 2042 2891 2891 646 646 1242 1242 756 326 2041 2041 756 326 1242 1242 2042 2042 2042 2042 2043 2043 756 326 2043 2043 2042 2042 1243 1243 646 646 1243 1243 2042 2042 1243 1243 646 646 2892 2892 2892 2892 2893 2893 1243 1243 2893 2893 2892 2892 121 121 1243 1243 647 647 2043 2043 647 647 1243 1243 2893 2893 2044 2044 2888 2888 644 644 2888 2888 2044 2044 1244 1244 756 326 1244 1244 2044 2044 1244 1244 756 326 2043 2043 2043 2043 2894 2894 1244 1244 2894 2894 2043 2043 647 647 1244 1244 120 120 2888 2888 120 120 1244 1244 2894 2894 2816 2816 2891 2891 100 100 2891 2891 2816 2816 1245 1245 608 608 1245 1245 2816 2816 1245 1245 608 608 2045 2045 2045 2045 2048 2048 1245 1245 2048 2048 2045 2045 757 327 1245 1245 646 646 2891 2891 646 646 1245 1245 2048 2048 2815 2815 2045 2045 608 608 2045 2045 2815 2815 1246 1246 101 101 1246 1246 2815 2815 1246 1246 101 101 2895 2895 2895 2895 2046 2046 1246 1246 2046 2046 2895 2895 648 648 1246 1246 757 327 2045 2045 757 327 1246 1246 2046 2046 2046 2046 2047 2047 757 327 2047 2047 2046 2046 1247 1247 648 648 1247 1247 2046 2046 1247 1247 648 648 2896 2896 2896 2896 2897 2897 1247 1247 2897 2897 2896 2896 122 122 1247 1247 649 649 2047 2047 649 649 1247 1247 2897 2897 2048 2048 2892 2892 646 646 2892 2892 2048 2048 1248 1248 757 327 1248 1248 2048 2048 1248 1248 757 327 2047 2047 2047 2047 2898 2898 1248 1248 2898 2898 2047 2047 649 649 1248 1248 121 121 2892 2892 121 121 1248 1248 2898 2898 2820 2820 2895 2895 101 101 2895 2895 2820 2820 1249 1249 610 610 1249 1249 2820 2820 1249 1249 610 610 2049 2049 2049 2049 2052 2052 1249 1249 2052 2052 2049 2049 758 328 1249 1249 648 648 2895 2895 648 648 1249 1249 2052 2052 2819 2819 2049 2049 610 610 2049 2049 2819 2819 1250 1250 102 102 1250 1250 2819 2819 1250 1250 102 102 2899 2899 2899 2899 2050 2050 1250 1250 2050 2050 2899 2899 650 650 1250 1250 758 328 2049 2049 758 328 1250 1250 2050 2050 2050 2050 2051 2051 758 328 2051 2051 2050 2050 1251 1251 650 650 1251 1251 2050 2050 1251 1251 650 650 2900 2900 2900 2900 2901 2901 1251 1251 2901 2901 2900 2900 123 123 1251 1251 651 651 2051 2051 651 651 1251 1251 2901 2901 2052 2052 2896 2896 648 648 2896 2896 2052 2052 1252 1252 758 328 1252 1252 2052 2052 1252 1252 758 328 2051 2051 2051 2051 2902 2902 1252 1252 2902 2902 2051 2051 651 651 1252 1252 122 122 2896 2896 122 122 1252 1252 2902 2902 1253 1253 102 102 2824 2824 102 102 1253 1253 2899 2899 2053 2053 2824 2824 612 612 2824 2824 2053 2053 1253 1253 2053 2053 2056 2056 1253 1253 2056 2056 2053 2053 759 329 1253 1253 650 650 2899 2899 650 650 1253 1253 2056 2056 2823 2823 1254 1254 612 612 612 612 1254 1254 2053 2053 103 103 2903 2903 2823 2823 2823 2823 2903 2903 1254 1254 2903 2903 2054 2054 1254 1254 2054 2054 2903 2903 652 652 1254 1254 759 329 2053 2053 759 329 1254 1254 2054 2054 2054 2054 2055 2055 759 329 2055 2055 2054 2054 1255 1255 652 652 1255 1255 2054 2054 1255 1255 652 652 2904 2904 2904 2904 2905 2905 1255 1255 2905 2905 2904 2904 124 124 1255 1255 653 653 2055 2055 653 653 1255 1255 2905 2905 2056 2056 2900 2900 650 650 2900 2900 2056 2056 1256 1256 759 329 1256 1256 2056 2056 1256 1256 759 329 2055 2055 2055 2055 2906 2906 1256 1256 2906 2906 2055 2055 653 653 1256 1256 123 123 2900 2900 123 123 1256 1256 2906 2906 2828 2828 1257 1257 103 103 103 103 1257 1257 2903 2903 614 614 2057 2057 2828 2828 2828 2828 2057 2057 1257 1257 2057 2057 2060 2060 1257 1257 2060 2060 2057 2057 760 330 1257 1257 652 652 2903 2903 652 652 1257 1257 2060 2060 1258 1258 614 614 2827 2827 614 614 1258 1258 2057 2057 2907 2907 2827 2827 104 104 2827 2827 2907 2907 1258 1258 654 654 1258 1258 2907 2907 1258 1258 654 654 2058 2058 2058 2058 2057 2057 1258 1258 2057 2057 2058 2058 760 330 2058 2058 2059 2059 760 330 2059 2059 2058 2058 1259 1259 654 654 1259 1259 2058 2058 1259 1259 654 654 2908 2908 2908 2908 2909 2909 1259 1259 2909 2909 2908 2908 125 125 1259 1259 655 655 2059 2059 655 655 1259 1259 2909 2909 2060 2060 2904 2904 652 652 2904 2904 2060 2060 1260 1260 760 330 1260 1260 2060 2060 1260 1260 760 330 2059 2059 2059 2059 2910 2910 1260 1260 2910 2910 2059 2059 655 655 1260 1260 124 124 2904 2904 124 124 1260 1260 2910 2910 1261 1261 105 105 2832 2832 105 105 1261 1261 2916 2916 616 616 2061 2061 2832 2832 2832 2832 2061 2061 1261 1261 2061 2061 761 331 1261 1261 1261 1261 761 331 2064 2064 2064 2064 2916 2916 1261 1261 2916 2916 2064 2064 658 658 2831 2831 1262 1262 616 616 616 616 1262 1262 2061 2061 106 106 2911 2911 2831 2831 2831 2831 2911 2911 1262 1262 2911 2911 656 656 1262 1262 1262 1262 656 656 2062 2062 1262 1262 2062 2062 2061 2061 2061 2061 2062 2062 761 331 2062 2062 1263 1263 761 331 761 331 1263 1263 2063 2063 656 656 2912 2912 2062 2062 2062 2062 2912 2912 1263 1263 2912 2912 2913 2913 1263 1263 2913 2913 2912 2912 127 127 1263 1263 657 657 2063 2063 657 657 1263 1263 2913 2913 2064 2064 1264 1264 658 658 658 658 1264 1264 2915 2915 761 331 2063 2063 2064 2064 2064 2064 2063 2063 1264 1264 2063 2063 657 657 1264 1264 1264 1264 657 657 2914 2914 1264 1264 126 126 2915 2915 126 126 1264 1264 2914 2914 2838 2838 1265 1265 106 106 106 106 1265 1265 2911 2911 619 619 2065 2065 2838 2838 2838 2838 2065 2065 1265 1265 2065 2065 762 332 1265 1265 1265 1265 762 332 2068 2068 1265 1265 2068 2068 2911 2911 2911 2911 2068 2068 656 656 2837 2837 1266 1266 619 619 619 619 1266 1266 2065 2065 107 107 2917 2917 2837 2837 2837 2837 2917 2917 1266 1266 2917 2917 659 659 1266 1266 1266 1266 659 659 2066 2066 1266 1266 2066 2066 2065 2065 2065 2065 2066 2066 762 332 2066 2066 1267 1267 762 332 762 332 1267 1267 2067 2067 659 659 2918 2918 2066 2066 2066 2066 2918 2918 1267 1267 2918 2918 128 128 1267 1267 1267 1267 128 128 2919 2919 1267 1267 2919 2919 2067 2067 2067 2067 2919 2919 660 660 2068 2068 1268 1268 656 656 656 656 1268 1268 2912 2912 762 332 2067 2067 2068 2068 2068 2068 2067 2067 1268 1268 660 660 1268 1268 2067 2067 1268 1268 660 660 2920 2920 1268 1268 2920 2920 2912 2912 2912 2912 2920 2920 127 127 2842 2842 1269 1269 107 107 107 107 1269 1269 2917 2917 621 621 2069 2069 2842 2842 2842 2842 2069 2069 1269 1269 2069 2069 763 333 1269 1269 1269 1269 763 333 2072 2072 1269 1269 2072 2072 2917 2917 2917 2917 2072 2072 659 659 2841 2841 1270 1270 621 621 621 621 1270 1270 2069 2069 108 108 2921 2921 2841 2841 2841 2841 2921 2921 1270 1270 2921 2921 231 661 1270 1270 1270 1270 231 661 2070 2070 1270 1270 2070 2070 2069 2069 2069 2069 2070 2070 763 333 2070 2070 1271 1271 763 333 763 333 1271 1271 2071 2071 231 661 1271 1271 2070 2070 1271 1271 231 661 2922 2922 2922 2922 2923 2923 1271 1271 2923 2923 2922 2922 129 129 1271 1271 232 662 2071 2071 232 662 1271 1271 2923 2923 2072 2072 1272 1272 659 659 659 659 1272 1272 2918 2918 763 333 2071 2071 2072 2072 2072 2072 2071 2071 1272 1272 2071 2071 2924 2924 1272 1272 2924 2924 2071 2071 232 662 1272 1272 2924 2924 2918 2918 2918 2918 2924 2924 128 128 2846 2846 1273 1273 108 108 108 108 1273 1273 2921 2921 623 623 2073 2073 2846 2846 2846 2846 2073 2073 1273 1273 2073 2073 764 334 1273 1273 1273 1273 764 334 2076 2076 1273 1273 2076 2076 2921 2921 2921 2921 2076 2076 231 661 2845 2845 1274 1274 623 623 623 623 1274 1274 2073 2073 109 109 1274 1274 2845 2845 1274 1274 109 109 2925 2925 2925 2925 233 663 1274 1274 1274 1274 233 663 2074 2074 1274 1274 764 334 2073 2073 764 334 1274 1274 2074 2074 2074 2074 2075 2075 764 334 2075 2075 2074 2074 1275 1275 233 663 1275 1275 2074 2074 1275 1275 233 663 2926 2926 2926 2926 130 130 1275 1275 1275 1275 130 130 2927 2927 1275 1275 2927 2927 2075 2075 2075 2075 2927 2927 234 664 2076 2076 2922 2922 231 661 2922 2922 2076 2076 1276 1276 764 334 1276 1276 2076 2076 1276 1276 764 334 2075 2075 234 664 1276 1276 2075 2075 1276 1276 234 664 2928 2928 1276 1276 2928 2928 2922 2922 2922 2922 2928 2928 129 129 2850 2850 2925 2925 109 109 2925 2925 2850 2850 1277 1277 625 625 1277 1277 2850 2850 1277 1277 625 625 2077 2077 2077 2077 2080 2080 1277 1277 2080 2080 2077 2077 765 335 1277 1277 233 663 2925 2925 233 663 1277 1277 2080 2080 2849 2849 2077 2077 625 625 2077 2077 2849 2849 1278 1278 110 110 1278 1278 2849 2849 1278 1278 110 110 2929 2929 2929 2929 2078 2078 1278 1278 2078 2078 2929 2929 235 665 1278 1278 765 335 2077 2077 765 335 1278 1278 2078 2078 2078 2078 1279 1279 765 335 765 335 1279 1279 2079 2079 2930 2930 2078 2078 235 665 2078 2078 2930 2930 1279 1279 131 131 1279 1279 2930 2930 1279 1279 131 131 2931 2931 1279 1279 2931 2931 2079 2079 2079 2079 2931 2931 236 666 1280 1280 233 663 2080 2080 233 663 1280 1280 2926 2926 2079 2079 2080 2080 765 335 2080 2080 2079 2079 1280 1280 236 666 1280 1280 2079 2079 1280 1280 236 666 2932 2932 1280 1280 2932 2932 2926 2926 2926 2926 2932 2932 130 130 2854 2854 2929 2929 110 110 2929 2929 2854 2854 1281 1281 627 627 1281 1281 2854 2854 1281 1281 627 627 2081 2081 2081 2081 2084 2084 1281 1281 2084 2084 2081 2081 766 336 1281 1281 235 665 2929 2929 235 665 1281 1281 2084 2084 2853 2853 2081 2081 627 627 2081 2081 2853 2853 1282 1282 111 111 1282 1282 2853 2853 1282 1282 111 111 2933 2933 2933 2933 2082 2082 1282 1282 2082 2082 2933 2933 237 667 1282 1282 766 336 2081 2081 766 336 1282 1282 2082 2082 2082 2082 2083 2083 766 336 2083 2083 2082 2082 1283 1283 237 667 1283 1283 2082 2082 1283 1283 237 667 2934 2934 132 132 1283 1283 2934 2934 1283 1283 132 132 2935 2935 2935 2935 2083 2083 1283 1283 2083 2083 2935 2935 238 668 1284 1284 235 665 2084 2084 235 665 1284 1284 2930 2930 766 336 1284 1284 2084 2084 1284 1284 766 336 2083 2083 238 668 1284 1284 2083 2083 1284 1284 238 668 2936 2936 2936 2936 2930 2930 1284 1284 2930 2930 2936 2936 131 131 2858 2858 2933 2933 111 111 2933 2933 2858 2858 1285 1285 2085 2085 2858 2858 629 629 2858 2858 2085 2085 1285 1285 2085 2085 2088 2088 1285 1285 2088 2088 2085 2085 767 337 1285 1285 237 667 2933 2933 237 667 1285 1285 2088 2088 1286 1286 629 629 2857 2857 629 629 1286 1286 2085 2085 2937 2937 2857 2857 112 112 2857 2857 2937 2937 1286 1286 2937 2937 2086 2086 1286 1286 2086 2086 2937 2937 239 669 1286 1286 767 337 2085 2085 767 337 1286 1286 2086 2086 2086 2086 2087 2087 767 337 2087 2087 2086 2086 1287 1287 239 669 1287 1287 2086 2086 1287 1287 239 669 2938 2938 133 133 1287 1287 2938 2938 1287 1287 133 133 2939 2939 2939 2939 2087 2087 1287 1287 2087 2087 2939 2939 240 670 2088 2088 2934 2934 237 667 2934 2934 2088 2088 1288 1288 767 337 1288 1288 2088 2088 1288 1288 767 337 2087 2087 240 670 1288 1288 2087 2087 1288 1288 240 670 2940 2940 2940 2940 2934 2934 1288 1288 2934 2934 2940 2940 132 132 1289 1289 112 112 2862 2862 112 112 1289 1289 2937 2937 2089 2089 2862 2862 631 631 2862 2862 2089 2089 1289 1289 2089 2089 2092 2092 1289 1289 2092 2092 2089 2089 768 338 1289 1289 239 669 2937 2937 239 669 1289 1289 2092 2092 1290 1290 631 631 2861 2861 631 631 1290 1290 2089 2089 2941 2941 2861 2861 113 113 2861 2861 2941 2941 1290 1290 241 671 1290 1290 2941 2941 1290 1290 241 671 2090 2090 1290 1290 768 338 2089 2089 768 338 1290 1290 2090 2090 2090 2090 2091 2091 768 338 2091 2091 2090 2090 1291 1291 241 671 1291 1291 2090 2090 1291 1291 241 671 2942 2942 2942 2942 2943 2943 1291 1291 2943 2943 2942 2942 134 134 1291 1291 242 672 2091 2091 242 672 1291 1291 2943 2943 2092 2092 2938 2938 239 669 2938 2938 2092 2092 1292 1292 768 338 1292 1292 2092 2092 1292 1292 768 338 2091 2091 2091 2091 2944 2944 1292 1292 2944 2944 2091 2091 242 672 2944 2944 2938 2938 1292 1292 2938 2938 2944 2944 133 133 1293 1293 113 113 2866 2866 113 113 1293 1293 2941 2941 2093 2093 2866 2866 633 633 2866 2866 2093 2093 1293 1293 769 339 1293 1293 2093 2093 1293 1293 769 339 2096 2096 2096 2096 2941 2941 1293 1293 2941 2941 2096 2096 241 671 1294 1294 633 633 2865 2865 633 633 1294 1294 2093 2093 2945 2945 2865 2865 114 114 2865 2865 2945 2945 1294 1294 243 673 1294 1294 2945 2945 1294 1294 243 673 2094 2094 2094 2094 2093 2093 1294 1294 2093 2093 2094 2094 769 339 2094 2094 2095 2095 769 339 2095 2095 2094 2094 1295 1295 243 673 1295 1295 2094 2094 1295 1295 243 673 2946 2946 2946 2946 2947 2947 1295 1295 2947 2947 2946 2946 135 135 1295 1295 244 674 2095 2095 244 674 1295 1295 2947 2947 2096 2096 2942 2942 241 671 2942 2942 2096 2096 1296 1296 769 339 1296 1296 2096 2096 1296 1296 769 339 2095 2095 2095 2095 2948 2948 1296 1296 2948 2948 2095 2095 244 674 1296 1296 134 134 2942 2942 134 134 1296 1296 2948 2948 1297 1297 114 114 2870 2870 114 114 1297 1297 2945 2945 2097 2097 2870 2870 635 635 2870 2870 2097 2097 1297 1297 770 340 1297 1297 2097 2097 1297 1297 770 340 2100 2100 1297 1297 243 673 2945 2945 243 673 1297 1297 2100 2100 1298 1298 635 635 2869 2869 635 635 1298 1298 2097 2097 2949 2949 2869 2869 115 115 2869 2869 2949 2949 1298 1298 245 675 1298 1298 2949 2949 1298 1298 245 675 2098 2098 2098 2098 2097 2097 1298 1298 2097 2097 2098 2098 770 340 2098 2098 2099 2099 770 340 2099 2099 2098 2098 1299 1299 245 675 1299 1299 2098 2098 1299 1299 245 675 2950 2950 2950 2950 2951 2951 1299 1299 2951 2951 2950 2950 136 136 1299 1299 246 676 2099 2099 246 676 1299 1299 2951 2951 2100 2100 2946 2946 243 673 2946 2946 2100 2100 1300 1300 770 340 1300 1300 2100 2100 1300 1300 770 340 2099 2099 2099 2099 2952 2952 1300 1300 2952 2952 2099 2099 246 676 1300 1300 135 135 2946 2946 135 135 1300 1300 2952 2952 1301 1301 115 115 2874 2874 115 115 1301 1301 2949 2949 2101 2101 2874 2874 637 637 2874 2874 2101 2101 1301 1301 771 341 1301 1301 2101 2101 1301 1301 771 341 2104 2104 2104 2104 2949 2949 1301 1301 2949 2949 2104 2104 245 675 2873 2873 2101 2101 637 637 2101 2101 2873 2873 1302 1302 116 116 1302 1302 2873 2873 1302 1302 116 116 2953 2953 2953 2953 2102 2102 1302 1302 2102 2102 2953 2953 247 677 2102 2102 2101 2101 1302 1302 2101 2101 2102 2102 771 341 2102 2102 2103 2103 771 341 2103 2103 2102 2102 1303 1303 247 677 1303 1303 2102 2102 1303 1303 247 677 2954 2954 2954 2954 2955 2955 1303 1303 2955 2955 2954 2954 137 137 1303 1303 248 678 2103 2103 248 678 1303 1303 2955 2955 2104 2104 2950 2950 245 675 2950 2950 2104 2104 1304 1304 771 341 1304 1304 2104 2104 1304 1304 771 341 2103 2103 2103 2103 2956 2956 1304 1304 2956 2956 2103 2103 248 678 1304 1304 136 136 2950 2950 136 136 1304 1304 2956 2956 2878 2878 2953 2953 116 116 2953 2953 2878 2878 1305 1305 639 639 1305 1305 2878 2878 1305 1305 639 639 2105 2105 2105 2105 2108 2108 1305 1305 2108 2108 2105 2105 772 342 1305 1305 247 677 2953 2953 247 677 1305 1305 2108 2108 2877 2877 2105 2105 639 639 2105 2105 2877 2877 1306 1306 117 117 1306 1306 2877 2877 1306 1306 117 117 2957 2957 2957 2957 2106 2106 1306 1306 2106 2106 2957 2957 249 679 1306 1306 772 342 2105 2105 772 342 1306 1306 2106 2106 2106 2106 2107 2107 772 342 2107 2107 2106 2106 1307 1307 249 679 1307 1307 2106 2106 1307 1307 249 679 2958 2958 2958 2958 2959 2959 1307 1307 2959 2959 2958 2958 138 138 1307 1307 250 680 2107 2107 250 680 1307 1307 2959 2959 2108 2108 2954 2954 247 677 2954 2954 2108 2108 1308 1308 772 342 1308 1308 2108 2108 1308 1308 772 342 2107 2107 2107 2107 2960 2960 1308 1308 2960 2960 2107 2107 250 680 1308 1308 137 137 2954 2954 137 137 1308 1308 2960 2960 2882 2882 2957 2957 117 117 2957 2957 2882 2882 1309 1309 641 641 1309 1309 2882 2882 1309 1309 641 641 2109 2109 2109 2109 2112 2112 1309 1309 2112 2112 2109 2109 773 343 1309 1309 249 679 2957 2957 249 679 1309 1309 2112 2112 2881 2881 2109 2109 641 641 2109 2109 2881 2881 1310 1310 118 118 1310 1310 2881 2881 1310 1310 118 118 2961 2961 2961 2961 2110 2110 1310 1310 2110 2110 2961 2961 251 681 1310 1310 773 343 2109 2109 773 343 1310 1310 2110 2110 2110 2110 2111 2111 773 343 2111 2111 2110 2110 1311 1311 251 681 1311 1311 2110 2110 1311 1311 251 681 2962 2962 139 139 1311 1311 2962 2962 1311 1311 139 139 2963 2963 1311 1311 2963 2963 2111 2111 2111 2111 2963 2963 252 682 2112 2112 1312 1312 249 679 249 679 1312 1312 2958 2958 773 343 1312 1312 2112 2112 1312 1312 773 343 2111 2111 252 682 1312 1312 2111 2111 1312 1312 252 682 2964 2964 1312 1312 138 138 2958 2958 138 138 1312 1312 2964 2964 2886 2886 1313 1313 118 118 118 118 1313 1313 2961 2961 2113 2113 2886 2886 643 643 2886 2886 2113 2113 1313 1313 2113 2113 2116 2116 1313 1313 2116 2116 2113 2113 774 344 1313 1313 251 681 2961 2961 251 681 1313 1313 2116 2116 1314 1314 643 643 2885 2885 643 643 1314 1314 2113 2113 2965 2965 2885 2885 119 119 2885 2885 2965 2965 1314 1314 253 683 1314 1314 2965 2965 1314 1314 253 683 2114 2114 1314 1314 774 344 2113 2113 774 344 1314 1314 2114 2114 2114 2114 2115 2115 774 344 2115 2115 2114 2114 1315 1315 253 683 1315 1315 2114 2114 1315 1315 253 683 2966 2966 2966 2966 2967 2967 1315 1315 2967 2967 2966 2966 140 140 1315 1315 254 684 2115 2115 254 684 1315 1315 2967 2967 2116 2116 2962 2962 251 681 2962 2962 2116 2116 1316 1316 774 344 1316 1316 2116 2116 1316 1316 774 344 2115 2115 2115 2115 2968 2968 1316 1316 2968 2968 2115 2115 254 684 1316 1316 2968 2968 2962 2962 2962 2962 2968 2968 139 139 2890 2890 2965 2965 119 119 2965 2965 2890 2890 1317 1317 2117 2117 2890 2890 645 645 2890 2890 2117 2117 1317 1317 775 345 1317 1317 2117 2117 1317 1317 775 345 2120 2120 2120 2120 2965 2965 1317 1317 2965 2965 2120 2120 253 683 2889 2889 1318 1318 645 645 645 645 1318 1318 2117 2117 120 120 2969 2969 2889 2889 2889 2889 2969 2969 1318 1318 255 685 1318 1318 2969 2969 1318 1318 255 685 2118 2118 2118 2118 2117 2117 1318 1318 2117 2117 2118 2118 775 345 2118 2118 2119 2119 775 345 2119 2119 2118 2118 1319 1319 255 685 1319 1319 2118 2118 1319 1319 255 685 2970 2970 2970 2970 2971 2971 1319 1319 2971 2971 2970 2970 141 141 1319 1319 256 686 2119 2119 256 686 1319 1319 2971 2971 2120 2120 2966 2966 253 683 2966 2966 2120 2120 1320 1320 775 345 1320 1320 2120 2120 1320 1320 775 345 2119 2119 2119 2119 2972 2972 1320 1320 2972 2972 2119 2119 256 686 1320 1320 140 140 2966 2966 140 140 1320 1320 2972 2972 2894 2894 1321 1321 120 120 120 120 1321 1321 2969 2969 647 647 2121 2121 2894 2894 2894 2894 2121 2121 1321 1321 2121 2121 776 346 1321 1321 1321 1321 776 346 2124 2124 2124 2124 2969 2969 1321 1321 2969 2969 2124 2124 255 685 2893 2893 2121 2121 647 647 2121 2121 2893 2893 1322 1322 121 121 1322 1322 2893 2893 1322 1322 121 121 2973 2973 2973 2973 257 687 1322 1322 1322 1322 257 687 2122 2122 1322 1322 2122 2122 2121 2121 2121 2121 2122 2122 776 346 1323 1323 776 346 2122 2122 776 346 1323 1323 2123 2123 257 687 2974 2974 2122 2122 2122 2122 2974 2974 1323 1323 2974 2974 2975 2975 1323 1323 2975 2975 2974 2974 142 142 1323 1323 258 688 2123 2123 258 688 1323 1323 2975 2975 2124 2124 2970 2970 255 685 2970 2970 2124 2124 1324 1324 2123 2123 2124 2124 776 346 2124 2124 2123 2123 1324 1324 2123 2123 2976 2976 1324 1324 2976 2976 2123 2123 258 688 1324 1324 141 141 2970 2970 141 141 1324 1324 2976 2976 2898 2898 2973 2973 121 121 2973 2973 2898 2898 1325 1325 649 649 1325 1325 2898 2898 1325 1325 649 649 2125 2125 2125 2125 2128 2128 1325 1325 2128 2128 2125 2125 777 347 1325 1325 257 687 2973 2973 257 687 1325 1325 2128 2128 2897 2897 2125 2125 649 649 2125 2125 2897 2897 1326 1326 122 122 1326 1326 2897 2897 1326 1326 122 122 2977 2977 2977 2977 2126 2126 1326 1326 2126 2126 2977 2977 259 689 1326 1326 777 347 2125 2125 777 347 1326 1326 2126 2126 2126 2126 1327 1327 777 347 777 347 1327 1327 2127 2127 259 689 2978 2978 2126 2126 2126 2126 2978 2978 1327 1327 143 143 1327 1327 2978 2978 1327 1327 143 143 2979 2979 1327 1327 2979 2979 2127 2127 2127 2127 2979 2979 260 690 2128 2128 1328 1328 257 687 257 687 1328 1328 2974 2974 777 347 2127 2127 2128 2128 2128 2128 2127 2127 1328 1328 2127 2127 260 690 1328 1328 1328 1328 260 690 2980 2980 1328 1328 2980 2980 2974 2974 2974 2974 2980 2980 142 142 2902 2902 2977 2977 122 122 2977 2977 2902 2902 1329 1329 651 651 1329 1329 2902 2902 1329 1329 651 651 2129 2129 2129 2129 2132 2132 1329 1329 2132 2132 2129 2129 778 348 1329 1329 259 689 2977 2977 259 689 1329 1329 2132 2132 2901 2901 2129 2129 651 651 2129 2129 2901 2901 1330 1330 123 123 1330 1330 2901 2901 1330 1330 123 123 2981 2981 2981 2981 2130 2130 1330 1330 2130 2130 2981 2981 261 691 1330 1330 778 348 2129 2129 778 348 1330 1330 2130 2130 2130 2130 2131 2131 778 348 2131 2131 2130 2130 1331 1331 261 691 1331 1331 2130 2130 1331 1331 261 691 2982 2982 144 144 1331 1331 2982 2982 1331 1331 144 144 2983 2983 1331 1331 2983 2983 2131 2131 2131 2131 2983 2983 262 692 1332 1332 259 689 2132 2132 259 689 1332 1332 2978 2978 2131 2131 2132 2132 778 348 2132 2132 2131 2131 1332 1332 2131 2131 262 692 1332 1332 1332 1332 262 692 2984 2984 1332 1332 2984 2984 2978 2978 2978 2978 2984 2984 143 143 2906 2906 2981 2981 123 123 2981 2981 2906 2906 1333 1333 653 653 1333 1333 2906 2906 1333 1333 653 653 2133 2133 2133 2133 2136 2136 1333 1333 2136 2136 2133 2133 779 349 1333 1333 261 691 2981 2981 261 691 1333 1333 2136 2136 2905 2905 2133 2133 653 653 2133 2133 2905 2905 1334 1334 124 124 1334 1334 2905 2905 1334 1334 124 124 2985 2985 2985 2985 2134 2134 1334 1334 2134 2134 2985 2985 263 693 1334 1334 779 349 2133 2133 779 349 1334 1334 2134 2134 2134 2134 2135 2135 779 349 2135 2135 2134 2134 1335 1335 263 693 1335 1335 2134 2134 1335 1335 263 693 2986 2986 2986 2986 2987 2987 1335 1335 2987 2987 2986 2986 145 145 1335 1335 264 694 2135 2135 264 694 1335 1335 2987 2987 2136 2136 2982 2982 261 691 2982 2982 2136 2136 1336 1336 779 349 1336 1336 2136 2136 1336 1336 779 349 2135 2135 264 694 1336 1336 2135 2135 1336 1336 264 694 2988 2988 2988 2988 2982 2982 1336 1336 2982 2982 2988 2988 144 144 2910 2910 2985 2985 124 124 2985 2985 2910 2910 1337 1337 655 655 1337 1337 2910 2910 1337 1337 655 655 2137 2137 2137 2137 2140 2140 1337 1337 2140 2140 2137 2137 780 350 1337 1337 263 693 2985 2985 263 693 1337 1337 2140 2140 2909 2909 2137 2137 655 655 2137 2137 2909 2909 1338 1338 125 125 1338 1338 2909 2909 1338 1338 125 125 2989 2989 2989 2989 2138 2138 1338 1338 2138 2138 2989 2989 265 695 1338 1338 780 350 2137 2137 780 350 1338 1338 2138 2138 1339 1339 2139 2139 780 350 1339 1339 780 350 2138 2138 2990 2990 1339 1339 2138 2138 2990 2990 2138 2138 265 695 2990 2990 2991 2991 1339 1339 2991 2991 2990 2990 146 146 1339 1339 266 696 2139 2139 266 696 1339 1339 2991 2991 2140 2140 2986 2986 263 693 2986 2986 2140 2140 1340 1340 2139 2139 1340 1340 2140 2140 2139 2139 2140 2140 780 350 2139 2139 2992 2992 1340 1340 2992 2992 2139 2139 266 696 1340 1340 145 145 2986 2986 145 145 1340 1340 2992 2992 2914 2914 1341 1341 126 126 126 126 1341 1341 2998 2998 657 657 2141 2141 2914 2914 2914 2914 2141 2141 1341 1341 2141 2141 781 351 1341 1341 1341 1341 781 351 2144 2144 1341 1341 2144 2144 2998 2998 2998 2998 2144 2144 269 699 2913 2913 2141 2141 657 657 2141 2141 2913 2913 1342 1342 127 127 1342 1342 2913 2913 1342 1342 127 127 2993 2993 2993 2993 267 697 1342 1342 1342 1342 267 697 2142 2142 1342 1342 2142 2142 2141 2141 2141 2141 2142 2142 781 351 2142 2142 1343 1343 781 351 781 351 1343 1343 2143 2143 267 697 2994 2994 2142 2142 2142 2142 2994 2994 1343 1343 2994 2994 2995 2995 1343 1343 2995 2995 2994 2994 148 148 1343 1343 268 698 2143 2143 268 698 1343 1343 2995 2995 2144 2144 1344 1344 269 699 269 699 1344 1344 2997 2997 781 351 2143 2143 2144 2144 2144 2144 2143 2143 1344 1344 2143 2143 268 698 1344 1344 1344 1344 268 698 2996 2996 1344 1344 147 147 2997 2997 147 147 1344 1344 2996 2996 2920 2920 1345 1345 127 127 127 127 1345 1345 2993 2993 660 660 2145 2145 2920 2920 2920 2920 2145 2145 1345 1345 2145 2145 2148 2148 1345 1345 2148 2148 2145 2145 782 352 1345 1345 2148 2148 2993 2993 2993 2993 2148 2148 267 697 2919 2919 1346 1346 660 660 660 660 1346 1346 2145 2145 128 128 1346 1346 2919 2919 1346 1346 128 128 2999 2999 2999 2999 2146 2146 1346 1346 2146 2146 2999 2999 270 700 1346 1346 782 352 2145 2145 782 352 1346 1346 2146 2146 2146 2146 2147 2147 782 352 2147 2147 2146 2146 1347 1347 270 700 1347 1347 2146 2146 1347 1347 270 700 3000 3000 3000 3000 3001 3001 1347 1347 3001 3001 3000 3000 149 149 1347 1347 3001 3001 2147 2147 2147 2147 3001 3001 271 701 2148 2148 2994 2994 267 697 2994 2994 2148 2148 1348 1348 782 352 1348 1348 2148 2148 1348 1348 782 352 2147 2147 2147 2147 3002 3002 1348 1348 3002 3002 2147 2147 271 701 1348 1348 148 148 2994 2994 148 148 1348 1348 3002 3002 2924 2924 2999 2999 128 128 2999 2999 2924 2924 1349 1349 232 662 1349 1349 2924 2924 1349 1349 232 662 2149 2149 2149 2149 2152 2152 1349 1349 2152 2152 2149 2149 783 353 1349 1349 270 700 2999 2999 270 700 1349 1349 2152 2152 2923 2923 2149 2149 232 662 2149 2149 2923 2923 1350 1350 129 129 1350 1350 2923 2923 1350 1350 129 129 3003 3003 3003 3003 2150 2150 1350 1350 2150 2150 3003 3003 272 702 1350 1350 783 353 2149 2149 783 353 1350 1350 2150 2150 2150 2150 2151 2151 783 353 2151 2151 2150 2150 1351 1351 272 702 1351 1351 2150 2150 1351 1351 272 702 3004 3004 3004 3004 150 150 1351 1351 1351 1351 150 150 3005 3005 1351 1351 3005 3005 2151 2151 2151 2151 3005 3005 273 703 2152 2152 3000 3000 270 700 3000 3000 2152 2152 1352 1352 783 353 1352 1352 2152 2152 1352 1352 783 353 2151 2151 273 703 1352 1352 2151 2151 1352 1352 273 703 3006 3006 1352 1352 3006 3006 3000 3000 3000 3000 3006 3006 149 149 2928 2928 1353 1353 129 129 129 129 1353 1353 3003 3003 234 664 2153 2153 2928 2928 2928 2928 2153 2153 1353 1353 2153 2153 2156 2156 1353 1353 2156 2156 2153 2153 784 354 1353 1353 272 702 3003 3003 272 702 1353 1353 2156 2156 2927 2927 1354 1354 234 664 234 664 1354 1354 2153 2153 130 130 3007 3007 2927 2927 2927 2927 3007 3007 1354 1354 3007 3007 274 704 1354 1354 1354 1354 274 704 2154 2154 1354 1354 784 354 2153 2153 784 354 1354 1354 2154 2154 2154 2154 1355 1355 784 354 784 354 1355 1355 2155 2155 274 704 3008 3008 2154 2154 2154 2154 3008 3008 1355 1355 151 151 1355 1355 3008 3008 1355 1355 151 151 3009 3009 1355 1355 3009 3009 2155 2155 2155 2155 3009 3009 275 705 2156 2156 1356 1356 272 702 272 702 1356 1356 3004 3004 784 354 1356 1356 2156 2156 1356 1356 784 354 2155 2155 2155 2155 275 705 1356 1356 1356 1356 275 705 3010 3010 1356 1356 3010 3010 3004 3004 3004 3004 3010 3010 150 150 2932 2932 1357 1357 130 130 130 130 1357 1357 3007 3007 2157 2157 2932 2932 236 666 2932 2932 2157 2157 1357 1357 2157 2157 785 355 1357 1357 1357 1357 785 355 2160 2160 2160 2160 3007 3007 1357 1357 3007 3007 2160 2160 274 704 1358 1358 236 666 2931 2931 236 666 1358 1358 2157 2157 3011 3011 2931 2931 131 131 2931 2931 3011 3011 1358 1358 276 706 1358 1358 3011 3011 1358 1358 276 706 2158 2158 2158 2158 2157 2157 1358 1358 2157 2157 2158 2158 785 355 1359 1359 785 355 2158 2158 785 355 1359 1359 2159 2159 276 706 1359 1359 2158 2158 1359 1359 276 706 3012 3012 3012 3012 3013 3013 1359 1359 3013 3013 3012 3012 152 152 3013 3013 2159 2159 1359 1359 2159 2159 3013 3013 277 707 2160 2160 1360 1360 274 704 274 704 1360 1360 3008 3008 2159 2159 2160 2160 785 355 2160 2160 2159 2159 1360 1360 2159 2159 3014 3014 1360 1360 3014 3014 2159 2159 277 707 1360 1360 3014 3014 3008 3008 3008 3008 3014 3014 151 151 1361 1361 131 131 2936 2936 131 131 1361 1361 3011 3011 2161 2161 2936 2936 238 668 2936 2936 2161 2161 1361 1361 2161 2161 2164 2164 1361 1361 2164 2164 2161 2161 786 356 2164 2164 3011 3011 1361 1361 3011 3011 2164 2164 276 706 1362 1362 238 668 2935 2935 238 668 1362 1362 2161 2161 3015 3015 2935 2935 132 132 2935 2935 3015 3015 1362 1362 3015 3015 2162 2162 1362 1362 2162 2162 3015 3015 278 708 1362 1362 786 356 2161 2161 786 356 1362 1362 2162 2162 2162 2162 2163 2163 786 356 2163 2163 2162 2162 1363 1363 278 708 1363 1363 2162 2162 1363 1363 278 708 3016 3016 153 153 1363 1363 3016 3016 1363 1363 153 153 3017 3017 1363 1363 3017 3017 2163 2163 2163 2163 3017 3017 279 709 2164 2164 3012 3012 276 706 3012 3012 2164 2164 1364 1364 786 356 1364 1364 2164 2164 1364 1364 786 356 2163 2163 279 709 1364 1364 2163 2163 1364 1364 279 709 3018 3018 1364 1364 3018 3018 3012 3012 3012 3012 3018 3018 152 152 1365 1365 132 132 2940 2940 132 132 1365 1365 3015 3015 2165 2165 2940 2940 240 670 2940 2940 2165 2165 1365 1365 2165 2165 2168 2168 1365 1365 2168 2168 2165 2165 787 357 1365 1365 278 708 3015 3015 278 708 1365 1365 2168 2168 1366 1366 240 670 2939 2939 240 670 1366 1366 2165 2165 133 133 1366 1366 2939 2939 1366 1366 133 133 3019 3019 3019 3019 2166 2166 1366 1366 2166 2166 3019 3019 280 710 1366 1366 787 357 2165 2165 787 357 1366 1366 2166 2166 2166 2166 2167 2167 787 357 2167 2167 2166 2166 1367 1367 280 710 1367 1367 2166 2166 1367 1367 280 710 3020 3020 3020 3020 3021 3021 1367 1367 3021 3021 3020 3020 154 154 1367 1367 281 711 2167 2167 281 711 1367 1367 3021 3021 2168 2168 3016 3016 278 708 3016 3016 2168 2168 1368 1368 787 357 1368 1368 2168 2168 1368 1368 787 357 2167 2167 281 711 1368 1368 2167 2167 1368 1368 281 711 3022 3022 3022 3022 3016 3016 1368 1368 3016 3016 3022 3022 153 153 2944 2944 3019 3019 133 133 3019 3019 2944 2944 1369 1369 242 672 1369 1369 2944 2944 1369 1369 242 672 2169 2169 2169 2169 2172 2172 1369 1369 2172 2172 2169 2169 788 358 1369 1369 280 710 3019 3019 280 710 1369 1369 2172 2172 2943 2943 2169 2169 242 672 2169 2169 2943 2943 1370 1370 134 134 1370 1370 2943 2943 1370 1370 134 134 3023 3023 3023 3023 2170 2170 1370 1370 2170 2170 3023 3023 282 712 1370 1370 788 358 2169 2169 788 358 1370 1370 2170 2170 2170 2170 2171 2171 788 358 2171 2171 2170 2170 1371 1371 282 712 1371 1371 2170 2170 1371 1371 282 712 3024 3024 3024 3024 3025 3025 1371 1371 3025 3025 3024 3024 155 155 3025 3025 2171 2171 1371 1371 2171 2171 3025 3025 283 713 2172 2172 3020 3020 280 710 3020 3020 2172 2172 1372 1372 788 358 1372 1372 2172 2172 1372 1372 788 358 2171 2171 2171 2171 3026 3026 1372 1372 3026 3026 2171 2171 283 713 1372 1372 154 154 3020 3020 154 154 1372 1372 3026 3026 2948 2948 3023 3023 134 134 3023 3023 2948 2948 1373 1373 244 674 1373 1373 2948 2948 1373 1373 244 674 2173 2173 2173 2173 2176 2176 1373 1373 2176 2176 2173 2173 789 359 1373 1373 282 712 3023 3023 282 712 1373 1373 2176 2176 2947 2947 2173 2173 244 674 2173 2173 2947 2947 1374 1374 135 135 1374 1374 2947 2947 1374 1374 135 135 3027 3027 3027 3027 2174 2174 1374 1374 2174 2174 3027 3027 284 714 1374 1374 789 359 2173 2173 789 359 1374 1374 2174 2174 2174 2174 2175 2175 789 359 2175 2175 2174 2174 1375 1375 284 714 1375 1375 2174 2174 1375 1375 284 714 3028 3028 3028 3028 3029 3029 1375 1375 3029 3029 3028 3028 156 156 1375 1375 285 715 2175 2175 285 715 1375 1375 3029 3029 2176 2176 3024 3024 282 712 3024 3024 2176 2176 1376 1376 789 359 1376 1376 2176 2176 1376 1376 789 359 2175 2175 2175 2175 3030 3030 1376 1376 3030 3030 2175 2175 285 715 1376 1376 155 155 3024 3024 155 155 1376 1376 3030 3030 2952 2952 3027 3027 135 135 3027 3027 2952 2952 1377 1377 246 676 1377 1377 2952 2952 1377 1377 246 676 2177 2177 2177 2177 2180 2180 1377 1377 2180 2180 2177 2177 790 360 1377 1377 284 714 3027 3027 284 714 1377 1377 2180 2180 2951 2951 2177 2177 246 676 2177 2177 2951 2951 1378 1378 136 136 1378 1378 2951 2951 1378 1378 136 136 3031 3031 3031 3031 2178 2178 1378 1378 2178 2178 3031 3031 286 716 1378 1378 790 360 2177 2177 790 360 1378 1378 2178 2178 2178 2178 2179 2179 790 360 2179 2179 2178 2178 1379 1379 286 716 1379 1379 2178 2178 1379 1379 286 716 3032 3032 3032 3032 3033 3033 1379 1379 3033 3033 3032 3032 157 157 1379 1379 287 717 2179 2179 287 717 1379 1379 3033 3033 2180 2180 3028 3028 284 714 3028 3028 2180 2180 1380 1380 790 360 1380 1380 2180 2180 1380 1380 790 360 2179 2179 2179 2179 3034 3034 1380 1380 3034 3034 2179 2179 287 717 1380 1380 156 156 3028 3028 156 156 1380 1380 3034 3034 2956 2956 3031 3031 136 136 3031 3031 2956 2956 1381 1381 248 678 1381 1381 2956 2956 1381 1381 248 678 2181 2181 2181 2181 2184 2184 1381 1381 2184 2184 2181 2181 791 361 1381 1381 286 716 3031 3031 286 716 1381 1381 2184 2184 2955 2955 2181 2181 248 678 2181 2181 2955 2955 1382 1382 137 137 1382 1382 2955 2955 1382 1382 137 137 3035 3035 3035 3035 2182 2182 1382 1382 2182 2182 3035 3035 288 718 1382 1382 791 361 2181 2181 791 361 1382 1382 2182 2182 2182 2182 2183 2183 791 361 2183 2183 2182 2182 1383 1383 288 718 3036 3036 2182 2182 2182 2182 3036 3036 1383 1383 3036 3036 158 158 1383 1383 1383 1383 158 158 3037 3037 1383 1383 3037 3037 2183 2183 2183 2183 3037 3037 289 719 2184 2184 3032 3032 286 716 3032 3032 2184 2184 1384 1384 791 361 1384 1384 2184 2184 1384 1384 791 361 2183 2183 289 719 1384 1384 2183 2183 1384 1384 289 719 3038 3038 1384 1384 3038 3038 3032 3032 3032 3032 3038 3038 157 157 2960 2960 3035 3035 137 137 3035 3035 2960 2960 1385 1385 250 680 1385 1385 2960 2960 1385 1385 250 680 2185 2185 2185 2185 2188 2188 1385 1385 2188 2188 2185 2185 792 362 1385 1385 288 718 3035 3035 288 718 1385 1385 2188 2188 2959 2959 2185 2185 250 680 2185 2185 2959 2959 1386 1386 138 138 1386 1386 2959 2959 1386 1386 138 138 3039 3039 3039 3039 2186 2186 1386 1386 2186 2186 3039 3039 290 720 1386 1386 792 362 2185 2185 792 362 1386 1386 2186 2186 1387 1387 792 362 2186 2186 792 362 1387 1387 2187 2187 290 720 1387 1387 2186 2186 1387 1387 290 720 3040 3040 3040 3040 3041 3041 1387 1387 3041 3041 3040 3040 159 159 3041 3041 2187 2187 1387 1387 2187 2187 3041 3041 291 721 1388 1388 288 718 2188 2188 288 718 1388 1388 3036 3036 2187 2187 2188 2188 792 362 2188 2188 2187 2187 1388 1388 2187 2187 3042 3042 1388 1388 3042 3042 2187 2187 291 721 1388 1388 3042 3042 3036 3036 3036 3036 3042 3042 158 158 2964 2964 3039 3039 138 138 3039 3039 2964 2964 1389 1389 252 682 1389 1389 2964 2964 1389 1389 252 682 2189 2189 2189 2189 2192 2192 1389 1389 2192 2192 2189 2189 793 363 1389 1389 290 720 3039 3039 290 720 1389 1389 2192 2192 2963 2963 2189 2189 252 682 2189 2189 2963 2963 1390 1390 139 139 1390 1390 2963 2963 1390 1390 139 139 3043 3043 3043 3043 2190 2190 1390 1390 2190 2190 3043 3043 292 722 2190 2190 2189 2189 1390 1390 2189 2189 2190 2190 793 363 1391 1391 793 363 2190 2190 793 363 1391 1391 2191 2191 3044 3044 2190 2190 292 722 2190 2190 3044 3044 1391 1391 3044 3044 160 160 1391 1391 1391 1391 160 160 3045 3045 1391 1391 3045 3045 2191 2191 2191 2191 3045 3045 293 723 2192 2192 3040 3040 290 720 3040 3040 2192 2192 1392 1392 793 363 1392 1392 2192 2192 1392 1392 793 363 2191 2191 293 723 1392 1392 2191 2191 1392 1392 293 723 3046 3046 3046 3046 3040 3040 1392 1392 3040 3040 3046 3046 159 159 1393 1393 139 139 2968 2968 139 139 1393 1393 3043 3043 2193 2193 2968 2968 254 684 2968 2968 2193 2193 1393 1393 2193 2193 794 364 1393 1393 1393 1393 794 364 2196 2196 2196 2196 3043 3043 1393 1393 3043 3043 2196 2196 292 722 2967 2967 1394 1394 254 684 254 684 1394 1394 2193 2193 140 140 3047 3047 2967 2967 2967 2967 3047 3047 1394 1394 3047 3047 2194 2194 1394 1394 2194 2194 3047 3047 294 724 1394 1394 2194 2194 2193 2193 2193 2193 2194 2194 794 364 2194 2194 2195 2195 794 364 2195 2195 2194 2194 1395 1395 294 724 1395 1395 2194 2194 1395 1395 294 724 3048 3048 3048 3048 3049 3049 1395 1395 3049 3049 3048 3048 161 161 1395 1395 295 725 2195 2195 295 725 1395 1395 3049 3049 1396 1396 292 722 2196 2196 292 722 1396 1396 3044 3044 2195 2195 2196 2196 794 364 2196 2196 2195 2195 1396 1396 2195 2195 3050 3050 1396 1396 3050 3050 2195 2195 295 725 3050 3050 3044 3044 1396 1396 3044 3044 3050 3050 160 160 2972 2972 1397 1397 140 140 140 140 1397 1397 3047 3047 256 686 2197 2197 2972 2972 2972 2972 2197 2197 1397 1397 2197 2197 2200 2200 1397 1397 2200 2200 2197 2197 795 365 1397 1397 294 724 3047 3047 294 724 1397 1397 2200 2200 2971 2971 1398 1398 256 686 256 686 1398 1398 2197 2197 141 141 1398 1398 2971 2971 1398 1398 141 141 3051 3051 296 726 1398 1398 3051 3051 1398 1398 296 726 2198 2198 2198 2198 2197 2197 1398 1398 2197 2197 2198 2198 795 365 1399 1399 795 365 2198 2198 795 365 1399 1399 2199 2199 296 726 3052 3052 2198 2198 2198 2198 3052 3052 1399 1399 3052 3052 3053 3053 1399 1399 3053 3053 3052 3052 162 162 1399 1399 297 727 2199 2199 297 727 1399 1399 3053 3053 2200 2200 3048 3048 294 724 3048 3048 2200 2200 1400 1400 795 365 1400 1400 2200 2200 1400 1400 795 365 2199 2199 2199 2199 3054 3054 1400 1400 3054 3054 2199 2199 297 727 1400 1400 161 161 3048 3048 161 161 1400 1400 3054 3054 1401 1401 141 141 2976 2976 141 141 1401 1401 3051 3051 2201 2201 2976 2976 258 688 2976 2976 2201 2201 1401 1401 796 366 1401 1401 2201 2201 1401 1401 796 366 2204 2204 2204 2204 3051 3051 1401 1401 3051 3051 2204 2204 296 726 1402 1402 258 688 2975 2975 258 688 1402 1402 2201 2201 3055 3055 2975 2975 142 142 2975 2975 3055 3055 1402 1402 3055 3055 298 728 1402 1402 1402 1402 298 728 2202 2202 1402 1402 2202 2202 2201 2201 2201 2201 2202 2202 796 366 1403 1403 796 366 2202 2202 796 366 1403 1403 2203 2203 3056 3056 2202 2202 298 728 2202 2202 3056 3056 1403 1403 163 163 1403 1403 3056 3056 1403 1403 163 163 3057 3057 1403 1403 3057 3057 2203 2203 2203 2203 3057 3057 299 729 2204 2204 1404 1404 296 726 296 726 1404 1404 3052 3052 796 366 2203 2203 2204 2204 2204 2204 2203 2203 1404 1404 2203 2203 3058 3058 1404 1404 3058 3058 2203 2203 299 729 1404 1404 162 162 3052 3052 162 162 1404 1404 3058 3058 2980 2980 1405 1405 142 142 142 142 1405 1405 3055 3055 260 690 2205 2205 2980 2980 2980 2980 2205 2205 1405 1405 2205 2205 797 367 1405 1405 1405 1405 797 367 2208 2208 1405 1405 2208 2208 3055 3055 3055 3055 2208 2208 298 728 2979 2979 1406 1406 260 690 260 690 1406 1406 2205 2205 3059 3059 2979 2979 143 143 2979 2979 3059 3059 1406 1406 300 730 1406 1406 3059 3059 1406 1406 300 730 2206 2206 1406 1406 2206 2206 2205 2205 2205 2205 2206 2206 797 367 2206 2206 1407 1407 797 367 797 367 1407 1407 2207 2207 300 730 3060 3060 2206 2206 2206 2206 3060 3060 1407 1407 3060 3060 164 164 1407 1407 1407 1407 164 164 3061 3061 1407 1407 3061 3061 2207 2207 2207 2207 3061 3061 301 731 2208 2208 1408 1408 298 728 298 728 1408 1408 3056 3056 797 367 2207 2207 2208 2208 2208 2208 2207 2207 1408 1408 2207 2207 301 731 1408 1408 1408 1408 301 731 3062 3062 3062 3062 3056 3056 1408 1408 3056 3056 3062 3062 163 163 1409 1409 143 143 2984 2984 143 143 1409 1409 3059 3059 2209 2209 2984 2984 262 692 2984 2984 2209 2209 1409 1409 798 368 1409 1409 2209 2209 1409 1409 798 368 2212 2212 2212 2212 3059 3059 1409 1409 3059 3059 2212 2212 300 730 1410 1410 262 692 2983 2983 262 692 1410 1410 2209 2209 3063 3063 2983 2983 144 144 2983 2983 3063 3063 1410 1410 302 732 1410 1410 3063 3063 1410 1410 302 732 2210 2210 2210 2210 2209 2209 1410 1410 2209 2209 2210 2210 798 368 1411 1411 798 368 2210 2210 798 368 1411 1411 2211 2211 3064 3064 2210 2210 302 732 2210 2210 3064 3064 1411 1411 165 165 1411 1411 3064 3064 1411 1411 165 165 3065 3065 3065 3065 2211 2211 1411 1411 2211 2211 3065 3065 303 733 1412 1412 300 730 2212 2212 300 730 1412 1412 3060 3060 2211 2211 2212 2212 798 368 2212 2212 2211 2211 1412 1412 303 733 1412 1412 2211 2211 1412 1412 303 733 3066 3066 1412 1412 3066 3066 3060 3060 3060 3060 3066 3066 164 164 2988 2988 1413 1413 144 144 144 144 1413 1413 3063 3063 264 694 2213 2213 2988 2988 2988 2988 2213 2213 1413 1413 2213 2213 799 369 1413 1413 1413 1413 799 369 2216 2216 1413 1413 2216 2216 3063 3063 3063 3063 2216 2216 302 732 2987 2987 1414 1414 264 694 264 694 1414 1414 2213 2213 145 145 3067 3067 2987 2987 2987 2987 3067 3067 1414 1414 304 734 1414 1414 3067 3067 1414 1414 304 734 2214 2214 2214 2214 2213 2213 1414 1414 2213 2213 2214 2214 799 369 1415 1415 799 369 2214 2214 799 369 1415 1415 2215 2215 304 734 3068 3068 2214 2214 2214 2214 3068 3068 1415 1415 166 166 1415 1415 3068 3068 1415 1415 166 166 3069 3069 3069 3069 2215 2215 1415 1415 2215 2215 3069 3069 305 735 1416 1416 302 732 2216 2216 302 732 1416 1416 3064 3064 799 369 2215 2215 2216 2216 2216 2216 2215 2215 1416 1416 305 735 1416 1416 2215 2215 1416 1416 305 735 3070 3070 3070 3070 3064 3064 1416 1416 3064 3064 3070 3070 165 165 2992 2992 1417 1417 145 145 145 145 1417 1417 3067 3067 266 696 2217 2217 2992 2992 2992 2992 2217 2217 1417 1417 2217 2217 800 370 1417 1417 1417 1417 800 370 2220 2220 1417 1417 2220 2220 3067 3067 3067 3067 2220 2220 304 734 2991 2991 1418 1418 266 696 266 696 1418 1418 2217 2217 146 146 3071 3071 2991 2991 2991 2991 3071 3071 1418 1418 3071 3071 306 736 1418 1418 1418 1418 306 736 2218 2218 2218 2218 2217 2217 1418 1418 2217 2217 2218 2218 800 370 2218 2218 1419 1419 800 370 800 370 1419 1419 2219 2219 306 736 3072 3072 2218 2218 2218 2218 3072 3072 1419 1419 3072 3072 3073 3073 1419 1419 3073 3073 3072 3072 167 167 1419 1419 3073 3073 2219 2219 2219 2219 3073 3073 307 737 2220 2220 1420 1420 304 734 304 734 1420 1420 3068 3068 800 370 2219 2219 2220 2220 2220 2220 2219 2219 1420 1420 2219 2219 307 737 1420 1420 1420 1420 307 737 3074 3074 1420 1420 3074 3074 3068 3068 3068 3068 3074 3074 166 166 2996 2996 1421 1421 147 147 147 147 1421 1421 3080 3080 268 698 2221 2221 2996 2996 2996 2996 2221 2221 1421 1421 2221 2221 2224 2224 1421 1421 2224 2224 2221 2221 801 371 1421 1421 2224 2224 3080 3080 3080 3080 2224 2224 310 740 2995 2995 2221 2221 268 698 2221 2221 2995 2995 1422 1422 148 148 1422 1422 2995 2995 1422 1422 148 148 3075 3075 3075 3075 2222 2222 1422 1422 2222 2222 3075 3075 308 738 1422 1422 801 371 2221 2221 801 371 1422 1422 2222 2222 2222 2222 2223 2223 801 371 2223 2223 2222 2222 1423 1423 308 738 1423 1423 2222 2222 1423 1423 308 738 3076 3076 3076 3076 169 169 1423 1423 1423 1423 169 169 3077 3077 1423 1423 3077 3077 2223 2223 2223 2223 3077 3077 309 739 2224 2224 1424 1424 310 740 310 740 1424 1424 3079 3079 801 371 2223 2223 2224 2224 2224 2224 2223 2223 1424 1424 2223 2223 309 739 1424 1424 1424 1424 309 739 3078 3078 1424 1424 3078 3078 3079 3079 3079 3079 3078 3078 168 168 3002 3002 3075 3075 148 148 3075 3075 3002 3002 1425 1425 271 701 1425 1425 3002 3002 1425 1425 271 701 2225 2225 2225 2225 2228 2228 1425 1425 2228 2228 2225 2225 802 372 1425 1425 308 738 3075 3075 308 738 1425 1425 2228 2228 3001 3001 1426 1426 271 701 271 701 1426 1426 2225 2225 149 149 3081 3081 3001 3001 3001 3001 3081 3081 1426 1426 3081 3081 2226 2226 1426 1426 2226 2226 3081 3081 311 741 1426 1426 802 372 2225 2225 802 372 1426 1426 2226 2226 2226 2226 1427 1427 802 372 802 372 1427 1427 2227 2227 311 741 3082 3082 2226 2226 2226 2226 3082 3082 1427 1427 3082 3082 170 170 1427 1427 1427 1427 170 170 3083 3083 1427 1427 3083 3083 2227 2227 2227 2227 3083 3083 312 742 2228 2228 3076 3076 308 738 3076 3076 2228 2228 1428 1428 802 372 1428 1428 2228 2228 1428 1428 802 372 2227 2227 2227 2227 312 742 1428 1428 1428 1428 312 742 3084 3084 1428 1428 3084 3084 3076 3076 3076 3076 3084 3084 169 169 3006 3006 1429 1429 149 149 149 149 1429 1429 3081 3081 273 703 2229 2229 3006 3006 3006 3006 2229 2229 1429 1429 2229 2229 803 373 1429 1429 1429 1429 803 373 2232 2232 1429 1429 2232 2232 3081 3081 3081 3081 2232 2232 311 741 3005 3005 1430 1430 273 703 273 703 1430 1430 2229 2229 150 150 3085 3085 3005 3005 3005 3005 3085 3085 1430 1430 3085 3085 313 743 1430 1430 1430 1430 313 743 2230 2230 1430 1430 2230 2230 2229 2229 2229 2229 2230 2230 803 373 2230 2230 1431 1431 803 373 803 373 1431 1431 2231 2231 313 743 3086 3086 2230 2230 2230 2230 3086 3086 1431 1431 3086 3086 171 171 1431 1431 1431 1431 171 171 3087 3087 1431 1431 3087 3087 2231 2231 2231 2231 3087 3087 314 744 2232 2232 1432 1432 311 741 311 741 1432 1432 3082 3082 803 373 2231 2231 2232 2232 2232 2232 2231 2231 1432 1432 2231 2231 314 744 1432 1432 1432 1432 314 744 3088 3088 1432 1432 3088 3088 3082 3082 3082 3082 3088 3088 170 170 3010 3010 1433 1433 150 150 150 150 1433 1433 3085 3085 275 705 2233 2233 3010 3010 3010 3010 2233 2233 1433 1433 2233 2233 804 374 1433 1433 1433 1433 804 374 2236 2236 1433 1433 2236 2236 3085 3085 3085 3085 2236 2236 313 743 3009 3009 1434 1434 275 705 275 705 1434 1434 2233 2233 151 151 3089 3089 3009 3009 3009 3009 3089 3089 1434 1434 3089 3089 315 745 1434 1434 1434 1434 315 745 2234 2234 1434 1434 2234 2234 2233 2233 2233 2233 2234 2234 804 374 1435 1435 804 374 2234 2234 804 374 1435 1435 2235 2235 315 745 1435 1435 2234 2234 1435 1435 315 745 3090 3090 172 172 1435 1435 3090 3090 1435 1435 172 172 3091 3091 1435 1435 3091 3091 2235 2235 2235 2235 3091 3091 316 746 2236 2236 1436 1436 313 743 313 743 1436 1436 3086 3086 804 374 2235 2235 2236 2236 2236 2236 2235 2235 1436 1436 316 746 1436 1436 2235 2235 1436 1436 316 746 3092 3092 1436 1436 3092 3092 3086 3086 3086 3086 3092 3092 171 171 3014 3014 1437 1437 151 151 151 151 1437 1437 3089 3089 2237 2237 3014 3014 277 707 3014 3014 2237 2237 1437 1437 2237 2237 2240 2240 1437 1437 2240 2240 2237 2237 805 375 1437 1437 315 745 3089 3089 315 745 1437 1437 2240 2240 3013 3013 2237 2237 277 707 2237 2237 3013 3013 1438 1438 3093 3093 3013 3013 152 152 3013 3013 3093 3093 1438 1438 3093 3093 2238 2238 1438 1438 2238 2238 3093 3093 317 747 1438 1438 805 375 2237 2237 805 375 1438 1438 2238 2238 2238 2238 2239 2239 805 375 2239 2239 2238 2238 1439 1439 317 747 1439 1439 2238 2238 1439 1439 317 747 3094 3094 3094 3094 3095 3095 1439 1439 3095 3095 3094 3094 173 173 1439 1439 318 748 2239 2239 318 748 1439 1439 3095 3095 2240 2240 3090 3090 315 745 3090 3090 2240 2240 1440 1440 805 375 1440 1440 2240 2240 1440 1440 805 375 2239 2239 2239 2239 3096 3096 1440 1440 3096 3096 2239 2239 318 748 1440 1440 172 172 3090 3090 172 172 1440 1440 3096 3096 1441 1441 152 152 3018 3018 152 152 1441 1441 3093 3093 2241 2241 3018 3018 279 709 3018 3018 2241 2241 1441 1441 806 376 1441 1441 2241 2241 1441 1441 806 376 2244 2244 1441 1441 317 747 3093 3093 317 747 1441 1441 2244 2244 1442 1442 279 709 3017 3017 279 709 1442 1442 2241 2241 3097 3097 3017 3017 153 153 3017 3017 3097 3097 1442 1442 3097 3097 319 749 1442 1442 1442 1442 319 749 2242 2242 2242 2242 2241 2241 1442 1442 2241 2241 2242 2242 806 376 2242 2242 2243 2243 806 376 2243 2243 2242 2242 1443 1443 319 749 1443 1443 2242 2242 1443 1443 319 749 3098 3098 3098 3098 3099 3099 1443 1443 3099 3099 3098 3098 174 174 1443 1443 320 750 2243 2243 320 750 1443 1443 3099 3099 2244 2244 3094 3094 317 747 3094 3094 2244 2244 1444 1444 806 376 1444 1444 2244 2244 1444 1444 806 376 2243 2243 2243 2243 3100 3100 1444 1444 3100 3100 2243 2243 320 750 1444 1444 173 173 3094 3094 173 173 1444 1444 3100 3100 1445 1445 153 153 3022 3022 153 153 1445 1445 3097 3097 2245 2245 3022 3022 281 711 3022 3022 2245 2245 1445 1445 807 377 1445 1445 2245 2245 1445 1445 807 377 2248 2248 2248 2248 3097 3097 1445 1445 3097 3097 2248 2248 319 749 1446 1446 281 711 3021 3021 281 711 1446 1446 2245 2245 3101 3101 3021 3021 154 154 3021 3021 3101 3101 1446 1446 321 751 1446 1446 3101 3101 1446 1446 321 751 2246 2246 2246 2246 2245 2245 1446 1446 2245 2245 2246 2246 807 377 1447 1447 807 377 2246 2246 807 377 1447 1447 2247 2247 3102 3102 2246 2246 321 751 2246 2246 3102 3102 1447 1447 3102 3102 3103 3103 1447 1447 3103 3103 3102 3102 175 175 1447 1447 322 752 2247 2247 322 752 1447 1447 3103 3103 2248 2248 3098 3098 319 749 3098 3098 2248 2248 1448 1448 807 377 1448 1448 2248 2248 1448 1448 807 377 2247 2247 2247 2247 3104 3104 1448 1448 3104 3104 2247 2247 322 752 1448 1448 174 174 3098 3098 174 174 1448 1448 3104 3104 1449 1449 154 154 3026 3026 154 154 1449 1449 3101 3101 283 713 2249 2249 3026 3026 3026 3026 2249 2249 1449 1449 2249 2249 808 378 1449 1449 1449 1449 808 378 2252 2252 1449 1449 2252 2252 3101 3101 3101 3101 2252 2252 321 751 3025 3025 1450 1450 283 713 283 713 1450 1450 2249 2249 3105 3105 3025 3025 155 155 3025 3025 3105 3105 1450 1450 323 753 1450 1450 3105 3105 1450 1450 323 753 2250 2250 2250 2250 2249 2249 1450 1450 2249 2249 2250 2250 808 378 2250 2250 1451 1451 808 378 808 378 1451 1451 2251 2251 323 753 3106 3106 2250 2250 2250 2250 3106 3106 1451 1451 3106 3106 3107 3107 1451 1451 3107 3107 3106 3106 176 176 1451 1451 324 754 2251 2251 324 754 1451 1451 3107 3107 2252 2252 1452 1452 321 751 321 751 1452 1452 3102 3102 808 378 2251 2251 2252 2252 2252 2252 2251 2251 1452 1452 324 754 1452 1452 2251 2251 1452 1452 324 754 3108 3108 3108 3108 3102 3102 1452 1452 3102 3102 3108 3108 175 175 1453 1453 155 155 3030 3030 155 155 1453 1453 3105 3105 285 715 1453 1453 3030 3030 1453 1453 285 715 2253 2253 809 379 1453 1453 2253 2253 1453 1453 809 379 2256 2256 2256 2256 3105 3105 1453 1453 3105 3105 2256 2256 323 753 3029 3029 2253 2253 285 715 2253 2253 3029 3029 1454 1454 156 156 1454 1454 3029 3029 1454 1454 156 156 3109 3109 3109 3109 325 755 1454 1454 1454 1454 325 755 2254 2254 2254 2254 2253 2253 1454 1454 2253 2253 2254 2254 809 379 2254 2254 1455 1455 809 379 809 379 1455 1455 2255 2255 325 755 3110 3110 2254 2254 2254 2254 3110 3110 1455 1455 3110 3110 3111 3111 1455 1455 3111 3111 3110 3110 177 177 1455 1455 326 756 2255 2255 326 756 1455 1455 3111 3111 2256 2256 1456 1456 323 753 323 753 1456 1456 3106 3106 809 379 2255 2255 2256 2256 2256 2256 2255 2255 1456 1456 2255 2255 3112 3112 1456 1456 3112 3112 2255 2255 326 756 1456 1456 176 176 3106 3106 176 176 1456 1456 3112 3112 3034 3034 3109 3109 156 156 3109 3109 3034 3034 1457 1457 287 717 2257 2257 3034 3034 3034 3034 2257 2257 1457 1457 2257 2257 810 380 1457 1457 1457 1457 810 380 2260 2260 1457 1457 2260 2260 3109 3109 3109 3109 2260 2260 325 755 3033 3033 1458 1458 287 717 287 717 1458 1458 2257 2257 157 157 3113 3113 3033 3033 3033 3033 3113 3113 1458 1458 3113 3113 327 757 1458 1458 1458 1458 327 757 2258 2258 1458 1458 2258 2258 2257 2257 2257 2257 2258 2258 810 380 1459 1459 810 380 2258 2258 810 380 1459 1459 2259 2259 327 757 3114 3114 2258 2258 2258 2258 3114 3114 1459 1459 3114 3114 3115 3115 1459 1459 3115 3115 3114 3114 178 178 1459 1459 328 758 2259 2259 328 758 1459 1459 3115 3115 2260 2260 1460 1460 325 755 325 755 1460 1460 3110 3110 2259 2259 2260 2260 810 380 2260 2260 2259 2259 1460 1460 2259 2259 3116 3116 1460 1460 3116 3116 2259 2259 328 758 1460 1460 177 177 3110 3110 177 177 1460 1460 3116 3116 3038 3038 1461 1461 157 157 157 157 1461 1461 3113 3113 289 719 2261 2261 3038 3038 3038 3038 2261 2261 1461 1461 811 381 1461 1461 2261 2261 1461 1461 811 381 2264 2264 1461 1461 2264 2264 3113 3113 3113 3113 2264 2264 327 757 3037 3037 1462 1462 289 719 289 719 1462 1462 2261 2261 3117 3117 3037 3037 158 158 3037 3037 3117 3117 1462 1462 3117 3117 329 759 1462 1462 1462 1462 329 759 2262 2262 1462 1462 2262 2262 2261 2261 2261 2261 2262 2262 811 381 1463 1463 811 381 2262 2262 811 381 1463 1463 2263 2263 329 759 1463 1463 2262 2262 1463 1463 329 759 3118 3118 3118 3118 3119 3119 1463 1463 3119 3119 3118 3118 179 179 1463 1463 330 760 2263 2263 330 760 1463 1463 3119 3119 1464 1464 327 757 2264 2264 327 757 1464 1464 3114 3114 811 381 1464 1464 2264 2264 1464 1464 811 381 2263 2263 2263 2263 3120 3120 1464 1464 3120 3120 2263 2263 330 760 1464 1464 178 178 3114 3114 178 178 1464 1464 3120 3120 3042 3042 3117 3117 158 158 3117 3117 3042 3042 1465 1465 291 721 1465 1465 3042 3042 1465 1465 291 721 2265 2265 2265 2265 2268 2268 1465 1465 2268 2268 2265 2265 812 382 1465 1465 329 759 3117 3117 329 759 1465 1465 2268 2268 3041 3041 2265 2265 291 721 2265 2265 3041 3041 1466 1466 3121 3121 3041 3041 159 159 3041 3041 3121 3121 1466 1466 3121 3121 331 761 1466 1466 1466 1466 331 761 2266 2266 1466 1466 812 382 2265 2265 812 382 1466 1466 2266 2266 2266 2266 2267 2267 812 382 2267 2267 2266 2266 1467 1467 331 761 1467 1467 2266 2266 1467 1467 331 761 3122 3122 180 180 1467 1467 3122 3122 1467 1467 180 180 3123 3123 3123 3123 2267 2267 1467 1467 2267 2267 3123 3123 332 762 2268 2268 3118 3118 329 759 3118 3118 2268 2268 1468 1468 812 382 1468 1468 2268 2268 1468 1468 812 382 2267 2267 2267 2267 3124 3124 1468 1468 3124 3124 2267 2267 332 762 3124 3124 3118 3118 1468 1468 3118 3118 3124 3124 179 179 1469 1469 159 159 3046 3046 159 159 1469 1469 3121 3121 293 723 2269 2269 3046 3046 3046 3046 2269 2269 1469 1469 813 383 1469 1469 2269 2269 1469 1469 813 383 2272 2272 2272 2272 3121 3121 1469 1469 3121 3121 2272 2272 331 761 3045 3045 1470 1470 293 723 293 723 1470 1470 2269 2269 160 160 3125 3125 3045 3045 3045 3045 3125 3125 1470 1470 3125 3125 2270 2270 1470 1470 2270 2270 3125 3125 333 763 1470 1470 813 383 2269 2269 813 383 1470 1470 2270 2270 1471 1471 813 383 2270 2270 813 383 1471 1471 2271 2271 333 763 1471 1471 2270 2270 1471 1471 333 763 3126 3126 3126 3126 3127 3127 1471 1471 3127 3127 3126 3126 181 181 1471 1471 3127 3127 2271 2271 2271 2271 3127 3127 334 764 2272 2272 3122 3122 331 761 3122 3122 2272 2272 1472 1472 813 383 1472 1472 2272 2272 1472 1472 813 383 2271 2271 334 764 1472 1472 2271 2271 1472 1472 334 764 3128 3128 3128 3128 3122 3122 1472 1472 3122 3122 3128 3128 180 180 3050 3050 3125 3125 160 160 3125 3125 3050 3050 1473 1473 295 725 1473 1473 3050 3050 1473 1473 295 725 2273 2273 2273 2273 2276 2276 1473 1473 2276 2276 2273 2273 814 384 1473 1473 333 763 3125 3125 333 763 1473 1473 2276 2276 3049 3049 2273 2273 295 725 2273 2273 3049 3049 1474 1474 3129 3129 3049 3049 161 161 3049 3049 3129 3129 1474 1474 335 765 1474 1474 3129 3129 1474 1474 335 765 2274 2274 1474 1474 814 384 2273 2273 814 384 1474 1474 2274 2274 1475 1475 814 384 2274 2274 814 384 1475 1475 2275 2275 3130 3130 2274 2274 335 765 2274 2274 3130 3130 1475 1475 182 182 1475 1475 3130 3130 1475 1475 182 182 3131 3131 3131 3131 2275 2275 1475 1475 2275 2275 3131 3131 336 766 2276 2276 3126 3126 333 763 3126 3126 2276 2276 1476 1476 814 384 1476 1476 2276 2276 1476 1476 814 384 2275 2275 336 766 1476 1476 2275 2275 1476 1476 336 766 3132 3132 1476 1476 181 181 3126 3126 181 181 1476 1476 3132 3132 3054 3054 3129 3129 161 161 3129 3129 3054 3054 1477 1477 297 727 1477 1477 3054 3054 1477 1477 297 727 2277 2277 2277 2277 2280 2280 1477 1477 2280 2280 2277 2277 815 385 1477 1477 335 765 3129 3129 335 765 1477 1477 2280 2280 3053 3053 2277 2277 297 727 2277 2277 3053 3053 1478 1478 162 162 3133 3133 3053 3053 3053 3053 3133 3133 1478 1478 3133 3133 337 767 1478 1478 1478 1478 337 767 2278 2278 1478 1478 815 385 2277 2277 815 385 1478 1478 2278 2278 2278 2278 2279 2279 815 385 2279 2279 2278 2278 1479 1479 337 767 3134 3134 2278 2278 2278 2278 3134 3134 1479 1479 3134 3134 3135 3135 1479 1479 3135 3135 3134 3134 183 183 1479 1479 338 768 2279 2279 338 768 1479 1479 3135 3135 2280 2280 3130 3130 335 765 3130 3130 2280 2280 1480 1480 815 385 1480 1480 2280 2280 1480 1480 815 385 2279 2279 2279 2279 3136 3136 1480 1480 3136 3136 2279 2279 338 768 1480 1480 182 182 3130 3130 182 182 1480 1480 3136 3136 3058 3058 3133 3133 162 162 3133 3133 3058 3058 1481 1481 299 729 1481 1481 3058 3058 1481 1481 299 729 2281 2281 2281 2281 2284 2284 1481 1481 2284 2284 2281 2281 816 386 1481 1481 2284 2284 3133 3133 3133 3133 2284 2284 337 767 3057 3057 2281 2281 299 729 2281 2281 3057 3057 1482 1482 163 163 3137 3137 3057 3057 3057 3057 3137 3137 1482 1482 3137 3137 2282 2282 1482 1482 2282 2282 3137 3137 339 769 1482 1482 816 386 2281 2281 816 386 1482 1482 2282 2282 2282 2282 2283 2283 816 386 2283 2283 2282 2282 1483 1483 339 769 1483 1483 2282 2282 1483 1483 339 769 3138 3138 3138 3138 184 184 1483 1483 1483 1483 184 184 3139 3139 1483 1483 3139 3139 2283 2283 2283 2283 3139 3139 340 770 2284 2284 1484 1484 337 767 337 767 1484 1484 3134 3134 816 386 2283 2283 2284 2284 2284 2284 2283 2283 1484 1484 2283 2283 340 770 1484 1484 1484 1484 340 770 3140 3140 1484 1484 3140 3140 3134 3134 3134 3134 3140 3140 183 183 3062 3062 1485 1485 163 163 163 163 1485 1485 3137 3137 2285 2285 3062 3062 301 731 3062 3062 2285 2285 1485 1485 2285 2285 2288 2288 1485 1485 2288 2288 2285 2285 817 387 1485 1485 339 769 3137 3137 339 769 1485 1485 2288 2288 3061 3061 1486 1486 301 731 301 731 1486 1486 2285 2285 164 164 3141 3141 3061 3061 3061 3061 3141 3141 1486 1486 3141 3141 341 771 1486 1486 1486 1486 341 771 2286 2286 1486 1486 817 387 2285 2285 817 387 1486 1486 2286 2286 2286 2286 2287 2287 817 387 2287 2287 2286 2286 1487 1487 341 771 1487 1487 2286 2286 1487 1487 341 771 3142 3142 3142 3142 185 185 1487 1487 1487 1487 185 185 3143 3143 1487 1487 342 772 2287 2287 342 772 1487 1487 3143 3143 2288 2288 3138 3138 339 769 3138 3138 2288 2288 1488 1488 817 387 1488 1488 2288 2288 1488 1488 817 387 2287 2287 2287 2287 3144 3144 1488 1488 3144 3144 2287 2287 342 772 1488 1488 184 184 3138 3138 184 184 1488 1488 3144 3144 3066 3066 1489 1489 164 164 164 164 1489 1489 3141 3141 2289 2289 3066 3066 303 733 3066 3066 2289 2289 1489 1489 818 388 1489 1489 2289 2289 1489 1489 818 388 2292 2292 1489 1489 2292 2292 3141 3141 3141 3141 2292 2292 341 771 1490 1490 303 733 3065 3065 303 733 1490 1490 2289 2289 3145 3145 3065 3065 165 165 3065 3065 3145 3145 1490 1490 343 773 1490 1490 3145 3145 1490 1490 343 773 2290 2290 2290 2290 2289 2289 1490 1490 2289 2289 2290 2290 818 388 1491 1491 818 388 2290 2290 818 388 1491 1491 2291 2291 3146 3146 2290 2290 343 773 2290 2290 3146 3146 1491 1491 186 186 1491 1491 3146 3146 1491 1491 186 186 3147 3147 1491 1491 3147 3147 2291 2291 2291 2291 3147 3147 344 774 2292 2292 1492 1492 341 771 341 771 1492 1492 3142 3142 818 388 2291 2291 2292 2292 2292 2292 2291 2291 1492 1492 2291 2291 344 774 1492 1492 1492 1492 344 774 3148 3148 1492 1492 3148 3148 3142 3142 3142 3142 3148 3148 185 185 1493 1493 165 165 3070 3070 165 165 1493 1493 3145 3145 305 735 2293 2293 3070 3070 3070 3070 2293 2293 1493 1493 2293 2293 819 389 1493 1493 1493 1493 819 389 2296 2296 2296 2296 3145 3145 1493 1493 3145 3145 2296 2296 343 773 1494 1494 305 735 3069 3069 305 735 1494 1494 2293 2293 3149 3149 3069 3069 166 166 3069 3069 3149 3149 1494 1494 345 775 1494 1494 3149 3149 1494 1494 345 775 2294 2294 2294 2294 2293 2293 1494 1494 2293 2293 2294 2294 819 389 1495 1495 819 389 2294 2294 819 389 1495 1495 2295 2295 3150 3150 2294 2294 345 775 2294 2294 3150 3150 1495 1495 3150 3150 187 187 1495 1495 1495 1495 187 187 3151 3151 1495 1495 3151 3151 2295 2295 2295 2295 3151 3151 346 776 1496 1496 343 773 2296 2296 343 773 1496 1496 3146 3146 2295 2295 2296 2296 819 389 2296 2296 2295 2295 1496 1496 346 776 1496 1496 2295 2295 1496 1496 346 776 3152 3152 3152 3152 3146 3146 1496 1496 3146 3146 3152 3152 186 186 1497 1497 166 166 3074 3074 166 166 1497 1497 3149 3149 307 737 2297 2297 3074 3074 3074 3074 2297 2297 1497 1497 2297 2297 820 390 1497 1497 1497 1497 820 390 2300 2300 2300 2300 3149 3149 1497 1497 3149 3149 2300 2300 345 775 3073 3073 2297 2297 307 737 2297 2297 3073 3073 1498 1498 167 167 1498 1498 3073 3073 1498 1498 167 167 3153 3153 3153 3153 347 777 1498 1498 1498 1498 347 777 2298 2298 1498 1498 2298 2298 2297 2297 2297 2297 2298 2298 820 390 2298 2298 1499 1499 820 390 820 390 1499 1499 2299 2299 1499 1499 347 777 3154 3154 347 777 1499 1499 2298 2298 3155 3155 3154 3154 188 188 3154 3154 3155 3155 1499 1499 348 778 1499 1499 3155 3155 1499 1499 348 778 2299 2299 2300 2300 1500 1500 345 775 345 775 1500 1500 3150 3150 820 390 2299 2299 2300 2300 2300 2300 2299 2299 1500 1500 3156 3156 2299 2299 348 778 2299 2299 3156 3156 1500 1500 1500 1500 3156 3156 3150 3150 3150 3150 3156 3156 187 187 3078 3078 1501 1501 168 168 168 168 1501 1501 3162 3162 309 739 2301 2301 3078 3078 3078 3078 2301 2301 1501 1501 2301 2301 821 391 1501 1501 1501 1501 821 391 2304 2304 1501 1501 2304 2304 3162 3162 3162 3162 2304 2304 351 781 3077 3077 1502 1502 309 739 309 739 1502 1502 2301 2301 169 169 3157 3157 3077 3077 3077 3077 3157 3157 1502 1502 3157 3157 349 779 1502 1502 1502 1502 349 779 2302 2302 1502 1502 2302 2302 2301 2301 2301 2301 2302 2302 821 391 2302 2302 1503 1503 821 391 821 391 1503 1503 2303 2303 349 779 3158 3158 2302 2302 2302 2302 3158 3158 1503 1503 3158 3158 190 190 1503 1503 1503 1503 190 190 3159 3159 1503 1503 3159 3159 2303 2303 2303 2303 3159 3159 350 780 2304 2304 1504 1504 351 781 351 781 1504 1504 3161 3161 821 391 2303 2303 2304 2304 2304 2304 2303 2303 1504 1504 2303 2303 350 780 1504 1504 1504 1504 350 780 3160 3160 1504 1504 3160 3160 3161 3161 3161 3161 3160 3160 189 189 3084 3084 1505 1505 169 169 169 169 1505 1505 3157 3157 312 742 2305 2305 3084 3084 3084 3084 2305 2305 1505 1505 2305 2305 822 392 1505 1505 1505 1505 822 392 2308 2308 1505 1505 2308 2308 3157 3157 3157 3157 2308 2308 349 779 3083 3083 1506 1506 312 742 312 742 1506 1506 2305 2305 170 170 3163 3163 3083 3083 3083 3083 3163 3163 1506 1506 3163 3163 352 782 1506 1506 1506 1506 352 782 2306 2306 1506 1506 2306 2306 2305 2305 2305 2305 2306 2306 822 392 2306 2306 1507 1507 822 392 822 392 1507 1507 2307 2307 352 782 3164 3164 2306 2306 2306 2306 3164 3164 1507 1507 3164 3164 191 191 1507 1507 1507 1507 191 191 3165 3165 1507 1507 3165 3165 2307 2307 2307 2307 3165 3165 353 783 2308 2308 1508 1508 349 779 349 779 1508 1508 3158 3158 822 392 2307 2307 2308 2308 2308 2308 2307 2307 1508 1508 2307 2307 353 783 1508 1508 1508 1508 353 783 3166 3166 1508 1508 3166 3166 3158 3158 3158 3158 3166 3166 190 190 3088 3088 1509 1509 170 170 170 170 1509 1509 3163 3163 314 744 2309 2309 3088 3088 3088 3088 2309 2309 1509 1509 2309 2309 823 393 1509 1509 1509 1509 823 393 2312 2312 1509 1509 2312 2312 3163 3163 3163 3163 2312 2312 352 782 3087 3087 1510 1510 314 744 314 744 1510 1510 2309 2309 171 171 3167 3167 3087 3087 3087 3087 3167 3167 1510 1510 3167 3167 2310 2310 1510 1510 2310 2310 3167 3167 354 784 1510 1510 823 393 2309 2309 823 393 1510 1510 2310 2310 2310 2310 1511 1511 823 393 823 393 1511 1511 2311 2311 354 784 1511 1511 2310 2310 1511 1511 354 784 3168 3168 192 192 1511 1511 3168 3168 1511 1511 192 192 3169 3169 1511 1511 3169 3169 2311 2311 2311 2311 3169 3169 355 785 2312 2312 1512 1512 352 782 352 782 1512 1512 3164 3164 823 393 2311 2311 2312 2312 2312 2312 2311 2311 1512 1512 2311 2311 355 785 1512 1512 1512 1512 355 785 3170 3170 1512 1512 3170 3170 3164 3164 3164 3164 3170 3170 191 191 3092 3092 1513 1513 171 171 171 171 1513 1513 3167 3167 2313 2313 3092 3092 316 746 3092 3092 2313 2313 1513 1513 2313 2313 2316 2316 1513 1513 2316 2316 2313 2313 824 394 1513 1513 354 784 3167 3167 354 784 1513 1513 2316 2316 1514 1514 316 746 3091 3091 316 746 1514 1514 2313 2313 3171 3171 3091 3091 172 172 3091 3091 3171 3171 1514 1514 3171 3171 356 786 1514 1514 1514 1514 356 786 2314 2314 1514 1514 824 394 2313 2313 824 394 1514 1514 2314 2314 2314 2314 2315 2315 824 394 2315 2315 2314 2314 1515 1515 356 786 1515 1515 2314 2314 1515 1515 356 786 3172 3172 3172 3172 3173 3173 1515 1515 3173 3173 3172 3172 193 193 1515 1515 3173 3173 2315 2315 2315 2315 3173 3173 357 787 2316 2316 1516 1516 354 784 354 784 1516 1516 3168 3168 824 394 1516 1516 2316 2316 1516 1516 824 394 2315 2315 357 787 1516 1516 2315 2315 1516 1516 357 787 3174 3174 1516 1516 3174 3174 3168 3168 3168 3168 3174 3174 192 192 1517 1517 172 172 3096 3096 172 172 1517 1517 3171 3171 2317 2317 3096 3096 318 748 3096 3096 2317 2317 1517 1517 2317 2317 825 395 1517 1517 1517 1517 825 395 2320 2320 2320 2320 3171 3171 1517 1517 3171 3171 2320 2320 356 786 3095 3095 2317 2317 318 748 2317 2317 3095 3095 1518 1518 173 173 1518 1518 3095 3095 1518 1518 173 173 3175 3175 3175 3175 2318 2318 1518 1518 2318 2318 3175 3175 358 788 1518 1518 825 395 2317 2317 825 395 1518 1518 2318 2318 1519 1519 825 395 2318 2318 825 395 1519 1519 2319 2319 358 788 3176 3176 2318 2318 2318 2318 3176 3176 1519 1519 3176 3176 194 194 1519 1519 1519 1519 194 194 3177 3177 1519 1519 3177 3177 2319 2319 2319 2319 3177 3177 359 789 1520 1520 356 786 2320 2320 356 786 1520 1520 3172 3172 2319 2319 2320 2320 825 395 2320 2320 2319 2319 1520 1520 359 789 1520 1520 2319 2319 1520 1520 359 789 3178 3178 1520 1520 3178 3178 3172 3172 3172 3172 3178 3178 193 193 3100 3100 3175 3175 173 173 3175 3175 3100 3100 1521 1521 320 750 1521 1521 3100 3100 1521 1521 320 750 2321 2321 2321 2321 2324 2324 1521 1521 2324 2324 2321 2321 826 396 1521 1521 358 788 3175 3175 358 788 1521 1521 2324 2324 3099 3099 2321 2321 320 750 2321 2321 3099 3099 1522 1522 174 174 1522 1522 3099 3099 1522 1522 174 174 3179 3179 3179 3179 2322 2322 1522 1522 2322 2322 3179 3179 360 790 1522 1522 826 396 2321 2321 826 396 1522 1522 2322 2322 2322 2322 1523 1523 826 396 826 396 1523 1523 2323 2323 360 790 3180 3180 2322 2322 2322 2322 3180 3180 1523 1523 3180 3180 3181 3181 1523 1523 3181 3181 3180 3180 195 195 1523 1523 3181 3181 2323 2323 2323 2323 3181 3181 361 791 2324 2324 1524 1524 358 788 358 788 1524 1524 3176 3176 826 396 2323 2323 2324 2324 2324 2324 2323 2323 1524 1524 361 791 1524 1524 2323 2323 1524 1524 361 791 3182 3182 1524 1524 3182 3182 3176 3176 3176 3176 3182 3182 194 194 3104 3104 3179 3179 174 174 3179 3179 3104 3104 1525 1525 322 752 1525 1525 3104 3104 1525 1525 322 752 2325 2325 827 397 1525 1525 2325 2325 1525 1525 827 397 2328 2328 2328 2328 3179 3179 1525 1525 3179 3179 2328 2328 360 790 3103 3103 2325 2325 322 752 2325 2325 3103 3103 1526 1526 175 175 1526 1526 3103 3103 1526 1526 175 175 3183 3183 3183 3183 362 792 1526 1526 1526 1526 362 792 2326 2326 2326 2326 2325 2325 1526 1526 2325 2325 2326 2326 827 397 2326 2326 2327 2327 827 397 2327 2327 2326 2326 1527 1527 362 792 1527 1527 2326 2326 1527 1527 362 792 3184 3184 3184 3184 3185 3185 1527 1527 3185 3185 3184 3184 196 196 1527 1527 363 793 2327 2327 363 793 1527 1527 3185 3185 2328 2328 1528 1528 360 790 360 790 1528 1528 3180 3180 2327 2327 2328 2328 827 397 2328 2328 2327 2327 1528 1528 2327 2327 3186 3186 1528 1528 3186 3186 2327 2327 363 793 1528 1528 195 195 3180 3180 195 195 1528 1528 3186 3186 3108 3108 3183 3183 175 175 3183 3183 3108 3108 1529 1529 324 754 1529 1529 3108 3108 1529 1529 324 754 2329 2329 2329 2329 2332 2332 1529 1529 2332 2332 2329 2329 828 398 1529 1529 362 792 3183 3183 362 792 1529 1529 2332 2332 3107 3107 2329 2329 324 754 2329 2329 3107 3107 1530 1530 176 176 1530 1530 3107 3107 1530 1530 176 176 3187 3187 3187 3187 2330 2330 1530 1530 2330 2330 3187 3187 364 794 1530 1530 828 398 2329 2329 828 398 1530 1530 2330 2330 2330 2330 2331 2331 828 398 2331 2331 2330 2330 1531 1531 364 794 1531 1531 2330 2330 1531 1531 364 794 3188 3188 3188 3188 3189 3189 1531 1531 3189 3189 3188 3188 197 197 1531 1531 365 795 2331 2331 365 795 1531 1531 3189 3189 2332 2332 3184 3184 362 792 3184 3184 2332 2332 1532 1532 828 398 1532 1532 2332 2332 1532 1532 828 398 2331 2331 2331 2331 3190 3190 1532 1532 3190 3190 2331 2331 365 795 1532 1532 196 196 3184 3184 196 196 1532 1532 3190 3190 3112 3112 3187 3187 176 176 3187 3187 3112 3112 1533 1533 326 756 1533 1533 3112 3112 1533 1533 326 756 2333 2333 2333 2333 2336 2336 1533 1533 2336 2336 2333 2333 829 399 1533 1533 364 794 3187 3187 364 794 1533 1533 2336 2336 3111 3111 2333 2333 326 756 2333 2333 3111 3111 1534 1534 177 177 1534 1534 3111 3111 1534 1534 177 177 3191 3191 3191 3191 366 796 1534 1534 1534 1534 366 796 2334 2334 1534 1534 829 399 2333 2333 829 399 1534 1534 2334 2334 2334 2334 2335 2335 829 399 2335 2335 2334 2334 1535 1535 366 796 1535 1535 2334 2334 1535 1535 366 796 3192 3192 3192 3192 3193 3193 1535 1535 3193 3193 3192 3192 198 198 1535 1535 367 797 2335 2335 367 797 1535 1535 3193 3193 2336 2336 3188 3188 364 794 3188 3188 2336 2336 1536 1536 829 399 1536 1536 2336 2336 1536 1536 829 399 2335 2335 2335 2335 3194 3194 1536 1536 3194 3194 2335 2335 367 797 1536 1536 197 197 3188 3188 197 197 1536 1536 3194 3194 3116 3116 3191 3191 177 177 3191 3191 3116 3116 1537 1537 328 758 1537 1537 3116 3116 1537 1537 328 758 2337 2337 2337 2337 2340 2340 1537 1537 2340 2340 2337 2337 830 400 1537 1537 366 796 3191 3191 366 796 1537 1537 2340 2340 3115 3115 2337 2337 328 758 2337 2337 3115 3115 1538 1538 178 178 1538 1538 3115 3115 1538 1538 178 178 3195 3195 3195 3195 2338 2338 1538 1538 2338 2338 3195 3195 368 798 1538 1538 830 400 2337 2337 830 400 1538 1538 2338 2338 2338 2338 2339 2339 830 400 2339 2339 2338 2338 1539 1539 368 798 1539 1539 2338 2338 1539 1539 368 798 3196 3196 3196 3196 3197 3197 1539 1539 3197 3197 3196 3196 199 199 1539 1539 369 799 2339 2339 369 799 1539 1539 3197 3197 2340 2340 3192 3192 366 796 3192 3192 2340 2340 1540 1540 830 400 1540 1540 2340 2340 1540 1540 830 400 2339 2339 2339 2339 3198 3198 1540 1540 3198 3198 2339 2339 369 799 1540 1540 198 198 3192 3192 198 198 1540 1540 3198 3198 3120 3120 3195 3195 178 178 3195 3195 3120 3120 1541 1541 330 760 1541 1541 3120 3120 1541 1541 330 760 2341 2341 2341 2341 2344 2344 1541 1541 2344 2344 2341 2341 831 401 1541 1541 368 798 3195 3195 368 798 1541 1541 2344 2344 3119 3119 2341 2341 330 760 2341 2341 3119 3119 1542 1542 179 179 1542 1542 3119 3119 1542 1542 179 179 3199 3199 3199 3199 2342 2342 1542 1542 2342 2342 3199 3199 370 800 1542 1542 831 401 2341 2341 831 401 1542 1542 2342 2342 2342 2342 2343 2343 831 401 2343 2343 2342 2342 1543 1543 370 800 1543 1543 2342 2342 1543 1543 370 800 3200 3200 3200 3200 3201 3201 1543 1543 3201 3201 3200 3200 200 200 1543 1543 371 801 2343 2343 371 801 1543 1543 3201 3201 2344 2344 3196 3196 368 798 3196 3196 2344 2344 1544 1544 831 401 1544 1544 2344 2344 1544 1544 831 401 2343 2343 2343 2343 3202 3202 1544 1544 3202 3202 2343 2343 371 801 1544 1544 199 199 3196 3196 199 199 1544 1544 3202 3202 3124 3124 3199 3199 179 179 3199 3199 3124 3124 1545 1545 332 762 1545 1545 3124 3124 1545 1545 332 762 2345 2345 2345 2345 2348 2348 1545 1545 2348 2348 2345 2345 832 402 1545 1545 370 800 3199 3199 370 800 1545 1545 2348 2348 3123 3123 2345 2345 332 762 2345 2345 3123 3123 1546 1546 180 180 1546 1546 3123 3123 1546 1546 180 180 3203 3203 3203 3203 2346 2346 1546 1546 2346 2346 3203 3203 372 802 1546 1546 832 402 2345 2345 832 402 1546 1546 2346 2346 2346 2346 2347 2347 832 402 2347 2347 2346 2346 1547 1547 3204 3204 2346 2346 372 802 2346 2346 3204 3204 1547 1547 201 201 1547 1547 3204 3204 1547 1547 201 201 3205 3205 1547 1547 373 803 2347 2347 373 803 1547 1547 3205 3205 2348 2348 3200 3200 370 800 3200 3200 2348 2348 1548 1548 832 402 1548 1548 2348 2348 1548 1548 832 402 2347 2347 2347 2347 3206 3206 1548 1548 3206 3206 2347 2347 373 803 1548 1548 200 200 3200 3200 200 200 1548 1548 3206 3206 3128 3128 3203 3203 180 180 3203 3203 3128 3128 1549 1549 334 764 1549 1549 3128 3128 1549 1549 334 764 2349 2349 2349 2349 2352 2352 1549 1549 2352 2352 2349 2349 833 403 1549 1549 372 802 3203 3203 372 802 1549 1549 2352 2352 3127 3127 2349 2349 334 764 2349 2349 3127 3127 1550 1550 181 181 1550 1550 3127 3127 1550 1550 181 181 3207 3207 3207 3207 2350 2350 1550 1550 2350 2350 3207 3207 374 804 1550 1550 833 403 2349 2349 833 403 1550 1550 2350 2350 2350 2350 2351 2351 833 403 2351 2351 2350 2350 1551 1551 374 804 1551 1551 2350 2350 1551 1551 374 804 3208 3208 202 202 1551 1551 3208 3208 1551 1551 202 202 3209 3209 1551 1551 3209 3209 2351 2351 2351 2351 3209 3209 375 805 1552 1552 372 802 2352 2352 372 802 1552 1552 3204 3204 833 403 1552 1552 2352 2352 1552 1552 833 403 2351 2351 375 805 1552 1552 2351 2351 1552 1552 375 805 3210 3210 3210 3210 3204 3204 1552 1552 3204 3204 3210 3210 201 201 3132 3132 3207 3207 181 181 3207 3207 3132 3132 1553 1553 336 766 1553 1553 3132 3132 1553 1553 336 766 2353 2353 2353 2353 2356 2356 1553 1553 2356 2356 2353 2353 834 404 1553 1553 374 804 3207 3207 374 804 1553 1553 2356 2356 1554 1554 336 766 3131 3131 336 766 1554 1554 2353 2353 182 182 1554 1554 3131 3131 1554 1554 182 182 3211 3211 3211 3211 2354 2354 1554 1554 2354 2354 3211 3211 376 806 1554 1554 834 404 2353 2353 834 404 1554 1554 2354 2354 2354 2354 2355 2355 834 404 2355 2355 2354 2354 1555 1555 376 806 1555 1555 2354 2354 1555 1555 376 806 3212 3212 3212 3212 3213 3213 1555 1555 3213 3213 3212 3212 203 203 1555 1555 377 807 2355 2355 377 807 1555 1555 3213 3213 2356 2356 3208 3208 374 804 3208 3208 2356 2356 1556 1556 834 404 1556 1556 2356 2356 1556 1556 834 404 2355 2355 2355 2355 3214 3214 1556 1556 3214 3214 2355 2355 377 807 3214 3214 3208 3208 1556 1556 3208 3208 3214 3214 202 202 3136 3136 3211 3211 182 182 3211 3211 3136 3136 1557 1557 338 768 1557 1557 3136 3136 1557 1557 338 768 2357 2357 835 405 1557 1557 2357 2357 1557 1557 835 405 2360 2360 2360 2360 3211 3211 1557 1557 3211 3211 2360 2360 376 806 3135 3135 2357 2357 338 768 2357 2357 3135 3135 1558 1558 3215 3215 3135 3135 183 183 3135 3135 3215 3215 1558 1558 3215 3215 378 808 1558 1558 1558 1558 378 808 2358 2358 2358 2358 2357 2357 1558 1558 2357 2357 2358 2358 835 405 1559 1559 835 405 2358 2358 835 405 1559 1559 2359 2359 378 808 3216 3216 2358 2358 2358 2358 3216 3216 1559 1559 204 204 1559 1559 3216 3216 1559 1559 204 204 3217 3217 1559 1559 3217 3217 2359 2359 2359 2359 3217 3217 379 809 1560 1560 376 806 2360 2360 376 806 1560 1560 3212 3212 2359 2359 2360 2360 835 405 2360 2360 2359 2359 1560 1560 2359 2359 3218 3218 1560 1560 3218 3218 2359 2359 379 809 1560 1560 203 203 3212 3212 203 203 1560 1560 3218 3218 3140 3140 1561 1561 183 183 183 183 1561 1561 3215 3215 340 770 2361 2361 3140 3140 3140 3140 2361 2361 1561 1561 2361 2361 836 406 1561 1561 1561 1561 836 406 2364 2364 1561 1561 2364 2364 3215 3215 3215 3215 2364 2364 378 808 3139 3139 1562 1562 340 770 340 770 1562 1562 2361 2361 184 184 3219 3219 3139 3139 3139 3139 3219 3219 1562 1562 3219 3219 380 810 1562 1562 1562 1562 380 810 2362 2362 1562 1562 2362 2362 2361 2361 2361 2361 2362 2362 836 406 2362 2362 1563 1563 836 406 836 406 1563 1563 2363 2363 380 810 3220 3220 2362 2362 2362 2362 3220 3220 1563 1563 3220 3220 205 205 1563 1563 1563 1563 205 205 3221 3221 1563 1563 3221 3221 2363 2363 2363 2363 3221 3221 381 811 2364 2364 1564 1564 378 808 378 808 1564 1564 3216 3216 836 406 2363 2363 2364 2364 2364 2364 2363 2363 1564 1564 2363 2363 381 811 1564 1564 1564 1564 381 811 3222 3222 1564 1564 3222 3222 3216 3216 3216 3216 3222 3222 204 204 3144 3144 3219 3219 184 184 3219 3219 3144 3144 1565 1565 342 772 2365 2365 3144 3144 3144 3144 2365 2365 1565 1565 2365 2365 837 407 1565 1565 1565 1565 837 407 2368 2368 1565 1565 2368 2368 3219 3219 3219 3219 2368 2368 380 810 3143 3143 1566 1566 342 772 342 772 1566 1566 2365 2365 185 185 3223 3223 3143 3143 3143 3143 3223 3223 1566 1566 3223 3223 382 812 1566 1566 1566 1566 382 812 2366 2366 1566 1566 2366 2366 2365 2365 2365 2365 2366 2366 837 407 2366 2366 1567 1567 837 407 837 407 1567 1567 2367 2367 382 812 3224 3224 2366 2366 2366 2366 3224 3224 1567 1567 3224 3224 206 206 1567 1567 1567 1567 206 206 3225 3225 1567 1567 3225 3225 2367 2367 2367 2367 3225 3225 383 813 2368 2368 1568 1568 380 810 380 810 1568 1568 3220 3220 837 407 2367 2367 2368 2368 2368 2368 2367 2367 1568 1568 2367 2367 383 813 1568 1568 1568 1568 383 813 3226 3226 1568 1568 3226 3226 3220 3220 3220 3220 3226 3226 205 205 3148 3148 1569 1569 185 185 185 185 1569 1569 3223 3223 344 774 2369 2369 3148 3148 3148 3148 2369 2369 1569 1569 2369 2369 838 408 1569 1569 1569 1569 838 408 2372 2372 1569 1569 2372 2372 3223 3223 3223 3223 2372 2372 382 812 3147 3147 1570 1570 344 774 344 774 1570 1570 2369 2369 186 186 3227 3227 3147 3147 3147 3147 3227 3227 1570 1570 3227 3227 384 814 1570 1570 1570 1570 384 814 2370 2370 1570 1570 2370 2370 2369 2369 2369 2369 2370 2370 838 408 2370 2370 1571 1571 838 408 838 408 1571 1571 2371 2371 384 814 3228 3228 2370 2370 2370 2370 3228 3228 1571 1571 3228 3228 3229 3229 1571 1571 3229 3229 3228 3228 207 207 1571 1571 385 815 2371 2371 385 815 1571 1571 3229 3229 2372 2372 1572 1572 382 812 382 812 1572 1572 3224 3224 838 408 2371 2371 2372 2372 2372 2372 2371 2371 1572 1572 2371 2371 385 815 1572 1572 1572 1572 385 815 3230 3230 1572 1572 3230 3230 3224 3224 3224 3224 3230 3230 206 206 1573 1573 186 186 3152 3152 186 186 1573 1573 3227 3227 346 776 2373 2373 3152 3152 3152 3152 2373 2373 1573 1573 2373 2373 839 409 1573 1573 1573 1573 839 409 2376 2376 1573 1573 2376 2376 3227 3227 3227 3227 2376 2376 384 814 3151 3151 1574 1574 346 776 346 776 1574 1574 2373 2373 187 187 3231 3231 3151 3151 3151 3151 3231 3231 1574 1574 3231 3231 386 816 1574 1574 1574 1574 386 816 2374 2374 1574 1574 2374 2374 2373 2373 2373 2373 2374 2374 839 409 2374 2374 2375 2375 839 409 2375 2375 2374 2374 1575 1575 386 816 1575 1575 2374 2374 1575 1575 386 816 3232 3232 3232 3232 3233 3233 1575 1575 3233 3233 3232 3232 208 208 1575 1575 387 817 2375 2375 387 817 1575 1575 3233 3233 2376 2376 3228 3228 384 814 3228 3228 2376 2376 1576 1576 839 409 1576 1576 2376 2376 1576 1576 839 409 2375 2375 2375 2375 3234 3234 1576 1576 3234 3234 2375 2375 387 817 1576 1576 207 207 3228 3228 207 207 1576 1576 3234 3234 3156 3156 1577 1577 187 187 187 187 1577 1577 3231 3231 348 778 2377 2377 3156 3156 3156 3156 2377 2377 1577 1577 2377 2377 840 410 1577 1577 1577 1577 840 410 2380 2380 1577 1577 2380 2380 3231 3231 3231 3231 2380 2380 386 816 3155 3155 1578 1578 348 778 348 778 1578 1578 2377 2377 188 188 3235 3235 3155 3155 3155 3155 3235 3235 1578 1578 3235 3235 388 818 1578 1578 1578 1578 388 818 2378 2378 1578 1578 2378 2378 2377 2377 2377 2377 2378 2378 840 410 2378 2378 2379 2379 840 410 2379 2379 2378 2378 1579 1579 388 818 1579 1579 2378 2378 1579 1579 388 818 3236 3236 3236 3236 3237 3237 1579 1579 3237 3237 3236 3236 209 209 1579 1579 389 819 2379 2379 389 819 1579 1579 3237 3237 2380 2380 3232 3232 386 816 3232 3232 2380 2380 1580 1580 840 410 1580 1580 2380 2380 1580 1580 840 410 2379 2379 2379 2379 3238 3238 1580 1580 3238 3238 2379 2379 389 819 1580 1580 208 208 3232 3232 208 208 1580 1580 3238 3238 3160 3160 1581 1581 189 189 189 189 1581 1581 3244 3244 350 780 2381 2381 3160 3160 3160 3160 2381 2381 1581 1581 2381 2381 841 411 1581 1581 1581 1581 841 411 2384 2384 1581 1581 2384 2384 3244 3244 3244 3244 2384 2384 392 822 3159 3159 1582 1582 350 780 350 780 1582 1582 2381 2381 190 190 3239 3239 3159 3159 3159 3159 3239 3239 1582 1582 3239 3239 390 820 1582 1582 1582 1582 390 820 2382 2382 1582 1582 2382 2382 2381 2381 2381 2381 2382 2382 841 411 2382 2382 2383 2383 841 411 2383 2383 2382 2382 1583 1583 390 820 1583 1583 2382 2382 1583 1583 390 820 3240 3240 3240 3240 3241 3241 1583 1583 3241 3241 3240 3240 211 211 1583 1583 391 821 2383 2383 391 821 1583 1583 3241 3241 2384 2384 1584 1584 392 822 392 822 1584 1584 3243 3243 841 411 2383 2383 2384 2384 2384 2384 2383 2383 1584 1584 2383 2383 391 821 1584 1584 1584 1584 391 821 3242 3242 1584 1584 210 210 3243 3243 210 210 1584 1584 3242 3242 3166 3166 1585 1585 190 190 190 190 1585 1585 3239 3239 353 783 2385 2385 3166 3166 3166 3166 2385 2385 1585 1585 2385 2385 2388 2388 1585 1585 2388 2388 2385 2385 842 412 1585 1585 2388 2388 3239 3239 3239 3239 2388 2388 390 820 3165 3165 2385 2385 353 783 2385 2385 3165 3165 1586 1586 191 191 1586 1586 3165 3165 1586 1586 191 191 3245 3245 3245 3245 2386 2386 1586 1586 2386 2386 3245 3245 393 823 1586 1586 842 412 2385 2385 842 412 1586 1586 2386 2386 2386 2386 2387 2387 842 412 2387 2387 2386 2386 1587 1587 393 823 1587 1587 2386 2386 1587 1587 393 823 3246 3246 3246 3246 3247 3247 1587 1587 3247 3247 3246 3246 212 212 1587 1587 394 824 2387 2387 394 824 1587 1587 3247 3247 2388 2388 3240 3240 390 820 3240 3240 2388 2388 1588 1588 842 412 1588 1588 2388 2388 1588 1588 842 412 2387 2387 2387 2387 3248 3248 1588 1588 3248 3248 2387 2387 394 824 1588 1588 211 211 3240 3240 211 211 1588 1588 3248 3248 3170 3170 3245 3245 191 191 3245 3245 3170 3170 1589 1589 355 785 1589 1589 3170 3170 1589 1589 355 785 2389 2389 2389 2389 2392 2392 1589 1589 2392 2392 2389 2389 843 413 1589 1589 393 823 3245 3245 393 823 1589 1589 2392 2392 3169 3169 1590 1590 355 785 355 785 1590 1590 2389 2389 192 192 3249 3249 3169 3169 3169 3169 3249 3249 1590 1590 3249 3249 395 825 1590 1590 1590 1590 395 825 2390 2390 1590 1590 843 413 2389 2389 843 413 1590 1590 2390 2390 2390 2390 2391 2391 843 413 2391 2391 2390 2390 1591 1591 395 825 1591 1591 2390 2390 1591 1591 395 825 3250 3250 3250 3250 3251 3251 1591 1591 3251 3251 3250 3250 213 213 1591 1591 396 826 2391 2391 396 826 1591 1591 3251 3251 2392 2392 3246 3246 393 823 3246 3246 2392 2392 1592 1592 843 413 1592 1592 2392 2392 1592 1592 843 413 2391 2391 2391 2391 3252 3252 1592 1592 3252 3252 2391 2391 396 826 1592 1592 212 212 3246 3246 212 212 1592 1592 3252 3252 3174 3174 1593 1593 192 192 192 192 1593 1593 3249 3249 357 787 1593 1593 3174 3174 1593 1593 357 787 2393 2393 2393 2393 844 414 1593 1593 1593 1593 844 414 2396 2396 1593 1593 2396 2396 3249 3249 3249 3249 2396 2396 395 825 3173 3173 2393 2393 357 787 2393 2393 3173 3173 1594 1594 193 193 1594 1594 3173 3173 1594 1594 193 193 3253 3253 3253 3253 2394 2394 1594 1594 2394 2394 3253 3253 397 827 1594 1594 844 414 2393 2393 844 414 1594 1594 2394 2394 2394 2394 1595 1595 844 414 844 414 1595 1595 2395 2395 397 827 3254 3254 2394 2394 2394 2394 3254 3254 1595 1595 214 214 1595 1595 3254 3254 1595 1595 214 214 3255 3255 1595 1595 3255 3255 2395 2395 2395 2395 3255 3255 398 828 2396 2396 3250 3250 395 825 3250 3250 2396 2396 1596 1596 2395 2395 2396 2396 844 414 2396 2396 2395 2395 1596 1596 2395 2395 3256 3256 1596 1596 3256 3256 2395 2395 398 828 1596 1596 213 213 3250 3250 213 213 1596 1596 3256 3256 3178 3178 3253 3253 193 193 3253 3253 3178 3178 1597 1597 359 789 1597 1597 3178 3178 1597 1597 359 789 2397 2397 2397 2397 2400 2400 1597 1597 2400 2400 2397 2397 845 415 1597 1597 397 827 3253 3253 397 827 1597 1597 2400 2400 3177 3177 2397 2397 359 789 2397 2397 3177 3177 1598 1598 194 194 1598 1598 3177 3177 1598 1598 194 194 3257 3257 3257 3257 2398 2398 1598 1598 2398 2398 3257 3257 399 829 1598 1598 845 415 2397 2397 845 415 1598 1598 2398 2398 2398 2398 2399 2399 845 415 2399 2399 2398 2398 1599 1599 399 829 1599 1599 2398 2398 1599 1599 399 829 3258 3258 3258 3258 215 215 1599 1599 1599 1599 215 215 3259 3259 1599 1599 3259 3259 2399 2399 2399 2399 3259 3259 400 830 2400 2400 1600 1600 397 827 397 827 1600 1600 3254 3254 845 415 2399 2399 2400 2400 2400 2400 2399 2399 1600 1600 400 830 1600 1600 2399 2399 1600 1600 400 830 3260 3260 1600 1600 3260 3260 3254 3254 3254 3254 3260 3260 214 214 3182 3182 3257 3257 194 194 3257 3257 3182 3182 1601 1601 361 791 1601 1601 3182 3182 1601 1601 361 791 2401 2401 2401 2401 2404 2404 1601 1601 2404 2404 2401 2401 846 416 1601 1601 399 829 3257 3257 399 829 1601 1601 2404 2404 3181 3181 2401 2401 361 791 2401 2401 3181 3181 1602 1602 195 195 1602 1602 3181 3181 1602 1602 195 195 3261 3261 3261 3261 2402 2402 1602 1602 2402 2402 3261 3261 401 831 1602 1602 846 416 2401 2401 846 416 1602 1602 2402 2402 2402 2402 2403 2403 846 416 2403 2403 2402 2402 1603 1603 401 831 3262 3262 2402 2402 2402 2402 3262 3262 1603 1603 3262 3262 3263 3263 1603 1603 3263 3263 3262 3262 216 216 1603 1603 402 832 2403 2403 402 832 1603 1603 3263 3263 2404 2404 3258 3258 399 829 3258 3258 2404 2404 1604 1604 846 416 1604 1604 2404 2404 1604 1604 846 416 2403 2403 2403 2403 3264 3264 1604 1604 3264 3264 2403 2403 402 832 1604 1604 215 215 3258 3258 215 215 1604 1604 3264 3264 3186 3186 3261 3261 195 195 3261 3261 3186 3186 1605 1605 363 793 1605 1605 3186 3186 1605 1605 363 793 2405 2405 2405 2405 2408 2408 1605 1605 2408 2408 2405 2405 847 417 1605 1605 401 831 3261 3261 401 831 1605 1605 2408 2408 3185 3185 2405 2405 363 793 2405 2405 3185 3185 1606 1606 196 196 1606 1606 3185 3185 1606 1606 196 196 3265 3265 3265 3265 2406 2406 1606 1606 2406 2406 3265 3265 403 833 1606 1606 847 417 2405 2405 847 417 1606 1606 2406 2406 2406 2406 2407 2407 847 417 2407 2407 2406 2406 1607 1607 403 833 1607 1607 2406 2406 1607 1607 403 833 3266 3266 3266 3266 217 217 1607 1607 1607 1607 217 217 3267 3267 1607 1607 3267 3267 2407 2407 2407 2407 3267 3267 404 834 2408 2408 1608 1608 401 831 401 831 1608 1608 3262 3262 847 417 2407 2407 2408 2408 2408 2408 2407 2407 1608 1608 2407 2407 3268 3268 1608 1608 3268 3268 2407 2407 404 834 1608 1608 216 216 3262 3262 216 216 1608 1608 3268 3268 3190 3190 3265 3265 196 196 3265 3265 3190 3190 1609 1609 365 795 1609 1609 3190 3190 1609 1609 365 795 2409 2409 2409 2409 2412 2412 1609 1609 2412 2412 2409 2409 848 418 1609 1609 403 833 3265 3265 403 833 1609 1609 2412 2412 3189 3189 2409 2409 365 795 2409 2409 3189 3189 1610 1610 197 197 1610 1610 3189 3189 1610 1610 197 197 3269 3269 3269 3269 2410 2410 1610 1610 2410 2410 3269 3269 405 835 1610 1610 848 418 2409 2409 848 418 1610 1610 2410 2410 2410 2410 1611 1611 848 418 848 418 1611 1611 2411 2411 405 835 3270 3270 2410 2410 2410 2410 3270 3270 1611 1611 3270 3270 218 218 1611 1611 1611 1611 218 218 3271 3271 1611 1611 3271 3271 2411 2411 2411 2411 3271 3271 406 836 2412 2412 3266 3266 403 833 3266 3266 2412 2412 1612 1612 848 418 2411 2411 2412 2412 2412 2412 2411 2411 1612 1612 2411 2411 406 836 1612 1612 1612 1612 406 836 3272 3272 1612 1612 3272 3272 3266 3266 3266 3266 3272 3272 217 217 3194 3194 3269 3269 197 197 3269 3269 3194 3194 1613 1613 367 797 1613 1613 3194 3194 1613 1613 367 797 2413 2413 2413 2413 2416 2416 1613 1613 2416 2416 2413 2413 849 419 1613 1613 405 835 3269 3269 405 835 1613 1613 2416 2416 3193 3193 2413 2413 367 797 2413 2413 3193 3193 1614 1614 198 198 1614 1614 3193 3193 1614 1614 198 198 3273 3273 3273 3273 2414 2414 1614 1614 2414 2414 3273 3273 407 837 1614 1614 849 419 2413 2413 849 419 1614 1614 2414 2414 2414 2414 2415 2415 849 419 2415 2415 2414 2414 1615 1615 407 837 1615 1615 2414 2414 1615 1615 407 837 3274 3274 3274 3274 3275 3275 1615 1615 3275 3275 3274 3274 219 219 1615 1615 3275 3275 2415 2415 2415 2415 3275 3275 408 838 2416 2416 3270 3270 405 835 3270 3270 2416 2416 1616 1616 849 419 1616 1616 2416 2416 1616 1616 849 419 2415 2415 2415 2415 408 838 1616 1616 1616 1616 408 838 3276 3276 1616 1616 3276 3276 3270 3270 3270 3270 3276 3276 218 218 3198 3198 3273 3273 198 198 3273 3273 3198 3198 1617 1617 369 799 1617 1617 3198 3198 1617 1617 369 799 2417 2417 2417 2417 2420 2420 1617 1617 2420 2420 2417 2417 850 420 1617 1617 407 837 3273 3273 407 837 1617 1617 2420 2420 3197 3197 2417 2417 369 799 2417 2417 3197 3197 1618 1618 199 199 1618 1618 3197 3197 1618 1618 199 199 3277 3277 3277 3277 2418 2418 1618 1618 2418 2418 3277 3277 409 839 1618 1618 850 420 2417 2417 850 420 1618 1618 2418 2418 2418 2418 2419 2419 850 420 2419 2419 2418 2418 1619 1619 409 839 1619 1619 2418 2418 1619 1619 409 839 3278 3278 3278 3278 3279 3279 1619 1619 3279 3279 3278 3278 220 220 1619 1619 410 840 2419 2419 410 840 1619 1619 3279 3279 2420 2420 3274 3274 407 837 3274 3274 2420 2420 1620 1620 850 420 1620 1620 2420 2420 1620 1620 850 420 2419 2419 2419 2419 3280 3280 1620 1620 3280 3280 2419 2419 410 840 1620 1620 219 219 3274 3274 219 219 1620 1620 3280 3280 3202 3202 3277 3277 199 199 3277 3277 3202 3202 1621 1621 371 801 1621 1621 3202 3202 1621 1621 371 801 2421 2421 2421 2421 2424 2424 1621 1621 2424 2424 2421 2421 851 421 1621 1621 409 839 3277 3277 409 839 1621 1621 2424 2424 3201 3201 2421 2421 371 801 2421 2421 3201 3201 1622 1622 200 200 1622 1622 3201 3201 1622 1622 200 200 3281 3281 3281 3281 2422 2422 1622 1622 2422 2422 3281 3281 411 841 1622 1622 851 421 2421 2421 851 421 1622 1622 2422 2422 2422 2422 2423 2423 851 421 2423 2423 2422 2422 1623 1623 411 841 1623 1623 2422 2422 1623 1623 411 841 3282 3282 3282 3282 3283 3283 1623 1623 3283 3283 3282 3282 221 221 1623 1623 412 842 2423 2423 412 842 1623 1623 3283 3283 2424 2424 3278 3278 409 839 3278 3278 2424 2424 1624 1624 851 421 1624 1624 2424 2424 1624 1624 851 421 2423 2423 2423 2423 3284 3284 1624 1624 3284 3284 2423 2423 412 842 1624 1624 220 220 3278 3278 220 220 1624 1624 3284 3284 3206 3206 3281 3281 200 200 3281 3281 3206 3206 1625 1625 373 803 1625 1625 3206 3206 1625 1625 373 803 2425 2425 2425 2425 2428 2428 1625 1625 2428 2428 2425 2425 852 422 1625 1625 411 841 3281 3281 411 841 1625 1625 2428 2428 3205 3205 2425 2425 373 803 2425 2425 3205 3205 1626 1626 3285 3285 3205 3205 201 201 3205 3205 3285 3285 1626 1626 3285 3285 2426 2426 1626 1626 2426 2426 3285 3285 413 843 1626 1626 852 422 2425 2425 852 422 1626 1626 2426 2426 2426 2426 2427 2427 852 422 2427 2427 2426 2426 1627 1627 413 843 1627 1627 2426 2426 1627 1627 413 843 3286 3286 3286 3286 3287 3287 1627 1627 3287 3287 3286 3286 222 222 1627 1627 414 844 2427 2427 414 844 1627 1627 3287 3287 2428 2428 3282 3282 411 841 3282 3282 2428 2428 1628 1628 852 422 1628 1628 2428 2428 1628 1628 852 422 2427 2427 2427 2427 3288 3288 1628 1628 3288 3288 2427 2427 414 844 1628 1628 221 221 3282 3282 221 221 1628 1628 3288 3288 1629 1629 201 201 3210 3210 201 201 1629 1629 3285 3285 2429 2429 3210 3210 375 805 3210 3210 2429 2429 1629 1629 2429 2429 853 423 1629 1629 1629 1629 853 423 2432 2432 2432 2432 3285 3285 1629 1629 3285 3285 2432 2432 413 843 1630 1630 375 805 3209 3209 375 805 1630 1630 2429 2429 202 202 1630 1630 3209 3209 1630 1630 202 202 3289 3289 415 845 1630 1630 3289 3289 1630 1630 415 845 2430 2430 2430 2430 2429 2429 1630 1630 2429 2429 2430 2430 853 423 2430 2430 1631 1631 853 423 853 423 1631 1631 2431 2431 3290 3290 2430 2430 415 845 2430 2430 3290 3290 1631 1631 223 223 1631 1631 3290 3290 1631 1631 223 223 3291 3291 1631 1631 3291 3291 2431 2431 2431 2431 3291 3291 416 846 2432 2432 1632 1632 413 843 413 843 1632 1632 3286 3286 853 423 2431 2431 2432 2432 2432 2432 2431 2431 1632 1632 2431 2431 416 846 1632 1632 1632 1632 416 846 3292 3292 1632 1632 3292 3292 3286 3286 3286 3286 3292 3292 222 222 3214 3214 3289 3289 202 202 3289 3289 3214 3214 1633 1633 377 807 1633 1633 3214 3214 1633 1633 377 807 2433 2433 854 424 1633 1633 2433 2433 1633 1633 854 424 2436 2436 2436 2436 3289 3289 1633 1633 3289 3289 2436 2436 415 845 3213 3213 2433 2433 377 807 2433 2433 3213 3213 1634 1634 203 203 1634 1634 3213 3213 1634 1634 203 203 3293 3293 417 847 1634 1634 3293 3293 1634 1634 417 847 2434 2434 2434 2434 2433 2433 1634 1634 2433 2433 2434 2434 854 424 1635 1635 854 424 2434 2434 854 424 1635 1635 2435 2435 417 847 3294 3294 2434 2434 2434 2434 3294 3294 1635 1635 3294 3294 224 224 1635 1635 1635 1635 224 224 3295 3295 1635 1635 3295 3295 2435 2435 2435 2435 3295 3295 418 848 1636 1636 415 845 2436 2436 415 845 1636 1636 3290 3290 2435 2435 2436 2436 854 424 2436 2436 2435 2435 1636 1636 418 848 1636 1636 2435 2435 1636 1636 418 848 3296 3296 3296 3296 3290 3290 1636 1636 3290 3290 3296 3296 223 223 3218 3218 3293 3293 203 203 3293 3293 3218 3218 1637 1637 379 809 1637 1637 3218 3218 1637 1637 379 809 2437 2437 2437 2437 855 425 1637 1637 1637 1637 855 425 2440 2440 2440 2440 3293 3293 1637 1637 3293 3293 2440 2440 417 847 3217 3217 1638 1638 379 809 379 809 1638 1638 2437 2437 204 204 3297 3297 3217 3217 3217 3217 3297 3297 1638 1638 3297 3297 419 849 1638 1638 1638 1638 419 849 2438 2438 1638 1638 2438 2438 2437 2437 2437 2437 2438 2438 855 425 2438 2438 1639 1639 855 425 855 425 1639 1639 2439 2439 419 849 3298 3298 2438 2438 2438 2438 3298 3298 1639 1639 3298 3298 225 225 1639 1639 1639 1639 225 225 3299 3299 1639 1639 3299 3299 2439 2439 2439 2439 3299 3299 420 850 2440 2440 1640 1640 417 847 417 847 1640 1640 3294 3294 855 425 2439 2439 2440 2440 2440 2440 2439 2439 1640 1640 2439 2439 420 850 1640 1640 1640 1640 420 850 3300 3300 1640 1640 3300 3300 3294 3294 3294 3294 3300 3300 224 224 1641 1641 204 204 3222 3222 204 204 1641 1641 3297 3297 381 811 2441 2441 3222 3222 3222 3222 2441 2441 1641 1641 2441 2441 856 426 1641 1641 1641 1641 856 426 2444 2444 2444 2444 3297 3297 1641 1641 3297 3297 2444 2444 419 849 3221 3221 1642 1642 381 811 381 811 1642 1642 2441 2441 205 205 3301 3301 3221 3221 3221 3221 3301 3301 1642 1642 3301 3301 421 851 1642 1642 1642 1642 421 851 2442 2442 1642 1642 2442 2442 2441 2441 2441 2441 2442 2442 856 426 2442 2442 1643 1643 856 426 856 426 1643 1643 2443 2443 421 851 3302 3302 2442 2442 2442 2442 3302 3302 1643 1643 3302 3302 226 226 1643 1643 1643 1643 226 226 3303 3303 1643 1643 3303 3303 2443 2443 2443 2443 3303 3303 422 852 2444 2444 1644 1644 419 849 419 849 1644 1644 3298 3298 856 426 2443 2443 2444 2444 2444 2444 2443 2443 1644 1644 2443 2443 422 852 1644 1644 1644 1644 422 852 3304 3304 1644 1644 3304 3304 3298 3298 3298 3298 3304 3304 225 225 3226 3226 1645 1645 205 205 205 205 1645 1645 3301 3301 383 813 2445 2445 3226 3226 3226 3226 2445 2445 1645 1645 2445 2445 857 427 1645 1645 1645 1645 857 427 2448 2448 1645 1645 2448 2448 3301 3301 3301 3301 2448 2448 421 851 3225 3225 1646 1646 383 813 383 813 1646 1646 2445 2445 206 206 3305 3305 3225 3225 3225 3225 3305 3305 1646 1646 3305 3305 2446 2446 1646 1646 2446 2446 3305 3305 423 853 1646 1646 2446 2446 2445 2445 2445 2445 2446 2446 857 427 2446 2446 2447 2447 857 427 2447 2447 2446 2446 1647 1647 423 853 1647 1647 2446 2446 1647 1647 423 853 3306 3306 3306 3306 3307 3307 1647 1647 3307 3307 3306 3306 227 227 1647 1647 424 854 2447 2447 424 854 1647 1647 3307 3307 2448 2448 1648 1648 421 851 421 851 1648 1648 3302 3302 857 427 2447 2447 2448 2448 2448 2448 2447 2447 1648 1648 2447 2447 424 854 1648 1648 1648 1648 424 854 3308 3308 1648 1648 3308 3308 3302 3302 3302 3302 3308 3308 226 226 3230 3230 3305 3305 206 206 3305 3305 3230 3230 1649 1649 385 815 1649 1649 3230 3230 1649 1649 385 815 2449 2449 2449 2449 2452 2452 1649 1649 2452 2452 2449 2449 858 428 1649 1649 423 853 3305 3305 423 853 1649 1649 2452 2452 3229 3229 2449 2449 385 815 2449 2449 3229 3229 1650 1650 207 207 1650 1650 3229 3229 1650 1650 207 207 3309 3309 3309 3309 2450 2450 1650 1650 2450 2450 3309 3309 425 855 1650 1650 858 428 2449 2449 858 428 1650 1650 2450 2450 2450 2450 2451 2451 858 428 2451 2451 2450 2450 1651 1651 425 855 3310 3310 2450 2450 2450 2450 3310 3310 1651 1651 3310 3310 3311 3311 1651 1651 3311 3311 3310 3310 228 228 1651 1651 426 856 2451 2451 426 856 1651 1651 3311 3311 2452 2452 3306 3306 423 853 3306 3306 2452 2452 1652 1652 858 428 1652 1652 2452 2452 1652 1652 858 428 2451 2451 2451 2451 3312 3312 1652 1652 3312 3312 2451 2451 426 856 1652 1652 227 227 3306 3306 227 227 1652 1652 3312 3312 3234 3234 3309 3309 207 207 3309 3309 3234 3234 1653 1653 387 817 1653 1653 3234 3234 1653 1653 387 817 2453 2453 2453 2453 2456 2456 1653 1653 2456 2456 2453 2453 859 429 1653 1653 425 855 3309 3309 425 855 1653 1653 2456 2456 3233 3233 2453 2453 387 817 2453 2453 3233 3233 1654 1654 208 208 1654 1654 3233 3233 1654 1654 208 208 3313 3313 3313 3313 2454 2454 1654 1654 2454 2454 3313 3313 427 857 1654 1654 859 429 2453 2453 859 429 1654 1654 2454 2454 2454 2454 2455 2455 859 429 2455 2455 2454 2454 1655 1655 427 857 1655 1655 2454 2454 1655 1655 427 857 3314 3314 3314 3314 3315 3315 1655 1655 3315 3315 3314 3314 229 229 1655 1655 428 858 2455 2455 428 858 1655 1655 3315 3315 2456 2456 3310 3310 425 855 3310 3310 2456 2456 1656 1656 859 429 1656 1656 2456 2456 1656 1656 859 429 2455 2455 2455 2455 3316 3316 1656 1656 3316 3316 2455 2455 428 858 1656 1656 228 228 3310 3310 228 228 1656 1656 3316 3316 3238 3238 3313 3313 208 208 3313 3313 3238 3238 1657 1657 389 819 1657 1657 3238 3238 1657 1657 389 819 2457 2457 2460 2460 2457 2457 860 430 2457 2457 2460 2460 1657 1657 427 857 1657 1657 2460 2460 1657 1657 427 857 3313 3313 2457 2457 3237 3237 1658 1658 3237 3237 2457 2457 389 819 1658 1658 209 209 3317 3317 209 209 1658 1658 3237 3237 2458 2458 3317 3317 429 859 3317 3317 2458 2458 1658 1658 860 430 1658 1658 2458 2458 1658 1658 860 430 2457 2457 2459 2459 2458 2458 1659 1659 2458 2458 2459 2459 860 430 1659 1659 429 859 3318 3318 429 859 1659 1659 2458 2458 3319 3319 3318 3318 230 230 3318 3318 3319 3319 1659 1659 430 860 1659 1659 3319 3319 1659 1659 430 860 2459 2459 2460 2460 3314 3314 427 857 3314 3314 2460 2460 1660 1660 1660 1660 860 430 2459 2459 860 430 1660 1660 2460 2460 2459 2459 3320 3320 1660 1660 3320 3320 2459 2459 430 860 1660 1660 229 229 3314 3314 229 229 1660 1660 3320 3320</p>
        </triangles>
      </mesh>
    </geometry>
  </library_geometries>
  <library_visual_scenes>
    <visual_scene id="model" name="model">
      <node name="pPlane2" id="pPlane2" sid="pPlane2">
        <matrix sid="matrix">1.000000 0.000000 0.000000 0.000000 0.000000 1.000000 0.000000 0.000000 0.000000 0.000000 1.000000 0.000000 0.000000 0.000000 0.000000 1.000000</matrix>
        <instance_geometry url="#pPlane2-lib">
          <bind_material>
            <technique_common>
              <instance_material symbol="lambert1" target="#lambert1"/>
            </technique_common>
          </bind_material>
        </instance_geometry>
        <extra>
          <technique profile="FCOLLADA">
            <visibility>1.000000</visibility>
          </technique>
        </extra>
      </node>
      <extra>
        <technique profile="MAX3D">
          <frame_rate>24.000000</frame_rate>
        </technique>
        <technique profile="FCOLLADA">
          <start_time>0.041667</start_time>
          <end_time>8.333333</end_time>
        </technique>
      </extra>
    </visual_scene>
  </library_visual_scenes>
  <scene>
    <instance_visual_scene url="#model"/>
  </scene>
</COLLADA>
