# OBJ

g Layer_1_1
vn 0.458099 -0.761887 -0.457902
v -1.866076 -55.941231 45.175861 0.000000 0.000000 0.000000
vn 0.240887 0.949299 -0.202003
v -12.375149 27.294127 57.902275 0.000000 0.000000 0.000000
vn 0.487138 -0.716185 0.499776
v -1.164654 -54.403091 92.198372 0.000000 0.000000 0.000000
vn 0.489989 -0.667588 0.560568
v -0.697020 -51.500584 95.578766 0.000000 0.000000 0.000000
vn 0.283422 0.386485 -0.877668
v -10.525546 0.210857 25.088123 0.000000 0.000000 0.000000
vn 0.445377 -0.131344 0.885657
v -2.856200 -25.506708 111.242882 0.000000 0.000000 0.000000
vn 0.496606 -0.783650 0.373197
v -0.242405 -57.334286 86.044632 0.000000 0.000000 0.000000
vn 0.241379 0.898720 -0.366112
v -12.128340 24.952454 50.354980 0.000000 0.000000 0.000000
vn 0.380834 -0.305949 0.872560
v -5.404783 -33.864265 110.343239 0.000000 0.000000 0.000000
vn 0.275570 0.218348 -0.936155
v -10.741220 -8.113875 22.208727 0.000000 0.000000 0.000000
vn 0.270990 0.649437 -0.710490
v -10.955500 13.531449 33.914921 0.000000 0.000000 0.000000
vn 0.823887 -0.314591 0.471427
v 8.991797 -25.754393 29.822578 0.000000 0.000000 0.000000
vn 0.786196 -0.292798 0.544210
v 11.710355 -33.891369 96.956596 0.000000 0.000000 0.000000
vn 0.563543 0.770031 -0.299119
v 3.734259 18.125996 53.035717 0.000000 0.000000 0.000000
vn 0.652779 0.143314 -0.743869
v 7.728188 -11.648406 31.740410 0.000000 0.000000 0.000000
vn 0.612359 0.481842 0.626773
v 5.534847 4.723742 98.403336 0.000000 0.000000 0.000000
vn 0.827117 -0.411217 0.383116
v 13.625583 -41.844959 87.604446 0.000000 0.000000 0.000000
vn 0.549049 0.798759 0.246028
v 2.110550 20.432198 79.314423 0.000000 0.000000 0.000000
vn -0.587486 0.735886 0.336650
v -23.351318 -3.863828 112.746643 0.905882 0.905882 0.905882
vn 0.000996 0.800448 -0.599402
v -27.603775 20.327135 39.008705 0.000000 0.000000 0.000000
vn -0.019613 0.614067 -0.789010
v -25.235641 10.730847 29.095741 0.000000 0.000000 0.000000
vn -0.522881 -0.134338 0.841753
v -24.987770 6.445357 106.037270 0.352941 0.352941 0.352941
vn -0.295500 0.877666 0.377336
v -24.969463 13.797769 105.221085 0.000000 0.000000 0.000000
vn -0.562745 0.814519 0.140986
v -23.384289 -4.422462 114.182373 0.396078 0.396078 0.396078
vn -0.166923 0.927852 -0.333509
v -32.278885 26.439577 51.750034 0.000000 0.000000 0.000000
vn -0.432188 0.251443 0.866020
v -25.538517 2.524984 105.874725 1.000000 1.000000 1.000000
vn -0.944775 0.079856 0.317842
v -23.865761 -3.625867 123.934494 0.000000 0.000000 0.000000
vn -0.772050 -0.289599 0.565748
v -23.853844 -5.154217 123.654770 0.000000 0.000000 0.000000
vn -0.083554 0.549600 -0.831239
v -28.902882 8.363181 27.633318 0.000000 0.000000 0.000000
vn -0.453278 -0.368060 0.811832
v -22.420633 -2.913144 126.067009 0.000000 0.000000 0.000000
vn -0.401406 0.529088 0.747622
v -26.594103 12.872211 105.100998 0.000000 0.000000 0.000000
vn 0.244664 0.755513 -0.607734
v -28.873476 20.593044 38.924881 0.125490 0.125490 0.125490
vn -0.876779 -0.061012 0.477007
v -67.123131 -21.677561 91.123367 0.529412 0.584314 0.631373
vn -0.867099 -0.166649 0.469434
v -66.245201 -27.180868 91.432152 0.670588 0.698039 0.725490
vn -0.861774 -0.200398 0.466033
v -66.087296 -28.372160 91.253998 0.627451 0.627451 0.627451
vn -0.738136 0.656955 0.153513
v -70.950333 -3.032207 61.190136 0.921569 0.831373 0.878431
vn -0.695075 -0.207994 0.688193
v -68.384697 -14.886353 88.977013 0.137255 0.129412 0.129412
vn -0.880918 0.002637 0.473261
v -67.502121 -19.233839 90.571190 0.384314 0.380392 0.380392
vn -0.847043 -0.236170 0.476174
v -65.557259 -30.625677 91.183060 0.435294 0.435294 0.435294
vn -0.769272 0.638564 0.021383
v -70.773285 -4.926887 84.391663 0.925490 0.831373 0.882353
vn -0.851757 -0.337860 0.400450
v -65.748741 -35.122650 88.010262 0.000000 0.000000 0.000000
vn -0.854946 -0.387049 0.345341
v -65.688431 -38.405903 85.073921 0.000000 0.000000 0.000000
vn -0.764045 0.514620 -0.389103
v -70.693954 -2.702440 57.641663 0.925490 0.835294 0.882353
vn -0.746565 0.612861 0.258924
v -70.576050 -4.992575 85.679947 0.925490 0.843137 0.886275
vn -0.774738 0.611878 0.159329
v -70.696762 -3.367198 63.424397 0.137255 0.121569 0.129412
vn -0.576164 -0.120684 0.808375
v -68.662331 -12.654503 89.259613 0.807843 0.741176 0.772549
vn -0.662436 -0.081404 0.744682
v -68.870476 -12.535006 89.127304 0.909804 0.831373 0.870588
vn -0.735644 0.653367 0.178714
v -70.735420 -3.144811 62.448395 0.525490 0.474510 0.498039
vn -0.535976 0.049943 0.842755
v -68.684982 -9.510529 89.251396 0.901961 0.839216 0.870588
vn -0.816259 -0.277979 -0.506409
v -70.454292 -5.593857 57.515270 0.670588 0.611765 0.639216
vn 0.899823 -0.377111 -0.219331
v 19.742229 -37.323090 57.644035 0.000000 0.000000 0.000000
vn 0.913933 -0.387902 -0.119412
v 20.192167 -37.730892 60.949772 0.000000 0.000000 0.000000
vn -0.048481 0.958066 -0.282418
v 17.351419 -24.624453 38.775536 0.227451 0.227451 0.227451
vn 0.935036 -0.250110 0.251304
v 19.740826 -34.277733 77.666855 0.000000 0.000000 0.000000
vn -0.180287 0.297892 -0.937420
v 18.043861 -29.353874 33.038795 0.941177 0.941177 0.941177
vn 0.909662 -0.302008 -0.285142
v 19.953588 -33.767200 53.605164 0.000000 0.000000 0.000000
vn 0.834002 0.369073 0.410153
v 16.131136 -0.461151 87.953239 0.000000 0.000000 0.000000
vn 0.133672 -0.864700 0.484176
v 17.827028 -38.473980 44.886913 0.521569 0.521569 0.521569
vn 0.410210 -0.389473 0.824645
v 19.484076 -34.413013 48.130657 0.152941 0.152941 0.152941
vn 0.028265 -0.942533 0.332917
v 19.361618 -39.225513 42.829426 0.921569 0.921569 0.921569
vn -0.344548 0.475225 -0.809597
v 16.879591 -28.623667 33.815296 0.815686 0.815686 0.815686
vn 0.929350 -0.341718 -0.139778
v 18.311928 -33.590000 49.036140 0.000000 0.000000 0.000000
vn -0.204795 0.582222 -0.786814
v 18.038427 -27.464596 34.206524 0.870588 0.870588 0.870588
vn 0.324450 -0.566929 0.757182
v 19.553522 -36.025978 47.151657 0.501961 0.501961 0.501961
vn -0.049371 0.920698 -0.387140
v 18.848980 -25.045427 37.388439 0.756863 0.756863 0.756863
vn 0.763228 0.493167 0.417455
v 12.622230 5.532598 88.300819 0.000000 0.000000 0.000000
vn -0.106345 -0.190613 -0.975888
v 18.481871 -33.585411 32.442471 0.992157 0.992157 0.992157
vn -0.135876 0.871988 -0.470293
v 18.358946 -25.395563 36.749668 0.721569 0.721569 0.721569
vn 0.190721 -0.789119 0.583881
v 19.852301 -37.654243 45.467846 0.807843 0.807843 0.807843
vn -0.132178 0.856163 -0.499514
v 16.546730 -25.077492 37.812180 0.145098 0.145098 0.145098
vn 0.041407 0.859995 0.508620
v -30.655619 -5.572554 110.552307 0.054902 0.054902 0.054902
vn 0.122604 0.399346 0.908566
v -32.430847 0.621499 105.298767 0.717647 0.717647 0.717647
vn 0.022956 -0.661567 -0.749535
v -22.658911 -51.040768 31.054983 0.000000 0.000000 0.000000
vn -0.232635 0.475211 -0.848561
v -35.647346 3.833313 26.168493 0.000000 0.000000 0.000000
vn 0.058208 -0.901047 -0.429799
v -21.171593 -63.017391 47.003147 0.000000 0.000000 0.000000
vn -0.262971 0.637355 -0.724310
v -36.863144 12.085277 32.303413 0.000000 0.000000 0.000000
vn -0.792850 0.512663 -0.329493
v -36.866348 21.712879 39.192448 0.992157 0.992157 0.992157
vn -0.011986 -0.897724 -0.440395
v -24.844543 -62.759136 46.185158 0.000000 0.000000 0.000000
vn -0.088837 0.707376 -0.701232
v -37.302979 29.559046 71.237671 0.592157 0.592157 0.592157
vn -0.662340 0.748096 0.040718
v -36.628513 22.096613 42.099426 0.596078 0.596078 0.596078
vn -0.199802 0.968456 -0.148906
v -34.053741 28.303204 60.298504 0.000000 0.000000 0.000000
vn -0.090034 -0.807747 -0.582614
v -28.477461 -58.667576 39.663822 0.000000 0.000000 0.000000
vn -0.490728 0.286365 -0.822910
v -36.128811 18.060276 37.252373 0.172549 0.172549 0.172549
vn -0.176919 0.924304 0.338175
v -35.619904 26.692116 81.080063 0.000000 0.000000 0.000000
vn -0.207607 0.917712 0.338680
v -34.684765 26.120308 83.423370 0.000000 0.000000 0.000000
vn -0.525197 0.036036 -0.850218
v -36.019089 19.854450 37.277996 0.745098 0.745098 0.745098
vn -0.013299 0.658565 0.752406
v -30.498713 -3.202349 107.703056 0.850980 0.850980 0.850980
vn 0.074867 0.682318 0.727212
v -31.965424 -3.242342 107.814766 0.509804 0.509804 0.509804
vn -0.015236 0.727755 0.685668
v -30.495802 -3.718126 108.195663 0.654902 0.654902 0.654902
vn 0.250189 0.918521 -0.306144
v -36.455833 31.258471 73.639740 0.992157 0.992157 0.992157
vn -0.815440 0.578378 0.023168
v -36.865337 22.039953 40.592262 0.854902 0.854902 0.854902
vn -0.231631 0.560464 -0.795127
v -36.381866 8.245865 29.144388 0.000000 0.000000 0.000000
vn 0.079775 0.334085 0.939161
v -31.849142 1.290519 104.961418 0.772549 0.772549 0.772549
vn 0.628903 -0.557659 0.541754
v 5.907135 -46.680733 94.279060 0.000000 0.000000 0.000000
vn 0.509845 0.069747 -0.857434
v 1.070384 -15.668438 26.264902 0.000000 0.000000 0.000000
vn 0.501536 0.052082 0.863568
v 0.450338 -16.328371 109.850266 0.000000 0.000000 0.000000
vn 0.627787 -0.560124 -0.540504
v 6.103180 -46.386162 41.211880 0.000000 0.000000 0.000000
vn 0.615453 -0.171907 0.769198
v 4.816962 -27.416765 106.105698 0.000000 0.000000 0.000000
vn 0.399317 0.751871 0.524629
v -5.014770 17.627913 93.757637 0.000000 0.000000 0.000000
vn 0.423918 0.274226 -0.863188
v -3.739443 -6.193753 25.454876 0.000000 0.000000 0.000000
vn 0.584156 -0.342439 -0.735865
v 4.127779 -31.650877 30.161684 0.000000 0.000000 0.000000
vn 0.612904 -0.787593 -0.063617
v 5.285984 -57.688225 64.508919 0.000000 0.000000 0.000000
vn 0.099146 -0.741515 -0.663570
v 3.108493 -29.222631 27.541218 0.000000 0.000000 0.000000
vn -0.522737 0.563680 -0.639540
v 2.262104 -22.258802 24.982580 0.000000 0.000000 0.000000
vn -0.517241 -0.487431 -0.703472
v 1.626434 -26.606583 25.232870 0.000000 0.000000 0.000000
vn 0.659210 -0.612411 -0.436342
v 8.200547 -48.556404 46.564384 0.000000 0.000000 0.000000
vn 0.894896 0.213946 0.391647
v 26.509333 -30.505695 43.105007 0.996078 0.996078 0.996078
vn 0.802728 0.589051 0.092994
v 25.707520 -27.557304 41.181366 0.996078 0.996078 0.996078
vn 0.908473 -0.280028 0.310261
v 26.721922 -34.294300 42.368088 1.000000 1.000000 1.000000
vn 0.876918 -0.472002 0.090709
v 26.623232 -35.405575 40.823635 1.000000 1.000000 1.000000
vn 0.095942 0.956200 0.276544
v -19.425413 27.685526 81.395409 0.000000 0.000000 0.000000
vn 0.010584 0.997555 -0.069086
v -23.996391 29.734686 64.121590 0.000000 0.000000 0.000000
vn 0.350277 -0.255282 0.901187
v -15.931353 0.051512 126.933411 0.000000 0.000000 0.000000
vn 0.395092 -0.918632 0.004151
v -4.856323 -63.765537 67.673813 0.000000 0.000000 0.000000
vn 0.405582 -0.804377 0.434144
v -15.321237 -6.909394 121.077347 0.000000 0.000000 0.000000
vn 0.341217 -0.154568 0.927189
v -8.479136 -27.031712 113.336769 0.000000 0.000000 0.000000
vn 0.386939 -0.889195 0.244153
v -6.116445 -62.831902 79.267189 0.000000 0.000000 0.000000
vn -0.040352 0.986485 0.158805
v -19.490355 16.261112 117.142555 0.000000 0.000000 0.000000
vn 0.396991 -0.904739 0.154421
v -4.886711 -63.118126 75.450684 0.000000 0.000000 0.000000
vn 0.090473 0.924089 0.371313
v -19.568943 26.189730 85.793633 0.000000 0.000000 0.000000
vn -0.740389 0.203590 -0.640605
v -31.332365 -47.308937 115.961670 0.450980 0.450980 0.450980
vn -0.712346 0.631798 0.305604
v -32.870438 -41.218559 120.057274 0.000000 0.000000 0.000000
vn 0.149762 -0.853485 0.499133
v -31.017733 -59.839649 116.162041 0.000000 0.000000 0.000000
vn -0.580825 -0.805315 0.118787
v -33.644367 -35.218376 107.882080 0.458824 0.458824 0.458824
vn -0.736209 0.110952 -0.667597
v -31.662910 -46.204559 116.613243 0.211765 0.211765 0.211765
vn -0.781790 0.461639 -0.419158
v -31.009594 -50.503414 113.691917 0.996078 0.996078 0.996078
vn -0.724911 0.422401 -0.544134
v -31.129095 -49.989571 114.313065 0.862745 0.862745 0.862745
vn -0.369471 0.807360 -0.460066
v -42.664955 20.118391 45.046940 0.000000 0.000000 0.000000
vn -0.034744 0.408343 0.912167
v -41.141964 3.967181 107.178024 0.000000 0.000000 0.000000
vn -0.407288 0.898694 -0.162686
v -43.860401 24.931675 59.130905 0.000000 0.000000 0.000000
vn -0.343137 0.038611 -0.938491
v -41.200863 -17.145802 22.036898 0.000000 0.000000 0.000000
vn -0.442199 0.762680 0.471994
v -45.603828 18.693209 90.464981 0.000000 0.000000 0.000000
vn -0.736526 0.336185 -0.586949
v -31.282448 -49.346535 114.975212 0.694118 0.694118 0.694118
vn -0.157183 -0.859494 -0.486378
v -32.268635 -60.439735 43.337570 0.000000 0.000000 0.000000
vn 0.288367 0.437355 0.851801
v -40.324085 1.682328 108.164307 0.000000 0.000000 0.000000
vn -0.132455 0.212508 0.968140
v -32.337337 -46.312096 123.115112 0.003922 0.003922 0.003922
vn -0.432280 0.831821 -0.348149
v -45.782486 21.467558 50.855698 0.000000 0.000000 0.000000
vn -0.346086 0.768608 0.538020
v -41.998188 18.243557 94.080284 0.000000 0.000000 0.000000
vn 0.218394 -0.962814 0.159038
v -29.820263 -58.333130 98.310677 0.000000 0.000000 0.000000
vn -0.726635 0.676441 0.120125
v -31.135897 -52.234943 108.290588 1.000000 1.000000 1.000000
vn -0.500900 0.545472 0.671982
v -48.545845 7.848611 100.613953 0.345098 0.345098 0.345098
vn -0.470189 0.488155 0.735273
v -47.510361 4.897636 103.525475 0.325490 0.325490 0.325490
vn -0.546015 0.632901 0.548912
v -51.053108 10.914904 95.663239 0.047059 0.047059 0.047059
vn -0.512977 0.557517 0.652709
v -49.164959 8.369443 99.712616 0.356863 0.356863 0.356863
vn 0.188129 -0.682554 0.706206
v -42.370571 -37.092396 99.998047 0.121569 0.121569 0.121569
vn -0.170971 0.310571 0.935048
v -39.485146 -48.387054 97.082115 0.121569 0.121569 0.121569
vn -0.247030 -0.855214 -0.455616
v -35.879307 -60.862709 45.569084 0.000000 0.000000 0.000000
vn -0.496191 0.534187 0.684426
v -48.594067 7.004456 101.251984 0.423529 0.423529 0.423529
vn 0.012361 -0.555615 0.831348
v -40.964741 -38.904358 98.537216 0.823529 0.823529 0.823529
vn -0.024272 -0.169367 0.985254
v -40.522079 -43.525772 96.666107 0.682353 0.682353 0.682353
vn 0.003285 -0.668825 0.743413
v -40.588543 -37.093845 99.896149 0.631373 0.631373 0.631373
vn -0.513407 0.543569 -0.664037
v -49.673584 7.609811 35.680202 0.000000 0.000000 0.000000
vn -0.459571 0.595404 0.659006
v -48.239174 8.875272 99.994743 0.152941 0.152941 0.152941
vn -0.499977 0.724781 -0.474041
v -49.131390 16.359564 45.051945 0.000000 0.000000 0.000000
vn 0.106698 -0.731901 0.673006
v -41.678421 -36.319233 100.696709 0.152941 0.152941 0.152941
vn -0.499736 0.417017 0.759184
v -47.953197 0.450540 105.849731 0.329412 0.329412 0.329412
vn -0.657595 0.536473 0.528928
v -56.557404 6.882173 93.767548 0.537255 0.572549 0.600000
vn -0.660050 0.558856 0.502010
v -56.354801 8.099912 92.778473 0.349020 0.349020 0.349020
vn -0.707834 0.565082 0.423855
v -58.394890 7.842496 90.326157 0.000000 0.000000 0.000000
vn -0.604119 0.299758 0.738367
v -53.905521 -4.405010 103.808067 0.305882 0.545098 0.741176
vn -0.283575 -0.471486 0.835037
v -47.698910 -49.310066 97.438576 0.000000 0.000000 0.000000
vn -0.066482 0.235284 -0.969650
v -49.956558 -40.205006 29.080126 0.760784 0.760784 0.760784
vn -0.036622 -0.986464 -0.159834
v -49.507725 -45.431129 32.426090 0.996078 0.996078 0.996078
vn -0.019817 -0.950949 -0.308712
v -48.261856 -45.569195 33.262192 0.505882 0.505882 0.505882
vn -0.634435 0.511886 0.579193
v -55.652874 5.443032 96.197495 0.121569 0.443137 0.698039
vn -0.642790 -0.724826 -0.247888
v -54.904926 -55.048923 55.707993 0.000000 0.000000 0.000000
vn -0.630918 -0.658823 -0.409749
v -55.300831 -50.725029 47.439133 0.000000 0.000000 0.000000
vn -0.620882 -0.512613 0.593072
v -53.962822 -43.543747 97.866188 0.000000 0.000000 0.000000
vn -0.684996 -0.237205 0.688850
v -57.816864 -30.081367 101.545021 0.611765 0.662745 0.698039
vn -0.574375 -0.802653 -0.160752
v -53.911190 -57.743134 64.713806 0.000000 0.000000 0.000000
vn -0.777890 0.331803 0.533661
v -62.413765 -2.885039 93.732765 0.301961 0.388235 0.462745
vn -0.734802 0.061164 0.675519
v -60.041500 -15.712805 100.932053 0.231373 0.494118 0.701961
vn -0.764631 0.256319 0.591303
v -62.084591 -6.877070 96.285934 0.235294 0.227451 0.219608
vn -0.540007 -0.794541 0.277663
v -54.008209 -57.044010 75.660828 0.000000 0.000000 0.000000
vn -0.674611 -0.288350 0.679525
v -57.261555 -33.030182 100.989464 0.294118 0.294118 0.294118
vn -0.675261 -0.669238 -0.310070
v -57.694729 -51.116920 52.319908 0.000000 0.000000 0.000000
vn -0.793582 0.571189 0.209692
v -63.067806 8.927816 78.050385 0.000000 0.000000 0.000000
vn -0.847927 0.465436 0.253750
v -65.713989 3.857458 80.102722 0.000000 0.000000 0.000000
vn -0.654680 -0.705654 0.271011
v -55.817616 -55.385124 76.138336 0.000000 0.000000 0.000000
vn -0.033203 -0.892182 0.450454
v -53.429943 -58.790485 73.166916 0.039216 0.039216 0.039216
vn -0.745905 0.092409 0.659610
v -60.663086 -14.500499 100.097977 0.364706 0.533333 0.666667
vn -0.694972 -0.251291 0.673696
v -57.438938 -31.444424 101.442230 0.517647 0.513726 0.513726
vn -0.790789 0.063111 -0.608826
v -63.551003 -15.398150 38.974537 0.000000 0.000000 0.000000
vn 0.622270 0.773414 0.120871
v 24.431911 -26.269070 40.930756 0.984314 0.984314 0.984314
vn 0.480449 -0.876945 0.011642
v 23.359835 -38.974987 39.859421 1.000000 1.000000 1.000000
vn -0.588664 0.177123 0.788734
v -53.306591 -8.748291 105.774094 0.003922 0.003922 0.003922
vn -0.068357 -0.935363 0.347021
v -27.608786 -64.701118 84.711227 0.000000 0.000000 0.000000
vn -0.847487 -0.521474 0.099148
v -65.817551 -44.259602 72.775497 0.000000 0.000000 0.000000
vn -0.868985 -0.281047 0.407280
v -73.236374 -12.291437 66.195358 0.894118 0.831373 0.858824
vn -0.005813 0.989206 -0.146414
v 19.971863 -24.661663 38.782738 0.780392 0.780392 0.780392
vn 0.957997 -0.023481 -0.285816
v 22.361156 -19.947220 53.625328 0.000000 0.000000 0.000000
vn -0.773823 0.479232 0.414167
v -61.780811 3.724288 89.429298 0.000000 0.000000 0.000000
vn -0.824913 -0.172361 0.538340
v -64.503845 -27.227112 94.274948 0.325490 0.568627 0.764706
vn 0.710863 -0.590650 0.381847
v 9.981110 -47.867210 86.944656 0.000000 0.000000 0.000000
vn 0.875014 0.446937 0.186004
v 18.393192 3.090388 76.337364 0.000000 0.000000 0.000000
vn -0.832816 -0.350830 0.428177
v -73.424026 -12.406906 65.714287 0.929412 0.854902 0.890196
vn -0.422713 -0.006289 -0.906242
v -45.152889 -19.152403 23.656065 0.000000 0.000000 0.000000
vn -0.088112 -0.111686 0.989830
v -39.185558 -44.217331 96.670784 0.992157 0.992157 0.992157
vn 0.740669 -0.665104 -0.095112
v 11.716393 -51.615040 63.319363 0.000000 0.000000 0.000000
vn -0.689860 0.384487 0.613403
v -40.771629 27.094069 78.115715 0.725490 0.725490 0.725490
vn -0.184072 -0.981191 -0.058153
v 16.552769 -39.350193 40.419765 0.760784 0.760784 0.760784
vn -0.890926 -0.451346 -0.050376
v -29.697395 -39.814632 110.292435 0.996078 0.996078 0.996078
vn 0.875653 0.296767 0.381001
v 18.052980 -3.781678 86.652985 0.000000 0.000000 0.000000
vn -0.847293 -0.294358 -0.442094
v -30.074905 -41.287468 113.535118 0.650980 0.650980 0.650980
vn -0.991339 0.087438 0.097991
v -31.477224 -38.195927 115.057373 0.000000 0.000000 0.000000
vn -0.658173 -0.253151 0.709030
v -56.391190 -31.488461 102.430489 0.352941 0.352941 0.352941
vn 0.679919 0.076648 -0.729270
v 6.594370 -19.368608 30.007053 0.000000 0.000000 0.000000
vn -0.786524 0.264401 0.558097
v -59.118973 -56.120312 72.030022 0.541176 0.541176 0.541176
vn 0.790804 -0.146886 0.594184
v 13.311572 -25.505859 98.032013 0.000000 0.000000 0.000000
vn -0.724808 0.485930 0.488391
v -59.651611 4.853438 91.603516 0.368627 0.364706 0.364706
vn 0.820081 0.567343 -0.074763
v 15.985450 8.367680 64.414940 0.000000 0.000000 0.000000
vn -0.796870 -0.384046 -0.466376
v -71.352295 -5.960381 59.302734 0.913726 0.839216 0.874510
vn 0.848266 0.199709 -0.490470
v 16.871147 -8.821351 43.639603 0.000000 0.000000 0.000000
vn -0.278590 0.332629 0.900969
v -39.157887 28.595388 78.656410 0.980392 0.980392 0.980392
vn 0.992003 -0.072737 0.103146
v 23.779715 -18.446476 69.949196 0.000000 0.000000 0.000000
vn -0.012656 -0.363292 0.931589
v -40.591770 -41.340130 97.285210 0.800000 0.800000 0.800000
vn -0.817638 -0.488372 -0.304895
v -64.012375 -43.107018 52.748020 0.000000 0.000000 0.000000
vn -0.725230 -0.637793 0.259347
v -32.103722 -36.539967 107.229195 1.000000 1.000000 1.000000
vn -0.810787 0.193196 -0.552540
v -52.913391 -40.616791 30.838219 0.992157 0.992157 0.992157
vn -0.779091 0.110874 0.617028
v -62.494015 -13.536850 97.750252 0.392157 0.494118 0.580392
vn -0.622402 0.432321 -0.652468
v -32.672512 -50.111916 116.120636 0.094118 0.094118 0.094118
vn -0.492194 0.692288 -0.527714
v -48.331131 14.357000 41.479393 0.000000 0.000000 0.000000
vn -0.626375 -0.764464 0.152476
v -59.295940 -60.946060 70.652390 1.000000 1.000000 1.000000
vn -0.688015 -0.080011 0.721272
v -68.086563 -12.992841 89.667274 0.192157 0.176471 0.180392
vn -0.804004 -0.360786 -0.472664
v -63.574249 -36.570240 44.711010 0.000000 0.000000 0.000000
vn -0.750294 0.239181 0.616321
v -61.269634 -8.025697 97.774048 0.227451 0.223529 0.215686
vn -0.905015 -0.389020 0.172081
v -29.260263 -40.981312 106.817268 1.000000 1.000000 1.000000
vn -0.880402 -0.004690 0.474204
v -68.429970 -16.021652 88.587944 0.094118 0.058824 0.000000
vn -0.588632 0.301936 0.749898
v -52.706062 -4.534529 104.806877 0.572549 0.639216 0.698039
vn 0.936647 -0.348185 0.038200
v 20.208519 -38.294727 66.252975 0.000000 0.000000 0.000000
vn -0.301446 -0.838310 0.454275
v -39.070480 -60.156483 89.570869 0.000000 0.000000 0.000000
vn -0.551236 0.671107 0.495736
v -41.067120 26.363586 78.397552 0.407843 0.407843 0.407843
vn -0.057541 -0.301132 -0.951845
v -27.152115 -33.855019 21.392954 0.000000 0.000000 0.000000
vn -0.810068 0.583421 -0.058399
v -70.285294 -5.205966 79.804016 0.113725 0.113725 0.109804
vn -0.813072 0.489861 -0.314562
v -20.590237 -0.745599 119.223579 0.803922 0.803922 0.803922
vn -0.871764 0.486968 -0.053749
v -38.189251 -57.751572 108.766380 0.000000 0.000000 0.000000
vn -0.257477 -0.944218 -0.205326
v 14.122015 -38.751266 40.195023 0.113725 0.113725 0.113725
vn -0.854350 -0.059509 0.516280
v -66.026314 -21.937344 93.022583 0.250980 0.509804 0.729412
vn -0.870518 -0.135274 0.473181
v -66.643204 -25.741056 91.173866 0.635294 0.690196 0.737255
vn 0.479050 0.215589 0.850901
v -0.486274 -7.736359 108.976555 0.000000 0.000000 0.000000
vn -0.891891 0.081023 -0.444934
v -19.763233 4.349497 121.289757 0.572549 0.572549 0.572549
vn 0.907062 -0.249416 0.339161
v 17.537848 -35.912807 82.914070 0.000000 0.000000 0.000000
vn -0.278180 -0.300725 0.912239
v -36.857079 -29.589891 113.690079 0.000000 0.000000 0.000000
vn -0.701764 -0.354906 0.617712
v -59.080685 -35.355621 97.943840 0.058824 0.058824 0.058824
vn -0.570621 0.518098 0.637154
v -52.712696 6.025749 98.651573 0.419608 0.627451 0.792157
vn 0.737705 -0.407644 0.538162
v 10.525610 -39.789253 94.719383 0.000000 0.000000 0.000000
vn 0.472660 0.825824 -0.307584
v -1.535894 21.454760 52.649094 0.000000 0.000000 0.000000
vn 0.956269 -0.127768 -0.263108
v 22.299063 -25.363026 54.836430 0.000000 0.000000 0.000000
vn 0.903288 0.162157 -0.397210
v 19.847977 -11.238880 48.483051 0.000000 0.000000 0.000000
vn -0.693719 0.716945 -0.068874
v -58.315056 15.822700 63.714878 0.000000 0.000000 0.000000
vn 0.643032 0.394731 -0.656275
v 7.149434 0.323592 35.860390 0.000000 0.000000 0.000000
vn -0.829067 0.277524 -0.485416
v -20.717285 2.184309 122.252823 0.109804 0.109804 0.109804
vn -0.887570 -0.067273 0.455735
v -67.553261 -21.963156 90.273392 0.517647 0.517647 0.513726
vn -0.889798 0.260345 -0.374805
v -59.446537 -56.422554 69.167259 0.501961 0.501961 0.501961
vn -0.765024 0.303212 0.568155
v -61.691483 -4.385216 95.608376 0.168627 0.407843 0.603922
vn 0.348029 -0.811326 0.469708
v -7.078909 -58.587284 90.663971 0.000000 0.000000 0.000000
vn 0.998887 -0.036919 0.029370
v 24.149588 -17.252371 66.515762 0.000000 0.000000 0.000000
vn -0.546722 0.806980 -0.223333
v -51.005501 20.477060 57.102180 0.000000 0.000000 0.000000
vn -0.803804 -0.349416 0.481465
v -63.826160 -34.670280 91.818504 0.043137 0.043137 0.043137
vn -0.930460 0.358087 0.077582
v -69.820885 -1.628926 71.292633 0.000000 0.000000 0.000000
vn 0.081420 -0.869272 0.487583
v -43.360798 -34.915001 102.689896 0.000000 0.000000 0.000000
vn -0.699366 0.713110 0.048605
v -72.199104 -6.551751 72.204887 0.917647 0.827451 0.874510
vn -0.447220 0.180431 0.876036
v -67.326691 -6.926516 89.591217 0.549020 0.521569 0.537255
vn -0.827029 0.366318 -0.426421
v -72.442268 -11.082645 61.979698 0.200000 0.180392 0.188235
vn -0.640425 0.591870 -0.489434
v -55.859768 9.237909 43.428822 0.000000 0.000000 0.000000
vn 0.216881 -0.910250 0.352714
v -45.655121 -33.725693 107.039764 0.000000 0.000000 0.000000
vn -0.910306 -0.286270 0.298986
v -73.031090 -17.703175 62.641060 0.121569 0.101961 0.094118
vn 0.708457 0.494355 -0.503688
v 10.292263 5.104836 43.227116 0.000000 0.000000 0.000000
vn -0.560738 0.364346 0.743522
v -51.419128 -1.539782 104.485680 0.486275 0.639216 0.772549
vn -0.721199 0.595100 -0.354582
v -21.884178 -2.226239 119.838844 0.290196 0.290196 0.290196
vn 0.423437 0.444840 0.789188
v -38.605606 -0.036819 108.280823 0.000000 0.000000 0.000000
vn -0.823869 -0.190201 0.533913
v -64.426407 -28.664892 93.892754 0.611765 0.749020 0.862745
vn -0.793789 -0.355450 0.493512
v -73.494789 -13.913660 64.345726 0.925490 0.843137 0.886275
vn -0.772189 0.409471 0.485857
v -61.858780 1.037343 91.723991 0.329412 0.333333 0.333333
vn 0.422002 0.905765 0.038790
v -3.126804 24.963083 70.073059 0.000000 0.000000 0.000000
vn -0.766033 0.590472 -0.254039
v -21.146158 -1.848255 118.685638 0.709804 0.709804 0.709804
vn -0.834347 -0.418092 -0.359255
v -64.884315 -39.538067 50.014771 0.000000 0.000000 0.000000
vn -0.607946 0.440165 0.660800
v -65.284348 -2.498439 88.925438 0.388235 0.352941 0.372549
vn -0.642105 -0.735350 -0.216706
v 2.964933 -27.884281 25.125113 0.000000 0.000000 0.000000
vn 0.833554 0.220393 0.506572
v -20.448715 -42.681625 113.463257 0.000000 0.000000 0.000000
vn 0.895568 -0.244052 0.372016
v -20.598400 -50.950802 114.892563 0.000000 0.000000 0.000000
vn -0.504562 -0.358625 -0.785369
v 14.590301 -34.750103 34.674789 0.717647 0.717647 0.717647
vn -0.563971 0.521016 0.640687
v -51.650082 6.479572 99.235222 0.658824 0.745098 0.811765
vn -0.821870 -0.548164 0.155066
v -30.964066 -37.596935 108.365013 1.000000 1.000000 1.000000
vn -0.961066 0.276312 -0.001839
v -59.521782 -55.806564 70.445618 0.427451 0.427451 0.427451
vn -0.592635 0.321122 0.738692
v -53.448666 -3.456119 103.780785 0.243137 0.505882 0.725490
vn -0.955791 0.132022 -0.262741
v -73.417480 -6.805032 63.728924 0.925490 0.835294 0.882353
vn -0.443814 -0.759236 0.476014
v -46.491390 -55.915237 90.829048 0.000000 0.000000 0.000000
vn -0.835553 -0.548369 -0.033793
v -64.936012 -46.022533 66.084137 0.000000 0.000000 0.000000
vn 0.925920 0.192234 0.325143
v 20.279991 -7.685898 83.771660 0.000000 0.000000 0.000000
vn -0.777569 -0.608852 -0.157118
v -62.549080 -48.287083 59.627254 0.000000 0.000000 0.000000
vn -0.740326 -0.031463 0.671512
v -59.449238 -19.355707 101.758339 0.000000 0.352941 0.647059
vn 0.495033 0.747121 0.443568
v -0.434921 17.428135 89.942291 0.000000 0.000000 0.000000
vn 0.445429 0.716621 -0.536701
v -2.222487 15.993937 41.886009 0.000000 0.000000 0.000000
vn -0.832318 -0.445786 0.329425
v -69.683472 -15.686133 86.811043 0.925490 0.843137 0.878431
vn 0.506680 0.382405 -0.772684
v 0.262269 -0.187333 30.084192 0.000000 0.000000 0.000000
vn -0.512713 0.399151 0.760134
v -49.443375 0.640851 104.793060 0.635294 0.639216 0.639216
vn -0.734957 0.263372 -0.624879
v -31.283184 -48.056213 115.642441 0.560784 0.560784 0.560784
vn 0.862592 0.504024 -0.043521
v 17.512775 6.112608 65.750328 0.000000 0.000000 0.000000
vn -0.607539 -0.779093 0.154632
v -33.302773 -35.501354 107.712868 0.611765 0.611765 0.611765
vn -0.813775 -0.185034 0.550938
v -63.870693 -27.980328 94.961525 0.321569 0.568627 0.764706
vn 0.348702 -0.189156 -0.917947
v -1.148919 -25.686478 25.292280 0.000000 0.000000 0.000000
vn -0.684255 0.346231 -0.641810
v -52.329807 -39.905079 30.452040 0.866667 0.866667 0.866667
vn -0.692310 0.718464 0.067205
v -71.914352 -6.284619 72.374626 0.850980 0.768628 0.811765
vn -0.948224 -0.078880 -0.307650
v -70.548424 -23.310387 52.711338 0.000000 0.000000 0.000000
vn -0.855559 -0.457281 0.242721
v -70.087952 -15.540422 85.717323 0.749020 0.674510 0.709804
vn -0.676401 0.697088 0.237803
v -72.017044 -5.444302 65.286865 0.921569 0.831373 0.878431
vn -0.950185 0.207669 -0.232426
v -72.013000 -10.002308 61.979950 0.043137 0.039216 0.039216
vn -0.702348 0.710945 0.035553
v -71.329826 -6.352034 78.983223 0.917647 0.831373 0.878431
vn -0.710903 0.702178 0.039534
v -72.078903 -6.310694 68.870155 0.901961 0.815686 0.862745
vn -0.959104 0.077027 -0.272373
v -72.311691 -5.442953 60.512840 0.925490 0.831373 0.878431
vn -0.718619 0.675288 0.166051
v -72.249413 -6.149848 66.700737 0.874510 0.796079 0.835294
vn -0.899586 -0.353392 0.256630
v -70.087311 -15.811006 85.187759 0.149020 0.133333 0.141176
vn 0.830575 0.468325 0.301359
v -9.943817 9.878910 119.134232 0.000000 0.000000 0.000000
vn 0.482280 -0.622284 -0.616578
v -0.771694 -49.485992 37.869267 0.000000 0.000000 0.000000
vn 0.512019 -0.835467 -0.199578
v 0.158683 -60.080147 58.038406 0.000000 0.000000 0.000000
vn 0.443130 -0.262067 0.857296
v -3.012183 -31.807718 109.857346 0.000000 0.000000 0.000000
vn 0.948094 0.006129 0.317930
v -8.516245 4.113673 119.577095 0.000000 0.000000 0.000000
vn 0.257906 0.487270 -0.834297
v -11.905002 4.854812 27.073475 0.000000 0.000000 0.000000
vn 0.419752 -0.008258 0.907601
v -4.494185 -18.833164 112.462952 0.000000 0.000000 0.000000
vn 0.723042 0.201827 0.660663
v -7.147068 -0.894101 110.484886 0.000000 0.000000 0.000000
vn 0.527591 -0.846483 -0.071514
v 1.144676 -60.531498 64.858864 0.000000 0.000000 0.000000
vn 0.236046 0.966694 -0.098921
v -12.254058 28.114075 62.952698 0.000000 0.000000 0.000000
vn 0.718580 0.411027 0.560981
v -7.635006 3.395779 108.945206 0.000000 0.000000 0.000000
vn 0.289069 0.677670 0.676167
v -12.783417 12.678755 103.223816 0.000000 0.000000 0.000000
vn 0.405147 0.540723 -0.737207
v -5.163723 8.653649 32.443272 0.000000 0.000000 0.000000
vn 0.573544 -0.513628 -0.638148
v 3.744858 -44.149132 36.784927 0.000000 0.000000 0.000000
vn 0.319873 0.909724 0.264732
v -8.354935 25.280380 80.869377 0.000000 0.000000 0.000000
vn 0.483929 -0.038216 0.874272
v -0.268332 -20.575500 110.327103 0.000000 0.000000 0.000000
vn 0.320531 0.759269 0.566366
v -8.503213 17.990446 95.570122 0.000000 0.000000 0.000000
vn 0.552740 -0.591077 0.587458
v 2.768336 -47.626858 96.635391 0.000000 0.000000 0.000000
vn -0.271049 -0.935096 -0.228317
v 15.849026 -38.981834 39.153988 0.729412 0.729412 0.729412
vn -0.250675 -0.930076 -0.268554
v 16.366220 -39.019531 38.723122 0.831373 0.831373 0.831373
vn 0.676130 -0.736775 -0.003224
v 15.769807 -37.557556 47.089523 0.000000 0.000000 0.000000
vn 0.063892 -0.942671 0.327552
v 16.312370 -38.662590 44.737007 0.082353 0.082353 0.082353
vn -0.359416 -0.827603 -0.431154
v 16.051121 -38.282574 37.115875 0.862745 0.862745 0.862745
vn -0.010508 -0.976243 0.216422
v 16.256611 -39.049740 43.569740 0.305882 0.305882 0.305882
vn 0.657989 0.630308 0.412023
v 8.072927 11.482835 88.050522 0.000000 0.000000 0.000000
vn -0.315793 0.568193 -0.759889
v 14.948548 -27.358034 35.550991 0.101961 0.101961 0.101961
vn -0.396288 0.404129 -0.824400
v 14.666464 -28.878975 34.738235 0.329412 0.329412 0.329412
vn 0.898306 -0.344397 0.272831
v 17.706656 -39.622944 79.059547 0.000000 0.000000 0.000000
vn 0.745576 0.659444 -0.096179
v -11.321000 12.471742 113.918259 0.000000 0.000000 0.000000
vn 0.193568 0.924671 -0.327894
v -14.944694 26.364882 52.333294 0.000000 0.000000 0.000000
vn 0.205242 0.830362 0.518050
v -14.239947 21.459835 93.286446 0.000000 0.000000 0.000000
vn 0.521184 -0.709960 -0.473629
v 0.700310 -53.943954 44.666569 0.000000 0.000000 0.000000
vn 0.934402 -0.186523 0.303482
v -8.711065 0.741667 119.427895 0.000000 0.000000 0.000000
vn 0.400438 -0.083907 0.912474
v -4.276987 -23.402655 112.169685 0.000000 0.000000 0.000000
vn 0.349228 0.175917 -0.920376
v -7.790956 -10.475037 22.682524 0.000000 0.000000 0.000000
vn 0.787299 0.605358 0.117056
v -10.568219 11.542267 116.906693 0.000000 0.000000 0.000000
vn 0.807995 0.332043 0.486715
v -10.573165 8.544787 121.940361 0.000000 0.000000 0.000000
vn 0.465240 -0.364318 0.806737
v -1.212962 -36.260265 107.260429 0.000000 0.000000 0.000000
vn 0.468852 -0.883158 -0.014523
v -1.584864 -62.162102 66.397926 0.000000 0.000000 0.000000
vn 0.511263 -0.801247 0.310826
v 0.253198 -58.362461 82.972244 0.000000 0.000000 0.000000
vn 0.880232 0.208020 0.426521
v -9.309359 5.919917 121.201393 0.000000 0.000000 0.000000
vn 0.465452 -0.772018 0.432830
v -1.638021 -56.605244 89.155746 0.000000 0.000000 0.000000
vn 0.237978 0.711630 0.661021
v -12.761768 15.564341 100.381592 0.000000 0.000000 0.000000
vn 0.704993 0.679316 0.203749
v -10.083718 8.754688 106.268021 0.000000 0.000000 0.000000
vn 0.468554 -0.861879 0.193961
v -1.386666 -60.962357 77.706360 0.000000 0.000000 0.000000
vn 0.287692 0.103373 -0.952128
v -10.371489 -13.849288 21.312183 0.000000 0.000000 0.000000
vn 0.687797 -0.002764 0.725898
v -8.387336 -4.410532 112.281593 0.000000 0.000000 0.000000
vn 0.195604 0.736436 -0.647612
v -15.042729 17.048365 36.212673 0.000000 0.000000 0.000000
vn 0.424103 -0.879831 -0.214553
v -3.737883 -61.983585 57.319332 0.000000 0.000000 0.000000
vn 0.152102 0.743620 0.651072
v -17.258606 16.951258 100.119888 0.000000 0.000000 0.000000
vn 0.160611 0.462636 -0.871878
v -16.311451 4.143715 25.573874 0.000000 0.000000 0.000000
vn 0.314428 0.857348 0.407541
v -15.077525 12.757126 104.483864 0.000000 0.000000 0.000000
vn 0.518671 -0.175434 0.836782
v -13.531836 0.990419 125.981544 0.000000 0.000000 0.000000
vn 0.329703 0.910286 0.250352
v -15.947826 15.115062 119.084679 0.000000 0.000000 0.000000
vn -0.172770 0.350553 0.920469
v -29.583984 1.425129 104.926468 1.000000 1.000000 1.000000
vn -0.269541 0.551419 0.789484
v -27.911919 -1.837032 107.029404 1.000000 1.000000 1.000000
vn -0.135779 0.373155 -0.917780
v -31.644928 -0.406712 23.235966 0.000000 0.000000 0.000000
vn -0.134482 0.015460 0.990796
v -29.371279 5.733055 104.289268 0.317647 0.317647 0.317647
vn -0.338427 0.872956 0.351304
v -27.011940 -6.065116 112.912964 0.168627 0.168627 0.168627
vn -0.059051 0.037694 0.997543
v -25.518871 -12.467352 116.296623 0.000000 0.000000 0.000000
vn -0.471554 0.798056 0.375157
v -27.560770 -7.116147 115.027557 0.000000 0.000000 0.000000
vn -0.117137 0.624449 -0.772232
v -30.230852 10.969180 29.726479 0.000000 0.000000 0.000000
vn -0.262338 0.779742 0.568490
v -27.730047 -5.207841 110.735191 0.717647 0.717647 0.717647
vn -0.156638 0.983818 0.086985
v -33.557434 23.075575 43.422050 0.407843 0.407843 0.407843
vn 0.467227 0.878202 0.102277
v -33.623741 29.559105 74.610031 0.145098 0.145098 0.145098
vn -0.319240 0.798485 0.510399
v -27.037937 -4.758150 110.414635 0.976471 0.976471 0.976471
vn -0.067730 -0.403839 0.912319
v -23.180557 -11.463138 116.713074 0.000000 0.000000 0.000000
vn 0.016979 0.161545 -0.986719
v -33.209568 18.734148 36.267696 0.352941 0.352941 0.352941
vn 0.392842 0.889104 0.234881
v -33.721874 29.309155 76.005005 0.180392 0.180392 0.180392
vn -0.125392 0.910609 -0.393788
v -32.003193 23.378080 44.647087 0.000000 0.000000 0.000000
vn -0.828429 0.179211 0.530649
v -26.594574 -7.973730 117.630051 0.000000 0.000000 0.000000
vn 0.385027 0.786869 0.482278
v 21.988308 -25.910822 43.659134 0.752941 0.752941 0.752941
vn 0.248864 0.957475 -0.145973
v 21.575945 -24.871399 38.748360 0.909804 0.909804 0.909804
vn 0.505788 0.271766 0.818732
v 22.471369 -29.831673 46.713928 0.768628 0.768628 0.768628
vn 0.478258 0.469724 0.742043
v 22.572760 -28.318003 45.875626 0.784314 0.784314 0.784314
vn 0.402255 -0.176258 0.898401
v 23.316723 -33.476597 46.511135 0.937255 0.937255 0.937255
vn 0.279885 0.918110 0.280605
v 21.727896 -25.149704 41.993523 0.776471 0.776471 0.776471
vn 0.832273 0.552470 0.045809
v 16.362871 7.977523 69.297600 0.000000 0.000000 0.000000
vn 0.562106 -0.692318 0.452473
v 23.546293 -37.823490 43.385586 0.996078 0.996078 0.996078
vn 0.494152 -0.045039 0.868208
v 22.914362 -32.594780 46.849102 0.890196 0.890196 0.890196
vn 0.952913 -0.268239 -0.141439
v 22.040936 -31.417297 59.313030 0.000000 0.000000 0.000000
vn 0.452956 -0.832178 0.319860
v -27.170313 -59.278343 114.898041 0.000000 0.000000 0.000000
vn 0.410171 0.252782 0.876276
v -36.044277 2.061100 105.829575 0.000000 0.000000 0.000000
vn -0.543721 0.713860 0.441330
v -41.699413 26.063473 77.963341 0.137255 0.137255 0.137255
vn -0.888568 0.344747 -0.302650
v -41.496174 28.029829 73.305771 0.768628 0.768628 0.768628
vn -0.947585 -0.261482 -0.183602
v -28.856218 -42.252304 111.242004 1.000000 1.000000 1.000000
vn -0.404844 0.913717 -0.034970
v -41.740398 26.624262 70.218437 0.000000 0.000000 0.000000
vn 0.033352 -0.949902 0.310762
v -29.203636 -58.616276 96.820793 0.000000 0.000000 0.000000
vn -0.992661 -0.060331 -0.104811
v -28.246838 -45.045559 110.725021 1.000000 1.000000 1.000000
vn -0.640167 0.274080 0.717682
v -40.299286 26.857794 78.772316 0.560784 0.560784 0.560784
vn 0.372322 -0.800670 0.469365
v -27.386574 -58.791454 116.193794 0.000000 0.000000 0.000000
vn 0.202612 -0.929995 0.306689
v -26.279371 -57.530327 98.559509 0.000000 0.000000 0.000000
vn -0.031988 -0.977164 -0.210064
v -25.843739 -66.502106 56.618343 0.000000 0.000000 0.000000
vn -0.146994 0.069536 0.986690
v -31.204760 -14.846327 116.031982 0.000000 0.000000 0.000000
vn -0.290243 0.942410 -0.166198
v -38.806576 26.961454 59.723843 0.000000 0.000000 0.000000
vn -0.921045 0.347467 -0.175907
v -41.471165 28.800804 73.982483 0.972549 0.972549 0.972549
vn -0.774160 0.266789 0.574021
v -41.328407 27.418095 77.221436 0.819608 0.819608 0.819608
vn -0.772434 0.232899 0.590850
v -41.148861 28.138309 77.189346 0.956863 0.956863 0.956863
vn 0.208010 0.551847 0.807587
v -29.832506 -41.452400 121.168373 0.000000 0.000000 0.000000
vn 0.979946 0.101759 -0.171323
v 27.304188 -31.647623 38.707153 1.000000 1.000000 1.000000
vn -0.132295 -0.874313 0.466984
v -30.561855 -61.630272 90.816177 0.000000 0.000000 0.000000
vn -0.217673 -0.672874 -0.707007
v -34.128067 -52.201473 33.440460 0.000000 0.000000 0.000000
vn -0.478206 -0.832025 0.281166
v -34.662476 -35.188381 105.453995 0.725490 0.725490 0.725490
vn -0.715505 0.346071 -0.606867
v -31.581705 -49.477375 115.275665 0.560784 0.560784 0.560784
vn -0.688437 0.629647 -0.359998
v -31.754154 -52.062553 112.949661 0.843137 0.843137 0.843137
vn -0.441344 -0.879618 0.177448
v -35.219608 -33.894085 110.234818 0.000000 0.000000 0.000000
vn -0.198116 0.384988 0.901407
v -39.982574 -5.247796 111.811363 0.000000 0.000000 0.000000
vn -0.761423 0.092192 -0.641666
v -32.777618 -44.545940 118.068398 0.011765 0.011765 0.011765
vn -0.443039 0.856878 0.263583
v -45.867695 23.015572 80.347832 0.000000 0.000000 0.000000
vn -0.561520 0.265133 0.783837
v -34.018295 -47.529778 99.027237 1.000000 1.000000 1.000000
vn -0.469010 -0.839481 0.274411
v -34.421547 -35.395493 105.296829 0.854902 0.854902 0.854902
vn -0.118535 -0.647065 0.753165
v -33.661201 -56.557178 120.042358 0.000000 0.000000 0.000000
vn -0.692687 0.386115 -0.609180
v -31.944614 -49.629349 115.608109 0.423529 0.423529 0.423529
vn 0.874103 0.483670 -0.044812
v -9.333659 9.821412 114.015327 0.000000 0.000000 0.000000
vn 0.456506 -0.548883 -0.700236
v -1.438130 -45.883022 34.111984 0.000000 0.000000 0.000000
vn 0.469491 -0.189928 0.862268
v -1.464986 -28.005400 110.049583 0.000000 0.000000 0.000000
vn 0.217361 0.972013 0.089129
v -13.240168 28.349518 72.527267 0.000000 0.000000 0.000000
vn 0.311689 0.710668 0.630714
v -9.987582 15.949756 98.784554 0.000000 0.000000 0.000000
vn 0.243955 0.928144 0.281133
v -12.223859 26.271326 81.654564 0.000000 0.000000 0.000000
vn 0.504277 -0.467034 -0.726350
v 0.321166 -41.564529 32.235275 0.000000 0.000000 0.000000
vn 0.069044 -0.182656 -0.980750
v 3.959735 -26.648802 21.756638 0.000000 0.000000 0.000000
vn 0.442103 0.804234 -0.397180
v -2.515454 20.113415 48.311363 0.000000 0.000000 0.000000
vn -0.725939 0.382800 -0.571382
v 3.436194 -23.424355 22.101467 0.000000 0.000000 0.000000
vn 0.417316 -0.738382 -0.529754
v -3.719541 -54.960434 42.048531 0.000000 0.000000 0.000000
vn 0.946987 -0.195974 0.254578
v -8.538704 -1.883693 112.974571 0.000000 0.000000 0.000000
vn 0.432126 -0.528988 0.730369
v -4.069333 -44.890003 103.989479 0.000000 0.000000 0.000000
vn 0.844910 -0.250939 0.472394
v -9.193631 -3.919308 113.446404 0.000000 0.000000 0.000000
vn 0.166021 0.535010 -0.828373
v -16.107912 6.763057 27.164513 0.000000 0.000000 0.000000
vn 0.496946 0.867677 0.013462
v -14.048137 14.810761 115.088341 0.000000 0.000000 0.000000
vn 0.197057 0.870699 -0.450613
v -15.074942 23.565849 45.693386 0.000000 0.000000 0.000000
vn 0.250080 0.774843 0.580585
v -12.458160 18.901533 96.283127 0.000000 0.000000 0.000000
vn 0.422046 -0.805756 -0.415492
v -3.765883 -58.352440 47.529026 0.000000 0.000000 0.000000
vn 0.407711 -0.830539 0.379444
v -4.451777 -59.775711 85.927292 0.000000 0.000000 0.000000
vn 0.426439 -0.681987 -0.594175
v -3.277643 -52.223026 38.913292 0.000000 0.000000 0.000000
vn 0.186101 0.957061 0.222263
v -14.596391 27.664984 78.595352 0.000000 0.000000 0.000000
vn 0.697110 -0.054323 0.714904
v -12.171537 2.855520 125.237038 0.000000 0.000000 0.000000
vn 0.517164 -0.821400 0.240509
v 0.323999 -59.464474 79.552498 0.000000 0.000000 0.000000
vn 0.438783 -0.625005 0.645630
v -2.744675 -49.751133 99.013939 0.000000 0.000000 0.000000
vn 0.737529 -0.443757 0.509049
v -11.377191 -1.917611 122.600960 0.000000 0.000000 0.000000
vn 0.555189 0.522312 0.647268
v -13.309566 10.070867 123.979378 0.000000 0.000000 0.000000
vn 0.264915 0.013090 0.964183
v -14.852670 -11.416182 115.220856 0.000000 0.000000 0.000000
vn 0.275388 -0.836614 -0.473537
v -11.801153 -60.214687 44.872498 0.000000 0.000000 0.000000
vn -0.966519 0.144684 -0.211913
v -18.883190 3.299573 118.766335 1.000000 1.000000 1.000000
vn -0.864881 -0.424405 0.268069
v -19.637644 8.425018 114.646851 0.894118 0.894118 0.894118
vn 0.066135 -0.115333 0.991123
v -18.772610 1.807658 128.027206 0.000000 0.000000 0.000000
vn -0.119644 0.135988 0.983459
v -19.452202 5.014695 127.929321 0.000000 0.000000 0.000000
vn 0.248722 -0.810131 0.530871
v -18.082439 -7.371307 122.125603 0.000000 0.000000 0.000000
vn -0.935578 -0.140233 -0.324081
v -19.172396 6.535631 119.903419 0.709804 0.709804 0.709804
vn -0.727707 0.572202 0.378190
v -20.801634 13.553858 122.406723 0.000000 0.000000 0.000000
vn -0.484680 0.833514 0.265216
v -20.658056 15.705371 118.115929 0.000000 0.000000 0.000000
vn 0.030256 0.855639 -0.516689
v -22.696932 22.942083 42.809971 0.000000 0.000000 0.000000
vn -0.477129 0.384146 0.790430
v -47.821011 0.245588 106.038284 0.305882 0.305882 0.305882
vn -0.482958 -0.217419 0.848222
v -39.678593 -53.513550 98.276917 0.000000 0.000000 0.000000
vn -0.514315 0.508812 0.690356
v -49.409840 5.873935 101.514343 0.639216 0.639216 0.639216
vn -0.573587 0.713681 -0.402067
v -52.115395 15.924197 47.985916 0.000000 0.000000 0.000000
vn 0.041862 0.193426 0.980221
v -40.551422 -47.227417 96.606911 0.062745 0.062745 0.062745
vn -0.064365 -0.017200 0.997778
v -40.740746 -44.945942 96.504829 0.486275 0.486275 0.486275
vn -0.524484 0.550793 0.649264
v -49.649136 7.914442 99.716446 0.478431 0.478431 0.478431
vn 0.089510 -0.605293 0.790954
v -42.009766 -37.910278 99.297920 0.400000 0.400000 0.400000
vn -0.558878 -0.562115 0.609657
v -39.256996 -54.687382 97.918945 0.000000 0.000000 0.000000
vn -0.505106 0.494929 0.707046
v -48.917961 5.041748 102.473343 0.603922 0.603922 0.600000
vn 0.060713 -0.451378 0.890265
v -41.263233 -40.519547 97.632172 0.698039 0.698039 0.698039
vn -0.494275 0.449594 0.744014
v -48.461216 3.146566 104.016663 0.533333 0.533333 0.533333
vn -0.486187 0.422220 0.765084
v -48.269455 1.574425 105.051086 0.454902 0.454902 0.454902
vn -0.268599 -0.958904 0.091422
v -37.370365 -65.818596 72.377266 0.000000 0.000000 0.000000
vn -0.509544 0.522603 0.683558
v -49.159794 6.380722 101.321426 0.552941 0.552941 0.552941
vn -0.499549 -0.163106 0.850792
v -48.949738 -26.957333 109.246681 0.000000 0.000000 0.000000
vn -0.322496 -0.504048 0.801207
v -50.449394 -35.357552 105.526993 0.000000 0.000000 0.000000
vn -0.678704 0.522624 0.515969
v -57.339279 6.636219 93.018745 0.498039 0.505882 0.509804
vn -0.279265 0.186862 -0.941857
v -50.653828 -40.622467 29.118681 0.972549 0.972549 0.972549
vn -0.628994 0.243951 0.738143
v -55.013382 -7.110687 103.866592 0.533333 0.556863 0.572549
vn -0.727734 0.595681 -0.339951
v -59.735634 10.037554 50.859070 0.000000 0.000000 0.000000
vn 0.121663 -0.270227 0.955079
v -48.456276 -46.121796 98.582214 0.000000 0.000000 0.000000
vn -0.231047 0.297843 -0.926232
v -50.365288 -39.531273 29.391247 0.643137 0.643137 0.643137
vn -0.783257 0.176043 0.596252
v -61.500824 -9.456462 98.044991 0.000000 0.000000 0.000000
vn -0.708647 -0.605498 -0.362204
v -58.764862 -48.607273 49.939945 0.000000 0.000000 0.000000
vn -0.761598 -0.080988 -0.642969
v -61.996525 -23.816072 37.187958 0.109804 0.109804 0.109804
vn -0.670987 -0.379283 0.637120
v -57.915451 -35.510246 99.153801 0.000000 0.000000 0.000000
vn 0.524105 -0.851265 0.025722
v -54.422115 -60.236668 70.318588 0.592157 0.592157 0.592157
vn -0.770989 0.020178 0.636529
v -61.057438 -16.679617 99.890472 0.011765 0.356863 0.647059
vn -0.757706 0.081205 0.647524
v -61.242653 -15.021467 99.489143 0.235294 0.490196 0.701961
vn -0.016367 -0.823341 -0.567310
v -54.437222 -58.925362 67.322472 0.082353 0.082353 0.082353
vn -0.767728 0.130215 0.627405
v -61.743282 -12.726158 98.518799 0.258824 0.254902 0.247059
vn 0.142618 -0.885528 -0.442155
v -54.374111 -59.580349 68.350327 0.305882 0.305882 0.305882
vn -0.495295 -0.632437 0.595573
v -55.280422 -56.773483 74.825378 0.000000 0.000000 0.000000
vn 0.299422 -0.831298 0.468284
v -54.187405 -59.562992 71.970055 0.443137 0.443137 0.443137
vn -0.770523 0.290240 0.567499
v -62.729664 -5.859172 94.928520 0.211765 0.211765 0.207843
vn -0.749421 0.008678 0.662037
v -60.289581 -17.754135 100.813248 0.000000 0.352941 0.647059
vn -0.727824 -0.116016 0.675879
v -59.223049 -26.138083 101.214935 0.000000 0.356863 0.647059
vn -0.752889 0.062076 0.655213
v -61.197628 -16.024496 99.662102 0.058824 0.415686 0.682353
vn -0.852775 0.496822 0.161065
v -65.963623 5.332574 75.473366 0.000000 0.000000 0.000000
vn -0.814623 0.203781 0.543013
v -62.967022 -6.999502 95.200203 0.043137 0.043137 0.043137
vn -0.712276 -0.198406 0.673274
v -58.925861 -29.038769 100.732422 0.501961 0.674510 0.819608
vn -0.702780 -0.287823 0.650583
v -58.470596 -33.164734 99.679657 0.403922 0.403922 0.403922
vn -0.278875 -0.888916 -0.363396
v -53.627048 -58.700813 66.749367 0.000000 0.000000 0.000000
vn -0.683635 -0.313312 0.659150
v -57.921959 -34.439350 99.676514 0.152941 0.152941 0.152941
vn -0.639340 0.547962 0.539428
v -55.455826 7.649337 94.343742 0.576471 0.584314 0.592157
vn -0.360970 -0.846398 0.391550
v -52.790188 -58.599258 73.781479 0.000000 0.000000 0.000000
vn -0.693174 0.296529 0.656948
v -58.786835 -5.651637 99.718300 0.019608 0.368627 0.654902
vn -0.746515 0.662607 0.060552
v -70.066673 -1.948731 60.453182 0.094118 0.086275 0.090196
vn -0.481149 0.850990 0.210503
v -25.172794 -5.576967 114.053329 0.149020 0.149020 0.149020
vn -0.558699 0.394207 0.729696
v -51.289391 0.377290 103.603622 0.364706 0.588235 0.772549
vn -0.465928 -0.873346 0.142047
v -47.107948 -61.721455 73.934662 0.000000 0.000000 0.000000
vn -0.653469 -0.096959 0.750718
v -55.029415 -23.900351 105.473946 0.419608 0.423529 0.427451
vn -0.677349 0.012861 0.735549
v -57.152523 -18.541142 103.952980 0.380392 0.474510 0.552941
vn -0.496612 -0.069792 0.865162
v -49.055176 -22.290834 109.833122 0.000000 0.000000 0.000000
vn 0.858821 0.117714 -0.498568
v 17.621103 -13.307645 43.485844 0.000000 0.000000 0.000000
vn -0.594916 0.341799 0.727495
v -54.034668 -2.897647 103.064140 0.000000 0.364706 0.650980
vn 0.319243 0.689779 -0.649837
v -9.482520 14.556658 35.589470 0.000000 0.000000 0.000000
vn -0.874886 0.482382 -0.043381
v -71.701584 -3.615655 59.982525 0.925490 0.835294 0.882353
vn -0.869642 -0.337038 -0.360732
v -37.620197 -58.459354 105.695786 0.000000 0.000000 0.000000
vn 0.579672 -0.240454 0.778564
v 4.013080 -30.338911 105.943085 0.000000 0.000000 0.000000
vn -0.769676 0.178644 -0.612932
v -59.110947 -57.069324 68.386566 0.568627 0.568627 0.568627
vn -0.795073 0.560333 -0.232133
v -41.839066 27.181923 72.828644 0.407843 0.407843 0.407843
vn -0.665666 0.035189 0.745420
v -56.499409 -17.175241 104.480675 0.262745 0.258824 0.258824
vn -0.846378 0.112647 0.520534
v -64.884430 -13.726939 94.459877 0.152941 0.149020 0.141176
vn -0.895271 0.395206 0.205673
v -68.448570 -2.018693 80.090591 0.000000 0.000000 0.000000
vn -0.286098 -0.817519 0.499811
v -24.987263 -9.486208 117.818115 0.000000 0.000000 0.000000
vn -0.317782 -0.017901 0.947995
v -39.668079 -20.346407 114.177032 0.000000 0.000000 0.000000
vn -0.650905 -0.517333 0.555598
v -24.471235 -6.841026 121.539436 0.000000 0.000000 0.000000
vn -0.617806 0.274988 0.736680
v -54.426933 -5.447130 103.777824 0.458824 0.623529 0.756863
vn -0.928795 -0.335110 0.158244
v -19.219673 8.069050 115.692497 0.992157 0.992157 0.992157
vn 0.913649 -0.236375 -0.330714
v 26.749453 -34.033764 37.357704 1.000000 1.000000 1.000000
vn -0.775188 0.041693 0.630353
v -71.565758 -8.511230 87.061813 0.925490 0.835294 0.882353
vn -0.459884 0.075885 -0.884731
v -47.303185 -15.144648 24.941540 0.000000 0.000000 0.000000
vn -0.729337 0.485264 -0.482273
v -31.509960 -50.835739 114.103249 0.749020 0.749020 0.749020
vn 0.303796 -0.273245 -0.912713
v -9.603155 -32.338596 23.242128 0.000000 0.000000 0.000000
vn -0.248720 -0.750382 -0.612425
v 17.502932 -37.695812 35.175365 0.976471 0.976471 0.976471
vn -0.474482 0.128914 0.870774
v -46.998837 -12.527301 110.607933 0.000000 0.000000 0.000000
vn 0.244330 0.923635 -0.295299
v -29.732822 22.421196 41.622898 0.250980 0.250980 0.250980
vn -0.962566 0.102804 -0.250796
v -53.507866 -40.625122 32.300079 0.772549 0.772549 0.772549
vn 0.730672 0.682681 0.008071
v 11.388190 14.358362 68.152893 0.000000 0.000000 0.000000
vn 0.687628 -0.227436 0.689522
v -10.719325 -7.118177 114.106407 0.000000 0.000000 0.000000
vn -0.529384 0.305292 0.791548
v -50.180393 -4.427143 106.584145 0.278431 0.278431 0.278431
vn 0.946804 0.143874 0.287857
v -7.628368 0.709762 110.722900 0.000000 0.000000 0.000000
vn 0.481493 0.373298 0.792977
v 23.628342 -29.246689 45.745506 0.901961 0.901961 0.901961
vn -0.676310 -0.237929 0.697133
v -57.317307 -30.045277 102.044090 0.603922 0.623529 0.639216
vn 0.676618 -0.520618 -0.520715
v 8.491898 -44.564308 42.282742 0.000000 0.000000 0.000000
vn -0.744258 0.256697 0.616593
v -60.748108 -6.345841 97.747116 0.203922 0.411765 0.584314
vn -0.704250 0.230725 0.671416
v -58.624966 -7.697539 100.657890 0.392157 0.517647 0.619608
vn 0.565160 0.660014 -0.494951
v -29.294998 21.316021 39.485863 0.329412 0.329412 0.329412
vn 0.866606 0.383843 0.318841
v 17.655741 0.517774 83.295776 0.000000 0.000000 0.000000
vn 0.392606 -0.475607 0.787184
v 22.091120 -35.883408 46.145695 0.921569 0.921569 0.921569
vn 0.986636 -0.145564 -0.073218
v 19.232983 -30.133379 48.811333 0.000000 0.000000 0.000000
vn 0.638182 0.413163 0.649631
v 6.577937 1.906109 99.357452 0.000000 0.000000 0.000000
vn -0.797902 0.098605 0.594667
v -63.124130 -13.958640 96.998108 0.364706 0.509804 0.631373
vn -0.768173 0.231023 0.597108
v -61.877220 -7.969244 96.992371 0.125490 0.121569 0.121569
vn -0.492874 0.823870 0.279845
v -24.033504 -4.301046 112.537178 0.850980 0.850980 0.850980
vn -0.862357 -0.260736 -0.434001
v -70.620552 -6.045739 58.068531 0.349020 0.309804 0.321569
vn -0.927485 -0.000269 0.373860
v -69.252663 -17.000950 86.758675 0.086275 0.098039 0.070588
vn -0.544571 0.824542 0.153538
v -50.171070 21.730751 75.524483 0.000000 0.000000 0.000000
vn -0.592948 0.788952 -0.161143
v -53.063560 19.743013 60.256069 0.000000 0.000000 0.000000
vn -0.904950 0.425145 -0.017814
v -37.319057 21.332657 40.733292 0.682353 0.682353 0.682353
vn -0.885937 -0.170595 -0.431293
v -72.323143 -18.913830 57.786285 0.831373 0.713726 0.705882
vn 0.382350 0.190047 0.904263
v -15.449619 6.017224 126.924873 0.000000 0.000000 0.000000
vn -0.728904 0.679413 0.084237
v -59.977757 14.160791 71.712730 0.000000 0.000000 0.000000
vn 0.075369 0.816575 -0.572298
v -33.278854 23.356390 37.897041 1.000000 1.000000 1.000000
vn -0.616035 0.716110 0.328158
v -40.478535 30.762438 76.406754 1.000000 1.000000 1.000000
vn -0.769993 -0.029103 -0.637388
v -31.541014 -44.035194 116.638336 0.031373 0.031373 0.031373
vn 0.989197 -0.006409 0.146453
v 23.684418 -14.480689 72.531677 0.000000 0.000000 0.000000
vn -0.802806 0.335070 0.493184
v -41.156342 28.937214 76.896416 0.996078 0.996078 0.996078
vn -0.881543 -0.471116 0.030519
v -37.048115 -55.883293 100.623787 0.000000 0.000000 0.000000
vn -0.871765 0.195612 0.449179
v -19.864744 3.371513 111.471512 1.000000 1.000000 1.000000
vn -0.855297 -0.497872 -0.143496
v -65.843948 -43.746284 60.991020 0.000000 0.000000 0.000000
vn -0.223132 -0.940809 -0.255128
v -34.973255 -64.830788 54.888283 0.000000 0.000000 0.000000
vn -0.550386 0.566656 0.613169
v -50.852852 9.132558 97.635017 0.388235 0.388235 0.388235
vn -0.359496 -0.822614 -0.440532
v 14.751514 -38.112194 37.862949 0.596078 0.596078 0.596078
vn -0.930655 0.296610 0.214249
v -19.316402 1.143752 114.103043 1.000000 1.000000 1.000000
vn -0.771633 -0.406591 0.489149
v -61.887444 -38.496399 92.189964 0.000000 0.000000 0.000000
vn 0.774168 0.626272 -0.091905
v 13.741136 11.334920 63.620811 0.000000 0.000000 0.000000
vn -0.815821 0.252101 0.520462
v -24.608088 12.113655 107.689980 0.000000 0.000000 0.000000
vn -0.947836 -0.254436 0.192016
v -70.790428 -31.104517 76.652740 0.000000 0.000000 0.000000
vn -0.775442 0.619326 0.122983
v -62.165291 11.340451 73.638260 0.000000 0.000000 0.000000
vn 0.859163 -0.504969 -0.082736
v 17.609781 -43.586685 63.462299 0.000000 0.000000 0.000000
vn -0.843203 -0.391378 -0.368554
v -30.200869 -40.545151 113.222885 0.572549 0.572549 0.572549
vn -0.525938 -0.693883 0.491848
v -49.519390 -53.298717 91.754219 0.000000 0.000000 0.000000
vn -0.929712 -0.319049 0.183965
v -70.545532 -15.151259 84.299675 0.082353 0.074510 0.082353
vn -0.982070 -0.004980 0.188450
v -74.212151 -9.344303 66.799370 0.921569 0.831373 0.878431
vn 0.701655 0.650860 0.289933
v 9.681727 -20.990852 27.142796 0.000000 0.000000 0.000000
vn 0.836563 -0.300008 0.458430
v 13.422671 -36.070091 92.819923 0.000000 0.000000 0.000000
vn 0.135911 -0.285455 -0.948706
v 10.431523 -32.556850 36.363274 0.000000 0.000000 0.000000
vn -0.505049 0.695928 0.510499
v -24.141357 -4.049355 111.783775 1.000000 1.000000 1.000000
vn 0.589410 0.537023 -0.603492
v -29.707504 20.394978 38.099415 0.321569 0.321569 0.321569
vn -0.045834 0.901654 -0.430022
v -29.502750 23.086769 43.559803 0.000000 0.000000 0.000000
vn 0.227880 -0.879427 -0.417946
v -13.466422 -61.559250 46.531868 0.000000 0.000000 0.000000
vn 0.680048 -0.413291 0.605579
v -17.556461 -47.380112 107.901978 0.000000 0.000000 0.000000
vn 0.182806 -0.884961 0.428283
v -15.189806 -62.192451 88.665817 0.000000 0.000000 0.000000
vn -0.176216 0.981143 -0.079413
v -32.407490 29.048258 64.029602 0.000000 0.000000 0.000000
vn -0.696107 0.717073 0.035239
v -24.676741 -5.179129 119.972801 0.000000 0.000000 0.000000
vn -0.550906 -0.093230 0.829344
v -26.563198 10.024980 105.776001 0.000000 0.000000 0.000000
vn 0.044874 -0.324649 -0.944769
v -21.961933 -34.875549 21.738697 0.000000 0.000000 0.000000
vn -0.580349 0.769328 0.267077
v -23.323690 -4.229617 113.622330 0.580392 0.580392 0.580392
vn 0.494029 -0.144483 0.857357
v -19.099499 -40.693264 111.989914 0.000000 0.000000 0.000000
vn -0.106037 0.940335 0.323305
v -29.957645 26.909096 83.639374 0.000000 0.000000 0.000000
vn 0.136698 -0.873277 -0.467655
v -17.650436 -61.851440 45.444897 0.000000 0.000000 0.000000
vn -0.668568 0.734039 0.119180
v -25.867617 -6.541244 117.001938 0.000000 0.000000 0.000000
vn -0.580206 0.810649 0.078804
v -24.004988 -5.016552 114.888939 0.066667 0.066667 0.066667
vn -0.802304 0.595107 0.046430
v -73.533760 -7.706360 69.330803 0.925490 0.835294 0.882353
vn -0.770175 0.259435 -0.582686
v -73.529709 -9.188931 64.179680 0.921569 0.839216 0.886275
vn -0.983802 0.015412 0.178593
v -72.436539 -17.998598 76.143196 0.000000 0.000000 0.000000
vn -0.730852 0.417947 -0.539607
v -72.777100 -14.011799 59.894478 0.784314 0.709804 0.745098
vn -0.609797 0.517414 -0.600358
v -73.027428 -12.866738 61.158379 0.913726 0.823529 0.870588
vn -0.787883 -0.561372 0.253183
v -73.155281 -10.055850 68.379227 0.925490 0.831373 0.882353
vn -0.987589 0.088630 0.129666
v -72.477592 -14.279532 74.245346 0.000000 0.000000 0.000000
vn -0.929730 0.366313 -0.037640
v -73.999435 -8.092386 65.383987 0.925490 0.831373 0.882353
vn -0.857863 -0.302063 0.415727
v -73.231621 -11.406284 66.850784 0.937255 0.870588 0.894118
vn -0.508510 0.478024 -0.716178
v -73.039055 -11.116938 62.671925 0.921569 0.831373 0.878431
vn -0.787926 0.148269 -0.597653
v -72.904350 -16.225075 58.610569 0.913726 0.827451 0.870588
vn -0.770162 0.286513 -0.569877
v -72.476349 -16.147995 58.142269 0.607843 0.545098 0.560784
vn -0.649916 0.448119 -0.613839
v -72.979477 -13.495900 60.579689 0.917647 0.827451 0.874510
vn -0.957081 0.003766 -0.289798
v -71.971199 -18.400141 56.981266 0.047059 0.035294 0.035294
vn -0.979984 -0.047764 0.193259
v -71.984779 -21.757730 78.149048 0.000000 0.000000 0.000000
vn -0.754762 0.362718 -0.546598
v -72.698105 -14.990093 59.114571 0.635294 0.572549 0.596078
vn -0.906593 -0.286166 0.310158
v -68.610687 -32.834362 83.160545 0.000000 0.000000 0.000000
vn -0.674348 0.433874 -0.597502
v -73.271027 -9.852385 63.593910 0.921569 0.835294 0.882353
vn -0.788396 0.037388 -0.614031
v -72.256691 -17.525244 57.398407 0.494118 0.419608 0.411765
vn -0.857908 -0.375217 0.351008
v -73.108116 -10.752468 67.572098 0.898039 0.823529 0.854902
vn 0.391652 -0.392306 0.832289
v 20.419538 -34.765839 47.499924 0.560784 0.560784 0.560784
vn 0.930863 -0.307578 -0.197203
v 20.847235 -34.479816 57.814766 0.000000 0.000000 0.000000
vn 0.504957 -0.306976 0.806712
v 20.211208 -33.438610 48.084759 0.435294 0.435294 0.435294
vn 0.189470 0.980260 0.056484
v 18.881994 -24.414513 42.212234 0.125490 0.125490 0.125490
vn 0.064894 -0.977946 0.198519
v 19.924568 -39.616581 41.656998 0.972549 0.972549 0.972549
vn 0.246634 -0.817177 0.520954
v 21.290239 -38.428188 43.941113 0.968628 0.968628 0.968628
vn 0.873096 0.448414 -0.191382
v 18.170008 -24.700468 44.371773 0.000000 0.000000 0.000000
vn -0.069655 0.433387 -0.898512
v 19.430250 -28.937923 33.024693 0.984314 0.984314 0.984314
vn 0.445913 -0.182531 0.876267
v 19.866245 -33.336269 48.285725 0.172549 0.172549 0.172549
vn 0.315895 -0.691093 0.650078
v 21.163303 -37.246407 45.422440 0.909804 0.909804 0.909804
vn 0.932707 0.047518 -0.357490
v 18.513409 -25.204775 45.232189 0.000000 0.000000 0.000000
vn 0.293596 -0.899542 -0.323458
v 21.936113 -39.129837 37.374176 1.000000 1.000000 1.000000
vn 0.102055 0.948280 -0.300583
v 18.571449 -24.715424 38.431732 0.552941 0.552941 0.552941
vn -0.168156 0.806721 -0.566503
v 18.436474 -26.248751 35.352032 0.850980 0.850980 0.850980
vn 0.214669 -0.763802 0.608706
v 20.856878 -37.844189 44.900063 0.929412 0.929412 0.929412
vn 0.880784 0.025695 -0.472820
v 18.840435 -17.576717 45.016598 0.000000 0.000000 0.000000
vn 0.566374 -0.347290 0.747403
v -25.360643 -52.798988 120.383682 0.000000 0.000000 0.000000
vn 0.677229 -0.401298 0.616701
v -23.846628 -53.299713 118.628654 0.000000 0.000000 0.000000
vn 0.177090 0.522335 0.834150
v -33.099087 -0.877459 106.206642 0.521569 0.521569 0.521569
vn 0.288996 0.040639 0.956467
v -34.484081 4.765067 104.624702 0.000000 0.000000 0.000000
vn -0.107513 -0.029522 0.993765
v -29.765875 -20.898882 116.353157 0.000000 0.000000 0.000000
vn 0.273245 0.264418 0.924889
v -26.085344 -35.343754 114.943138 0.000000 0.000000 0.000000
vn -0.108541 -0.390718 -0.914089
v -29.208506 -38.197815 23.230850 0.000000 0.000000 0.000000
vn -0.690658 0.284748 -0.664763
v -37.280064 18.693001 38.342571 0.274510 0.274510 0.274510
vn 0.110103 0.705118 0.700490
v -32.333038 -3.613512 108.234528 0.309804 0.309804 0.309804
vn 0.367492 -0.871128 0.325709
v -22.840885 -55.472900 101.539398 0.000000 0.000000 0.000000
vn -0.195435 0.350041 0.916120
v -38.715942 29.242283 78.573677 0.996078 0.996078 0.996078
vn -0.176288 0.547089 -0.818300
v -38.287170 29.312140 71.216019 0.725490 0.725490 0.725490
vn -0.887466 0.323532 -0.328224
v -37.404655 20.585718 39.490978 0.654902 0.654902 0.654902
vn 0.013368 -0.999483 0.029244
v -23.229986 -67.768570 69.527542 0.000000 0.000000 0.000000
vn -0.057427 0.856988 0.512127
v -30.052502 -6.760071 112.716446 0.000000 0.000000 0.000000
vn 0.016908 -0.838783 0.544204
v -23.948923 -60.004639 94.247482 0.000000 0.000000 0.000000
vn -0.127335 0.414167 0.901250
v -38.317223 27.925024 79.166565 0.752941 0.752941 0.752941
vn 0.071763 0.646682 0.759376
v -31.977570 -2.608793 107.249191 0.631373 0.631373 0.631373
vn -0.111712 0.819715 -0.561772
v -38.284843 30.891523 72.629768 0.996078 0.996078 0.996078
vn -0.238461 0.901909 -0.360135
v -34.907402 22.832043 44.676441 0.000000 0.000000 0.000000
vn -0.031734 0.217620 0.975517
v -29.023479 -33.766644 114.998077 0.000000 0.000000 0.000000
vn 0.725771 -0.677586 0.118884
v -23.713179 -57.371117 112.639572 0.000000 0.000000 0.000000
vn -0.051066 0.587789 0.807401
v -37.731091 27.871016 79.284843 0.690196 0.690196 0.690196
vn -0.795006 0.186359 -0.577265
v -37.144073 19.408127 38.442146 0.478431 0.478431 0.478431
vn 0.127830 0.003800 0.991789
v -33.948891 9.816268 104.837128 0.000000 0.000000 0.000000
vn 0.125298 0.481516 0.867435
v -32.235676 -0.260437 105.702888 0.827451 0.827451 0.827451
vn 0.732688 -0.663060 -0.153360
v -22.226948 -55.117870 105.797173 0.000000 0.000000 0.000000
vn -0.618080 0.655863 -0.433384
v -32.871269 -52.540268 113.997185 0.360784 0.360784 0.360784
vn -0.419481 -0.840416 0.343126
v -35.620613 -34.986584 104.621361 0.647059 0.647059 0.647059
vn 0.002301 -0.950921 -0.309424
v -33.380325 -60.649765 106.445648 0.000000 0.000000 0.000000
vn -0.079094 -0.508088 0.857666
v -33.166248 -55.069828 121.182976 0.000000 0.000000 0.000000
vn -0.115137 -0.949540 0.291749
v -32.571247 -58.900173 95.485130 0.000000 0.000000 0.000000
vn -0.357685 -0.919080 0.165388
v -35.654747 -34.253208 106.943596 0.098039 0.098039 0.098039
vn -0.596952 0.065488 0.799599
v -33.262424 -45.318558 99.022682 1.000000 1.000000 1.000000
vn -0.180931 -0.753847 -0.631648
v -32.834148 -55.855309 36.959949 0.000000 0.000000 0.000000
vn -0.631496 0.695659 -0.342450
v -32.523109 -52.910881 112.822296 0.592157 0.592157 0.592157
vn -0.949253 0.283618 -0.135940
v -33.860889 -43.365143 120.117996 0.015686 0.015686 0.015686
vn -0.463406 0.865100 0.191979
v -44.089542 24.829155 76.544678 0.000000 0.000000 0.000000
vn -0.389109 -0.805305 0.447301
v -35.707211 -35.489029 103.480843 0.807843 0.807843 0.807843
vn -0.342195 -0.614071 0.711210
v -36.348534 -31.825447 112.719749 0.000000 0.000000 0.000000
vn -0.362313 -0.901089 0.238262
v -35.787384 -34.490810 105.824539 0.325490 0.325490 0.325490
vn -0.153395 -0.940349 -0.303668
v -32.217308 -64.814873 52.954231 0.000000 0.000000 0.000000
vn -0.511649 -0.500370 0.698459
v -34.705429 -38.834820 100.279770 1.000000 1.000000 1.000000
vn -0.420638 -0.864886 0.273927
v -35.594212 -34.690666 105.450844 0.482353 0.482353 0.482353
vn -0.673626 0.525598 -0.519592
v -32.399925 -51.454639 114.687492 0.392157 0.392157 0.392157
vn -0.633343 0.606642 -0.480481
v -32.733463 -52.083527 114.416977 0.325490 0.325490 0.325490
vn -0.595440 0.452988 0.663516
v -34.641659 -49.304291 99.558464 0.996078 0.996078 0.996078
vn -0.592821 0.691320 0.413086
v -33.175064 -52.123695 103.995979 0.705882 0.705882 0.705882
vn -0.633663 0.692600 0.344640
v -32.586788 -52.156403 104.948936 0.996078 0.996078 0.996078
vn -0.493448 0.372616 0.785918
v -49.065678 -0.628866 105.689003 0.470588 0.470588 0.470588
vn -0.487885 0.341707 0.803246
v -47.916706 -1.918614 106.995583 0.149020 0.149020 0.149020
vn -0.466237 0.281191 0.838782
v -47.765614 -5.527891 108.479782 0.000000 0.000000 0.000000
vn -0.528139 0.522132 0.669662
v -50.078751 6.397143 100.597832 0.698039 0.694118 0.694118
vn -0.521436 0.580836 0.625087
v -49.819229 9.922806 97.780350 0.188235 0.188235 0.188235
vn 0.066534 -0.324401 0.943577
v -41.713024 -41.446697 97.248436 0.466667 0.466667 0.466667
vn -0.542484 0.546711 0.637824
v -50.717545 8.088118 98.679688 0.552941 0.552941 0.552941
vn 0.030007 -0.169306 0.985107
v -41.804188 -43.514614 96.682014 0.301961 0.301961 0.301961
vn -0.483273 0.391842 0.782884
v -48.762730 0.610071 105.255890 0.505882 0.501961 0.501961
vn -0.530730 0.536287 0.656294
v -50.261093 7.063500 99.925056 0.643137 0.643137 0.643137
vn 0.583015 0.683875 -0.438645
v 5.552520 -19.839891 28.374254 0.000000 0.000000 0.000000
vn 0.546239 0.703777 -0.454226
v 1.846126 15.432567 45.131729 0.000000 0.000000 0.000000
vn -0.166868 0.785668 -0.595718
v 5.088094 -20.698051 23.264610 0.000000 0.000000 0.000000
vn 0.406237 0.175973 -0.896663
v 4.803742 -22.762304 22.090572 0.000000 0.000000 0.000000
vn 0.619236 -0.338173 -0.708651
v 6.064239 -35.202850 33.259125 0.000000 0.000000 0.000000
vn 0.664340 -0.333079 -0.669112
v 6.678318 -29.933023 31.647921 0.000000 0.000000 0.000000
vn 0.582917 0.118767 -0.803805
v 3.888889 -13.544899 28.338829 0.000000 0.000000 0.000000
vn 0.717170 -0.675756 0.170359
v 10.794966 -51.878555 76.081123 0.000000 0.000000 0.000000
vn 0.168016 -0.197585 0.965780
v -16.933950 -28.623384 115.150658 0.000000 0.000000 0.000000
vn 0.001967 0.768055 0.640381
v -23.852268 15.237793 102.771088 0.000000 0.000000 0.000000
vn -0.066876 0.995463 0.067679
v -26.709160 29.669285 71.357407 0.000000 0.000000 0.000000
vn 0.054554 -0.868210 0.493189
v -19.223507 -7.831290 121.649193 0.000000 0.000000 0.000000
vn 0.190419 -0.296606 0.935824
v -14.573425 -33.228863 113.535034 0.000000 0.000000 0.000000
vn -0.694324 0.718010 0.048746
v -23.240406 14.243305 108.750763 0.000000 0.000000 0.000000
vn 0.202420 -0.723006 0.660521
v -14.305435 -53.889095 100.525345 0.000000 0.000000 0.000000
vn -0.809906 -0.063059 0.583160
v -21.360712 5.618866 109.265755 0.996078 0.996078 0.996078
vn 0.243317 -0.482912 0.841186
v -12.658869 -42.458961 109.070625 0.000000 0.000000 0.000000
vn -0.870110 0.428045 -0.244307
v -20.178205 -0.248919 118.856117 0.980392 0.980392 0.980392
vn -0.898615 -0.280904 0.337022
v -22.864407 12.699193 111.830124 0.000000 0.000000 0.000000
vn 0.148593 -0.448456 -0.881367
v -17.046810 -41.038120 24.875751 0.000000 0.000000 0.000000
vn 0.223867 -0.659332 0.717749
v -17.958643 -4.971831 124.831390 0.000000 0.000000 0.000000
vn -0.649388 -0.131032 -0.749084
v -56.117977 -25.894430 31.420506 0.000000 0.000000 0.000000
vn -0.536365 -0.611251 -0.581967
v -50.463879 -47.748737 38.311981 0.000000 0.000000 0.000000
vn -0.694361 0.509149 0.508557
v -58.247097 6.033620 92.421379 0.466667 0.466667 0.466667
vn -0.450670 -0.622452 0.639882
v -46.817268 -51.750362 96.187851 0.000000 0.000000 0.000000
vn -0.634658 0.118202 -0.763700
v -55.294609 -13.122572 30.521095 0.000000 0.000000 0.000000
vn -0.672707 0.303476 -0.674809
v -52.007721 -38.587971 30.849653 0.427451 0.427451 0.427451
vn -0.683797 0.500132 0.531310
v -57.954605 5.528337 93.308182 0.415686 0.541176 0.643137
vn -0.689539 0.517055 0.507138
v -58.334805 7.381596 90.855576 0.090196 0.090196 0.090196
vn -0.697840 0.522754 0.489641
v -58.208103 6.525543 91.966393 0.356863 0.356863 0.356863
vn -0.685650 0.210971 -0.696689
v -58.382778 -8.431146 34.481125 0.000000 0.000000 0.000000
vn -0.658694 0.236551 0.714259
v -56.375652 -7.147078 102.677490 0.509804 0.615686 0.705882
vn -0.550334 -0.675892 -0.490207
v -51.086437 -51.907719 43.717209 0.000000 0.000000 0.000000
vn -0.522194 -0.792643 0.314692
v -49.891460 -57.652920 83.213402 0.000000 0.000000 0.000000
vn -0.728611 0.684916 -0.003935
v -59.351330 15.027961 67.948845 0.000000 0.000000 0.000000
vn -0.577025 -0.759063 -0.301438
v -50.911758 -45.317101 35.748787 0.247059 0.247059 0.247059
vn -0.714679 0.562908 -0.415172
v -59.393669 8.401495 47.710182 0.000000 0.000000 0.000000
vn -0.344875 -0.612991 0.710847
v -55.520203 -57.449402 74.157089 0.235294 0.235294 0.235294
vn 0.024790 -0.671679 0.740427
v -54.772083 -58.458702 73.475288 0.345098 0.345098 0.345098
vn -0.085166 -0.631445 -0.770729
v -56.502525 -59.166824 67.467575 0.556863 0.556863 0.556863
vn 0.200940 -0.659653 -0.724211
v -55.805599 -59.920727 68.092468 0.650980 0.650980 0.650980
vn 0.096938 -0.659901 -0.745073
v -55.756920 -59.424984 67.716690 0.517647 0.517647 0.517647
vn -0.144995 -0.397820 0.905933
v -56.013412 -57.791508 73.844719 0.450980 0.450980 0.450980
vn -0.774436 0.086091 0.626768
v -61.970718 -14.949116 98.623932 0.207843 0.482353 0.701961
vn -0.722985 -0.269168 0.636271
v -59.420116 -31.924994 99.170212 0.643137 0.647059 0.654902
vn -0.163084 -0.277618 0.946748
v -56.804829 -58.377571 73.563713 0.741176 0.741176 0.741176
vn 0.120253 -0.576338 0.808315
v -56.207954 -59.617001 72.920135 0.925490 0.925490 0.925490
vn -0.843378 0.492415 -0.215038
v -65.661301 4.898599 57.610489 0.000000 0.000000 0.000000
vn 0.563736 0.820512 0.094670
v 3.648816 20.743820 72.807899 0.000000 0.000000 0.000000
vn 0.738062 0.037270 0.673703
v 11.457755 -17.145277 100.967499 0.000000 0.000000 0.000000
vn -0.763852 0.165279 -0.623869
v -30.801439 -46.607410 115.531311 0.635294 0.635294 0.635294
vn -0.624375 0.232172 0.745823
v -23.343838 2.331279 107.432007 1.000000 1.000000 1.000000
vn -0.925511 -0.179375 0.333548
v -29.004929 -43.150734 105.573868 1.000000 1.000000 1.000000
vn 0.075226 0.594831 0.800323
v -36.323772 28.105354 79.062973 0.549020 0.549020 0.549020
vn 0.076053 0.992454 0.096178
v -20.310917 29.465633 72.358742 0.000000 0.000000 0.000000
vn 0.532773 -0.318044 0.784220
v 23.808554 -34.739529 45.843708 0.980392 0.980392 0.980392
vn 0.970830 -0.236688 -0.038319
v 22.372633 -31.007725 62.017162 0.000000 0.000000 0.000000
vn -0.724894 0.577655 0.375292
v -60.069782 9.316504 85.334084 0.000000 0.000000 0.000000
vn -0.569863 0.815488 0.101172
v -35.344334 -55.067455 107.172867 0.086275 0.086275 0.086275
vn -0.658055 0.639139 -0.398077
v -56.798321 12.387949 49.222248 0.000000 0.000000 0.000000
vn -0.847192 0.067914 -0.526929
v -72.677452 -16.729473 58.167107 0.898039 0.807843 0.847059
vn -0.883473 -0.036344 0.467071
v -67.407570 -20.541298 90.697220 0.494118 0.501961 0.505882
vn -0.668443 -0.240982 0.703642
v -68.649483 -15.042286 88.659111 0.650980 0.603922 0.619608
vn -0.210473 0.760286 -0.614546
v 15.386806 -25.964388 36.780140 0.090196 0.090196 0.090196
vn -0.939205 0.312374 -0.142534
v -59.985744 -57.170456 69.966591 0.792157 0.792157 0.792157
vn -0.520652 0.562207 0.642530
v -66.155502 -3.129695 88.607964 0.913726 0.827451 0.870588
vn -0.887858 -0.443110 0.123940
v -72.359352 -10.605571 73.732086 0.215686 0.196078 0.207843
vn 0.773692 0.138457 0.618247
v 12.630224 -11.377055 98.881065 0.027451 0.027451 0.027451
vn 0.914344 -0.220083 0.339908
v 18.190796 -29.198854 85.595612 0.000000 0.000000 0.000000
vn 0.338118 0.280706 -0.898265
v -7.928918 -5.361747 23.877039 0.000000 0.000000 0.000000
vn 0.939961 -0.226270 -0.255492
v 21.378023 -30.102768 54.825104 0.000000 0.000000 0.000000
vn -0.717089 0.303342 -0.627508
v -31.845993 -48.576206 116.057838 0.364706 0.364706 0.364706
vn -0.864756 0.055752 0.499088
v -66.366066 -16.392653 92.470551 0.352941 0.349020 0.349020
vn -0.750432 0.211652 -0.626143
v -30.655476 -47.679558 115.014038 0.807843 0.807843 0.807843
vn 0.441133 0.893017 -0.089007
v -30.386478 22.699839 41.515503 0.423529 0.423529 0.423529
vn 0.971792 -0.209945 0.107445
v 22.219763 -29.446352 70.964882 0.000000 0.000000 0.000000
vn 0.957988 0.083285 0.274449
v 21.516508 -9.556131 80.540428 0.000000 0.000000 0.000000
vn -0.963805 0.034136 -0.264415
v -19.029785 5.052470 119.757774 0.996078 0.996078 0.996078
vn 0.218219 -0.803298 0.554159
v -47.018654 -34.242527 106.815048 0.000000 0.000000 0.000000
vn 0.772006 0.596983 -0.218215
v 6.966050 -20.743584 29.596514 0.000000 0.000000 0.000000
vn -0.858627 0.507378 -0.072996
v -42.325428 26.815042 73.730453 0.364706 0.364706 0.364706
vn -0.524377 -0.741465 0.418639
v -50.101322 -55.020077 88.403618 0.000000 0.000000 0.000000
vn -0.182733 0.019472 -0.982970
v -33.471836 18.871073 36.302265 0.450980 0.450980 0.450980
vn 0.589397 -0.765380 0.258465
v 4.468234 -56.387722 80.335205 0.000000 0.000000 0.000000
vn -0.779959 -0.309116 0.544161
v -69.480667 -15.395175 87.541290 0.925490 0.839216 0.886275
vn 0.383978 0.182389 0.905149
v -5.480289 -10.554418 112.112633 0.000000 0.000000 0.000000
vn -0.899817 0.363404 0.241387
v -41.957363 27.211349 76.239967 0.725490 0.725490 0.725490
vn -0.708782 0.705400 -0.006297
v -22.303614 -3.666872 114.889435 0.666667 0.666667 0.666667
vn -0.732279 -0.274223 0.623354
v -60.159885 -32.277187 98.166382 0.639216 0.639216 0.639216
vn 0.956100 -0.076011 0.283012
v 21.022881 -18.336868 82.367096 0.000000 0.000000 0.000000
vn -0.597915 0.767763 0.230300
v -32.993439 -53.332817 107.033966 0.996078 0.996078 0.996078
vn 0.812408 0.512118 -0.278799
v 15.309119 6.060694 54.129292 0.000000 0.000000 0.000000
vn -0.084977 0.870890 0.484076
v -28.017748 23.428890 91.762177 0.000000 0.000000 0.000000
vn 0.434923 0.887296 0.153455
v 22.777023 -25.415510 41.629620 0.905882 0.905882 0.905882
vn -0.439726 -0.515433 -0.735507
v 16.202930 -36.137276 34.467693 0.925490 0.925490 0.925490
vn -0.463622 -0.555543 -0.690237
v 14.746790 -36.046604 35.375839 0.741176 0.741176 0.741176
vn -0.822687 -0.310788 -0.476022
v 2.139601 -25.716612 23.931143 0.000000 0.000000 0.000000
vn 0.897414 0.370509 0.239522
v 19.357174 -0.575779 79.450310 0.000000 0.000000 0.000000
vn -0.800232 0.527349 0.285537
v -20.715305 -1.545101 113.812256 1.000000 1.000000 1.000000
vn -0.884742 -0.156426 0.439046
v -67.198875 -25.663073 90.153580 0.556863 0.556863 0.556863
vn -0.774388 0.118505 0.621514
v -62.153095 -13.077349 98.091812 0.356863 0.384314 0.403922
vn -0.584815 -0.231748 0.777357
v -54.005920 -28.553019 105.409195 0.086275 0.086275 0.086275
vn -0.857429 -0.227174 0.461745
v -23.770874 11.894428 109.177872 0.000000 0.000000 0.000000
vn -0.205717 -0.186931 0.960592
v -34.442841 -28.877041 114.510139 0.000000 0.000000 0.000000
vn -0.934950 -0.332669 0.123285
v -69.792000 -35.837681 73.569588 0.000000 0.000000 0.000000
vn -0.740614 -0.311985 -0.595110
v -59.697491 -34.688633 38.078506 0.000000 0.000000 0.000000
vn -0.796224 0.148889 -0.586395
v -72.560104 -9.278463 63.084560 0.431373 0.392157 0.411765
vn -0.638376 -0.031007 0.769100
v -55.562019 -19.872700 105.314064 0.333333 0.329412 0.329412
vn -0.772712 0.446119 -0.451545
v -40.992554 28.469673 72.736961 0.831373 0.831373 0.831373
vn 0.450415 -0.094611 0.887792
v 22.303019 -32.844299 47.158718 0.811765 0.811765 0.811765
vn 0.856262 0.501619 -0.123265
v 17.066345 6.210955 61.677856 0.000000 0.000000 0.000000
vn -0.711246 0.529147 0.462745
v -41.712921 26.437590 77.430992 0.400000 0.400000 0.400000
vn 0.731139 -0.183268 -0.657152
v 9.348895 -26.565239 33.247971 0.000000 0.000000 0.000000
vn -0.729077 -0.194551 0.656199
v -59.824352 -28.495226 99.929192 0.286275 0.537255 0.749020
vn 0.555038 0.591582 0.584776
v 2.659275 9.445199 96.996155 0.000000 0.000000 0.000000
vn 0.013749 0.164197 -0.986332
v -48.752392 -40.143974 29.063139 0.541176 0.541176 0.541176
vn -0.903251 0.422213 -0.076639
v -68.243835 2.035320 64.090523 0.000000 0.000000 0.000000
vn -0.305187 -0.900532 -0.309682
v 15.959573 -38.822155 38.485119 0.792157 0.792157 0.792157
vn -0.736239 0.675092 -0.046944
v -21.623632 -2.897428 117.078995 0.721569 0.721569 0.721569
vn -0.588679 0.804444 0.079549
v -33.606762 -54.111118 108.496223 0.647059 0.647059 0.647059
vn 0.494067 -0.006601 0.869399
v 23.955101 -32.382439 46.268902 0.952941 0.952941 0.952941
vn 0.739158 0.548144 -0.391386
v -30.781096 22.397593 38.634167 0.925490 0.925490 0.925490
vn 0.663544 -0.293175 -0.688301
v 8.390742 -33.067204 34.437580 0.000000 0.000000 0.000000
vn -0.825260 0.319813 -0.465473
v -30.465620 -48.576206 114.407349 0.996078 0.996078 0.996078
vn -0.539758 0.062092 -0.839527
v -50.504410 -16.446604 26.683607 0.000000 0.000000 0.000000
vn -0.309323 0.327254 -0.892874
v -34.801758 17.601454 36.463078 0.070588 0.070588 0.070588
vn 0.832721 -0.461257 0.306296
v 14.406635 -44.078465 82.882454 0.000000 0.000000 0.000000
vn -0.873487 0.323779 -0.363576
v -72.430260 -13.137430 60.057163 0.223529 0.200000 0.211765
vn -0.580454 -0.142997 -0.801639
v -52.605324 -26.084787 28.648001 0.000000 0.000000 0.000000
vn -0.730051 0.649974 0.211091
v -59.998100 12.844213 77.790672 0.000000 0.000000 0.000000
vn -0.733963 0.582133 0.349883
v -30.636633 -50.508320 105.355072 1.000000 1.000000 1.000000
vn -0.569598 -0.118407 0.813350
v -53.386761 -25.235319 106.580482 0.027451 0.027451 0.027451
vn 0.916595 -0.040396 -0.397772
v 20.492714 -21.329517 48.573639 0.000000 0.000000 0.000000
vn 0.601682 0.753753 0.264262
v -34.688805 30.083794 75.882187 0.764706 0.764706 0.764706
vn -0.959930 -0.015504 0.279811
v -70.452087 -16.133593 83.715034 0.000000 0.000000 0.000000
vn -0.650244 0.049300 -0.758124
v -56.225903 -16.959568 30.951939 0.007843 0.007843 0.007843
vn 0.629049 0.776372 0.039283
v -12.216412 13.478747 115.741455 0.000000 0.000000 0.000000
vn -0.761440 0.588813 -0.271124
v -68.912895 -1.025198 57.947193 0.082353 0.074510 0.078431
vn 0.735604 -0.661789 0.144642
v 16.660814 -36.527184 47.935879 0.000000 0.000000 0.000000
vn -0.284193 -0.359640 0.888759
v -26.731146 -10.302472 116.475586 0.000000 0.000000 0.000000
vn -0.444103 -0.505259 -0.739923
v 13.610366 -35.878838 35.974289 0.407843 0.407843 0.407843
vn 0.499555 0.378195 0.779367
v 21.871590 -28.907677 46.664680 0.643137 0.643137 0.643137
vn 0.328553 -0.856745 0.397544
v -8.519805 -61.111534 86.850487 0.000000 0.000000 0.000000
vn -0.986819 -0.159755 0.025836
v -72.733688 -8.656581 79.960289 0.925490 0.831373 0.882353
vn -0.471155 -0.472120 -0.745060
v 15.543418 -35.735725 34.624416 0.866667 0.866667 0.866667
vn 0.407839 -0.503705 -0.761544
v -4.346176 -43.379951 30.562378 0.000000 0.000000 0.000000
vn 0.809505 -0.516427 0.279293
v -22.464050 -55.250061 114.424194 0.000000 0.000000 0.000000
vn -0.330742 0.511793 -0.792892
v 15.648693 -28.106689 34.723385 0.533333 0.533333 0.533333
vn 0.673985 0.737378 0.044923
v 7.991573 17.586071 69.847557 0.000000 0.000000 0.000000
vn 0.777799 0.250051 0.576631
v 13.458441 -6.168231 95.990829 0.000000 0.000000 0.000000
vn 0.855346 -0.115306 0.505062
v 15.689704 -22.143333 95.269638 0.000000 0.000000 0.000000
vn -0.100421 -0.981014 0.165912
v 16.730848 -39.296925 42.391075 0.596078 0.596078 0.596078
vn -0.286621 -0.903699 -0.318084
v 17.250786 -38.983528 37.640747 0.941177 0.941177 0.941177
vn 0.820193 0.001506 0.572085
v 15.559904 -17.983585 95.808563 0.000000 0.000000 0.000000
vn -0.252380 -0.948698 -0.190461
v 16.885298 -39.239620 39.040733 0.874510 0.874510 0.874510
vn -0.226534 0.232400 0.945871
v -29.361010 3.107858 104.474617 1.000000 1.000000 1.000000
vn -0.368670 0.914598 0.166111
v -35.011082 23.513014 41.489521 1.000000 1.000000 1.000000
vn -0.197594 0.625575 -0.754726
v -33.517975 16.979715 35.864513 0.000000 0.000000 0.000000
vn 0.162862 0.737981 0.654874
v -35.175476 27.961811 78.966599 0.098039 0.098039 0.098039
vn -0.196572 0.883782 0.424604
v -28.673237 -6.231877 112.153641 0.101961 0.101961 0.101961
vn 0.436807 0.865442 -0.245376
v -34.464462 29.855675 72.927162 0.360784 0.360784 0.360784
vn -0.159728 0.693763 0.702268
v -32.385300 15.274188 101.704071 0.000000 0.000000 0.000000
vn -0.205744 0.410454 -0.888368
v -34.024010 1.045065 24.371170 0.000000 0.000000 0.000000
vn -0.043270 -0.530917 -0.846318
v -26.185078 -44.010803 25.933424 0.000000 0.000000 0.000000
vn -0.026898 0.198949 0.979641
v -30.571789 3.493597 104.338219 0.713726 0.713726 0.713726
vn 0.013420 -0.730294 -0.683002
v -23.863205 -54.789852 34.651772 0.000000 0.000000 0.000000
vn -0.294662 0.948054 0.119868
v -34.940754 22.791624 43.402699 0.439216 0.439216 0.439216
vn -0.111425 0.054192 0.992294
v -29.681604 4.274741 104.313210 0.686275 0.686275 0.686275
vn 0.210893 0.843301 0.494336
v -34.283760 28.603531 77.736649 0.180392 0.180392 0.180392
vn -0.264514 0.945216 -0.191308
v -34.511055 23.937685 39.404072 1.000000 1.000000 1.000000
vn -0.338048 0.040618 -0.940252
v -34.556774 19.076542 36.536209 0.529412 0.529412 0.529412
vn -0.217546 0.750407 0.624150
v -28.142548 -4.312864 109.323502 0.996078 0.996078 0.996078
vn 0.391626 0.860290 -0.326389
v -34.976273 30.170477 73.137604 0.627451 0.627451 0.627451
vn -0.183904 0.660849 0.727639
v -29.243874 -3.409812 108.034943 0.996078 0.996078 0.996078
vn -0.023978 -0.329811 -0.943742
v 0.351968 -26.373768 25.662872 0.000000 0.000000 0.000000
vn 0.277690 -0.504643 -0.817449
v 1.402125 -29.442888 27.291191 0.000000 0.000000 0.000000
vn 0.396716 0.879825 -0.261772
v -5.014155 23.874014 54.599007 0.000000 0.000000 0.000000
vn 0.349707 0.918869 0.182713
v -7.693517 25.989187 77.221375 0.000000 0.000000 0.000000
vn 0.114253 -0.481646 -0.868886
v 0.852178 -28.177679 26.480556 0.000000 0.000000 0.000000
vn 0.611151 -0.335287 0.716992
v 5.180977 -35.909271 102.857925 0.000000 0.000000 0.000000
vn 0.633989 -0.497270 0.592267
v 24.197203 -35.601837 45.132809 0.992157 0.992157 0.992157
vn 0.442212 0.812961 0.378870
v 23.083639 -25.953701 42.708935 0.898039 0.898039 0.898039
vn 0.725062 -0.637451 0.260656
v 25.316408 -37.060799 41.983994 1.000000 1.000000 1.000000
vn 0.571220 0.215394 0.792031
v 23.954397 -30.137358 45.935368 0.933333 0.933333 0.933333
vn 0.447258 0.874457 -0.187842
v 22.873989 -25.409222 38.306759 0.972549 0.972549 0.972549
vn 0.903459 0.422501 -0.072494
v 19.591364 2.112267 64.391632 0.000000 0.000000 0.000000
vn 0.136907 0.855470 0.499428
v -17.270348 23.102184 91.600945 0.000000 0.000000 0.000000
vn 0.292041 -0.107162 0.950383
v -9.870731 -24.098700 114.224991 0.000000 0.000000 0.000000
vn 0.208637 -0.127254 -0.969679
v -14.401320 -24.285511 20.316214 0.000000 0.000000 0.000000
vn 0.402996 -0.554469 0.728120
v -14.584461 -3.502668 124.604393 0.000000 0.000000 0.000000
vn 0.241075 0.399807 0.884329
v -17.136599 8.244596 126.831177 0.000000 0.000000 0.000000
vn 0.113990 0.779534 0.615901
v -19.693661 14.751328 102.952072 0.000000 0.000000 0.000000
vn 0.059193 0.760879 0.646188
v -21.255116 17.903551 99.688278 0.000000 0.000000 0.000000
vn 0.208651 0.596769 0.774810
v -17.286396 11.922461 124.715637 0.000000 0.000000 0.000000
vn 0.024876 0.994776 0.099007
v -23.361780 29.602156 72.703201 0.000000 0.000000 0.000000
vn 0.154352 -0.055673 -0.986446
v -16.338068 -22.318493 19.754637 0.000000 0.000000 0.000000
vn 0.156531 0.692211 -0.704516
v -16.675327 14.849234 33.447582 0.000000 0.000000 0.000000
vn 0.058338 0.951025 0.303560
v -18.949898 15.609834 119.687180 0.000000 0.000000 0.000000
vn -0.321826 0.916428 -0.237883
v -40.760853 25.611830 56.616444 0.000000 0.000000 0.000000
vn -0.058171 -0.995243 0.078150
v -27.515137 -67.531334 71.982552 0.000000 0.000000 0.000000
vn 0.377095 -0.919137 0.113958
v -27.956367 -60.327030 112.220558 0.000000 0.000000 0.000000
vn -0.835527 -0.543746 -0.078960
v -30.661858 -38.140671 110.073364 0.749020 0.749020 0.749020
vn -0.868670 -0.384182 -0.312755
v -30.357338 -39.578838 112.575844 0.478431 0.478431 0.478431
vn -0.279938 0.116792 -0.952887
v -38.033443 -13.111417 21.330160 0.000000 0.000000 0.000000
vn -0.829135 -0.558089 -0.032728
v -30.754679 -37.948112 109.008171 0.996078 0.996078 0.996078
vn -0.156886 -0.698524 -0.698177
v -31.124084 -52.849068 33.335159 0.000000 0.000000 0.000000
vn -0.368294 0.713940 -0.595525
v -39.063759 17.688841 39.066559 0.000000 0.000000 0.000000
vn -0.796779 0.477278 0.370607
v -41.852428 26.661217 76.928345 0.498039 0.498039 0.498039
vn -0.608313 0.789388 -0.082598
v -42.246181 26.615658 72.859085 0.015686 0.015686 0.015686
vn -0.845695 -0.506004 -0.169587
v -30.546432 -38.614124 111.412956 0.482353 0.482353 0.482353
vn -0.317485 0.670728 -0.670319
v -39.210819 13.770998 34.830120 0.000000 0.000000 0.000000
vn -0.580721 -0.132091 0.803315
v -31.741890 -34.765541 114.116669 0.000000 0.000000 0.000000
vn -0.827156 -0.197413 -0.526157
v -29.837938 -42.906837 114.072540 0.721569 0.721569 0.721569
vn -0.796977 0.394065 0.457757
v -41.753345 26.914087 76.882042 0.627451 0.627451 0.627451
vn -0.536244 0.404575 0.740784
v -50.207935 0.679921 104.235062 0.635294 0.701961 0.760784
vn -0.601423 0.539528 -0.589237
v -53.929092 6.838000 38.864296 0.000000 0.000000 0.000000
vn -0.498981 0.327226 0.802460
v -49.469097 -2.459739 106.261932 0.388235 0.388235 0.388235
vn -0.537914 0.550081 0.638795
v -50.721825 7.440218 99.230026 0.662745 0.654902 0.650980
vn -0.569592 0.626072 -0.532540
v -51.861988 11.971325 42.025703 0.000000 0.000000 0.000000
vn -0.565768 0.576300 0.589733
v -52.069569 8.622599 96.973686 0.521569 0.521569 0.521569
vn -0.530361 0.341800 0.775816
v -49.714432 -2.170211 105.968117 0.454902 0.454902 0.454902
vn -0.547201 0.505782 0.666900
v -51.132130 5.487556 100.444603 0.607843 0.725490 0.831373
vn -0.443245 -0.303413 -0.843490
v -45.584824 -33.850319 26.482243 0.000000 0.000000 0.000000
vn -0.569770 0.316510 -0.758408
v -52.421593 -3.008886 31.246296 0.000000 0.000000 0.000000
vn -0.555992 0.543182 0.629148
v -51.385204 7.603447 98.519798 0.674510 0.674510 0.674510
vn -0.370675 -0.928752 0.004460
v -41.955841 -64.491562 68.093582 0.000000 0.000000 0.000000
vn -0.551060 0.162681 -0.818455
v -51.820969 -10.353756 28.404089 0.000000 0.000000 0.000000
vn -0.362554 -0.630839 -0.686001
v -42.065273 -49.730381 34.296513 0.000000 0.000000 0.000000
vn -0.355728 -0.844088 -0.401214
v -41.529385 -60.351871 48.430473 0.000000 0.000000 0.000000
vn -0.544089 0.454610 0.705193
v -50.810696 3.356956 102.197983 0.482353 0.662745 0.811765
vn -0.475492 0.215325 0.852961
v -47.546791 -8.398360 109.465744 0.000000 0.000000 0.000000
vn -0.534063 0.566646 0.627446
v -50.353443 8.552247 98.586365 0.454902 0.454902 0.454902
vn -0.364773 -0.880605 -0.302448
v -42.187359 -61.820309 52.671642 0.000000 0.000000 0.000000
vn -0.540935 0.476266 0.693225
v -50.714771 4.451704 101.536667 0.600000 0.729412 0.831373
vn -0.584440 0.409888 -0.700301
v -52.780098 0.755018 33.417782 0.000000 0.000000 0.000000
vn -0.567882 0.613480 0.548773
v -52.561306 9.875560 95.255554 0.286275 0.286275 0.286275
vn -0.543965 0.600976 -0.585602
v -50.300430 10.853404 39.208595 0.000000 0.000000 0.000000
vn -0.610251 0.787186 -0.089062
v -54.103256 19.487307 63.427906 0.000000 0.000000 0.000000
vn -0.520829 0.352423 0.777519
v -49.730995 -1.499750 105.657814 0.533333 0.533333 0.533333
vn -0.802982 0.303910 -0.512697
v -52.801086 -39.421715 31.381058 0.631373 0.631373 0.631373
vn -0.598764 -0.082268 0.796689
v -54.199863 -23.444649 106.220993 0.207843 0.207843 0.207843
vn -0.651496 -0.756094 0.062241
v -52.280067 -44.370098 33.581249 0.992157 0.992157 0.992157
vn -0.682551 0.276298 0.676597
v -57.240425 -5.525208 101.262581 0.050980 0.392157 0.666667
vn -0.562044 -0.826336 0.035716
v -51.567501 -44.835377 33.755867 0.937255 0.937255 0.937255
vn -0.659774 0.445575 -0.605112
v -56.455101 2.808867 38.227394 0.000000 0.000000 0.000000
vn -0.661047 0.200273 0.723124
v -56.522198 -9.281186 103.199532 0.203922 0.203922 0.203922
vn -0.734489 0.502536 -0.456052
v -60.331226 5.623871 45.886295 0.000000 0.000000 0.000000
vn -0.665159 0.220059 0.713539
v -56.519463 -8.378560 102.950577 0.364706 0.364706 0.364706
vn -0.668603 0.209168 -0.713595
v -52.102577 -40.408432 29.963211 0.992157 0.992157 0.992157
vn -0.644291 -0.269335 -0.715784
v -53.806557 -36.707806 33.081764 0.000000 0.000000 0.000000
vn -0.592223 -0.257208 -0.763620
v -53.255890 -32.036377 30.749756 0.000000 0.000000 0.000000
vn -0.669873 -0.287032 -0.684750
v -56.761669 -33.761715 34.452515 0.000000 0.000000 0.000000
vn -0.573861 -0.741415 0.347833
v -51.837479 -55.307663 85.373428 0.000000 0.000000 0.000000
vn -0.504626 -0.835512 0.217423
v -49.287590 -59.587574 78.487053 0.000000 0.000000 0.000000
vn -0.677024 0.302492 0.670922
v -56.554867 -4.887939 101.673820 0.000000 0.360784 0.650980
vn -0.711781 0.476529 0.516031
v -58.941628 4.545863 92.912453 0.380392 0.513726 0.623529
vn 0.580723 0.537577 -0.611369
v 3.325799 7.190566 37.288074 0.000000 0.000000 0.000000
vn 0.942084 -0.331473 -0.051022
v 8.476030 -25.774246 31.032927 0.000000 0.000000 0.000000
vn 0.710590 -0.158886 0.685432
v 10.461863 -27.083748 101.060745 0.000000 0.000000 0.000000
vn 0.738940 -0.585942 -0.332626
v 11.842834 -47.486382 51.544296 0.000000 0.000000 0.000000
vn 0.600811 0.015083 -0.799249
v 8.965940 -26.676468 27.145588 0.000000 0.000000 0.000000
vn 0.720598 -0.650289 -0.240548
v 7.929373 -28.843546 26.445261 0.000000 0.000000 0.000000
vn 0.510957 0.666752 -0.542554
v 1.158697 13.413590 41.671066 0.000000 0.000000 0.000000
vn 0.783530 -0.576244 -0.232431
v 13.992995 -47.082642 56.599258 0.000000 0.000000 0.000000
vn 0.214692 -0.755056 -0.619514
v 11.224936 -37.793697 40.140881 0.000000 0.000000 0.000000
vn 0.626018 0.018880 -0.779580
v 6.597970 -21.168461 23.482269 0.000000 0.000000 0.000000
vn 0.404216 -0.566874 -0.717818
v 10.502483 -36.125015 38.259628 0.000000 0.000000 0.000000
vn -0.777986 0.559863 -0.285116
v -22.088202 -1.901191 120.698883 0.031373 0.031373 0.031373
vn -0.000182 -0.752213 0.658920
v -22.379801 -10.182259 117.715034 0.000000 0.000000 0.000000
vn 0.250429 -0.959869 0.126242
v -12.432246 -65.956703 74.097862 0.000000 0.000000 0.000000
vn -0.120268 0.950496 -0.286520
v -30.368687 27.251965 53.348881 0.000000 0.000000 0.000000
vn 0.187481 -0.959677 0.209454
v -14.692286 -65.905632 77.314308 0.000000 0.000000 0.000000
vn 0.174938 -0.587586 -0.790025
v -16.150608 -47.365871 28.951527 0.000000 0.000000 0.000000
vn 0.023544 -0.792934 0.608852
v -20.162180 -6.842180 123.217644 0.000000 0.000000 0.000000
vn -0.725753 0.654448 -0.212085
v -21.822426 -2.827625 118.283394 0.505882 0.505882 0.505882
vn -0.721602 0.629317 0.288530
v -21.953608 -2.996303 113.864151 0.992157 0.992157 0.992157
vn -0.639830 -0.039695 0.767491
v -23.292795 5.400753 107.228729 0.741176 0.741176 0.741176
vn 0.195886 -0.528934 -0.825747
v -15.117264 -44.928070 27.521805 0.000000 0.000000 0.000000
vn -0.083277 0.912951 -0.399481
v -28.602552 25.512722 48.150497 0.000000 0.000000 0.000000
vn -0.600426 0.423605 0.678268
v -65.431900 -3.254448 89.245392 0.352941 0.317647 0.337255
vn -0.871278 0.219903 -0.438767
v -67.010635 -7.965749 46.877377 0.000000 0.000000 0.000000
vn -0.732631 -0.315883 0.602885
v -59.940273 -34.600071 97.307518 0.262745 0.262745 0.262745
vn 0.310855 -0.924141 -0.222111
v -55.933308 -61.059750 69.597046 0.996078 0.996078 0.996078
vn 0.088456 -0.957754 0.273648
v -57.220268 -61.487663 71.230553 1.000000 1.000000 1.000000
vn -0.824971 0.172400 0.538238
v -64.417175 -12.680058 94.991661 0.027451 0.027451 0.027451
vn -0.787472 0.497895 0.363303
v -65.563652 -0.804842 86.615440 0.223529 0.200000 0.211765
vn 0.143592 -0.556968 0.818027
v -55.640472 -59.022850 73.169479 0.670588 0.670588 0.670588
vn -0.696683 0.589198 0.409241
v -65.573578 -1.375246 87.477280 0.698039 0.631373 0.666667
vn 0.207028 -0.637591 0.742036
v -56.076836 -60.042774 72.555756 0.988235 0.988235 0.988235
vn -0.729115 -0.520875 -0.443938
v -58.156776 -54.571712 66.417061 0.000000 0.000000 0.000000
vn -0.729556 -0.335553 0.595947
v -57.598782 -55.339169 73.822342 0.039216 0.039216 0.039216
vn -0.830782 -0.031085 -0.555729
v -65.004364 -20.693441 40.850796 0.000000 0.000000 0.000000
vn -0.800305 0.119153 0.587634
v -63.218998 -13.179490 96.729752 0.329412 0.352941 0.364706
vn -0.796804 0.079788 0.598947
v -63.562714 -14.788892 96.541740 0.270588 0.509804 0.701961
vn -0.828476 0.233261 -0.509133
v -64.698807 -7.194582 42.996197 0.000000 0.000000 0.000000
vn -0.539593 0.382567 0.749988
v -50.251507 -0.341068 104.743889 0.631373 0.682353 0.721569
vn -0.575256 -0.608314 -0.546841
v -50.983311 -45.673672 36.522301 0.039216 0.039216 0.039216
vn 0.264553 -0.734085 -0.625404
v -48.587715 -44.556038 30.752872 0.996078 0.996078 0.996078
vn -0.719030 0.680786 0.139738
v -70.592133 -2.532575 60.691750 0.745098 0.670588 0.709804
vn -0.579417 0.786306 0.214471
v -33.611820 -53.761066 106.988052 0.792157 0.792157 0.792157
vn -0.934313 -0.075826 0.348295
v -69.528648 -22.918098 85.847870 0.000000 0.000000 0.000000
vn -0.852380 -0.024061 -0.522369
v -72.554268 -17.544382 57.893753 0.850980 0.756863 0.780392
vn -0.986118 -0.165576 0.012489
v -72.510796 -26.999287 68.846588 0.000000 0.000000 0.000000
vn -0.986339 -0.155657 0.053914
v -74.351784 -15.817891 61.124550 0.921569 0.835294 0.882353
vn 0.193310 -0.980591 0.032745
v -30.067926 -61.132442 110.580002 0.000000 0.000000 0.000000
vn -0.608968 0.498498 -0.616975
v -35.443054 -51.080059 117.969604 0.000000 0.000000 0.000000
vn -0.389761 0.590174 -0.706952
v -43.047176 9.988901 33.254330 0.000000 0.000000 0.000000
vn -0.266815 -0.093674 0.959185
v -36.898277 -22.722937 114.893555 0.000000 0.000000 0.000000
vn -0.143827 -0.876279 0.459836
v -31.607004 -59.525536 94.247292 0.000000 0.000000 0.000000
vn -0.310809 -0.892638 0.326489
v -36.558189 -34.444725 104.965126 0.270588 0.270588 0.270588
vn -0.607979 0.658455 0.443619
v -32.890450 -51.828255 103.910446 0.854902 0.854902 0.854902
vn -0.394085 0.583151 0.710375
v -44.433704 9.380388 102.135612 0.000000 0.000000 0.000000
vn -0.399616 0.728999 0.555758
v -43.380680 16.970011 94.870415 0.000000 0.000000 0.000000
vn -0.288273 -0.855433 0.430271
v -36.986778 -34.796421 103.769997 0.376471 0.376471 0.376471
vn -0.569133 0.799635 0.191500
v -33.320820 -53.698860 107.539917 0.858824 0.858824 0.858824
vn -0.378221 0.301657 0.875187
v -43.478649 -4.534551 110.360146 0.000000 0.000000 0.000000
vn -0.553638 0.615176 0.561288
v -33.862114 -50.982918 101.677170 0.839216 0.839216 0.839216
vn -0.360432 -0.655493 0.663640
v -37.097633 -36.489822 101.141647 0.996078 0.996078 0.996078
vn -0.321711 -0.917758 0.232859
v -36.657085 -34.100056 105.781769 0.070588 0.070588 0.070588
vn -0.542538 0.768303 -0.339653
v -33.509472 -53.520035 113.206497 0.243137 0.243137 0.243137
vn -0.275003 0.400453 0.874077
v -42.824802 -0.697175 109.129990 0.000000 0.000000 0.000000
vn -0.545579 0.837873 -0.017685
v -33.405010 -54.099762 110.350166 0.466667 0.466667 0.466667
vn -0.215608 -0.975350 0.046954
v -33.699970 -58.135181 98.395302 0.000000 0.000000 0.000000
vn -0.240289 -0.538109 -0.807899
v -36.369850 -45.519085 28.647572 0.000000 0.000000 0.000000
vn -0.597983 0.648962 0.470387
v -33.966385 -52.188694 103.028961 0.584314 0.584314 0.584314
vn -0.796299 -0.185210 -0.575852
v -72.705116 -8.253204 63.318920 0.854902 0.780392 0.815686
vn -0.457099 -0.530154 -0.714141
v 14.184931 -35.717232 35.495781 0.607843 0.607843 0.607843
vn -0.560291 0.556528 0.613474
v -35.010868 -51.369411 100.934174 0.498039 0.498039 0.498039
vn -0.926153 -0.358840 -0.116081
v -71.908295 -10.852696 81.069580 0.913726 0.843137 0.878431
vn 0.773406 -0.611706 -0.166310
v 13.489858 -48.731369 59.522175 0.000000 0.000000 0.000000
vn 0.974442 0.117312 -0.191577
v 23.135769 -13.222254 58.004536 0.000000 0.000000 0.000000
vn 0.195876 0.444376 -0.874164
v 20.761889 -28.686472 33.192692 0.996078 0.996078 0.996078
vn 0.913248 0.320723 -0.251226
v 20.684931 -4.057737 56.234718 0.000000 0.000000 0.000000
vn 0.160893 0.515626 0.841572
v -36.728825 29.333378 78.330322 0.929412 0.929412 0.929412
vn -0.565949 0.751445 0.339166
v -66.240570 -1.692858 86.787460 0.921569 0.831373 0.878431
vn -0.845874 0.516631 0.132623
v -42.311565 26.681677 75.764359 0.501961 0.501961 0.501961
vn -0.218321 0.076269 -0.972892
v -49.001301 -38.403290 29.390013 0.133333 0.133333 0.133333
vn -0.897939 0.431642 -0.085970
v -69.481506 -1.341151 61.751194 0.000000 0.000000 0.000000
vn -0.929324 -0.322235 0.180338
v -72.755257 -10.923119 68.402214 0.486275 0.443137 0.462745
vn 0.929020 -0.173051 -0.327071
v 20.857122 -27.480644 51.460274 0.000000 0.000000 0.000000
vn -0.344937 -0.674065 -0.653188
v 17.080324 -37.254414 34.893326 0.968628 0.968628 0.968628
vn 0.937708 0.332706 -0.100055
v 21.432728 -2.829371 62.458782 0.000000 0.000000 0.000000
vn -0.916414 0.372501 0.146384
v -70.462944 -5.376536 76.369720 0.000000 0.000000 0.000000
vn -0.092008 0.602788 0.792579
v -38.400192 28.587385 78.846741 0.898039 0.898039 0.898039
vn 0.763124 -0.636329 0.112817
v 12.605771 -50.417664 73.150764 0.000000 0.000000 0.000000
vn 0.752394 -0.283424 -0.594621
v 8.227547 -27.875727 32.381935 0.000000 0.000000 0.000000
vn 0.459100 0.343681 -0.819213
v -1.776039 -2.299520 27.842125 0.000000 0.000000 0.000000
vn -0.037470 0.745291 0.665686
v -30.295225 -4.099782 108.608963 0.584314 0.584314 0.584314
vn 0.834902 -0.540773 0.102479
v 15.713869 -46.458416 72.170639 0.000000 0.000000 0.000000
vn -0.732949 0.091563 0.674093
v -59.700489 -13.646531 101.022408 0.309804 0.298039 0.282353
vn -0.999289 0.020474 0.031649
v -21.352510 11.861801 122.308517 0.000000 0.000000 0.000000
vn -0.825062 0.508935 -0.245477
v -20.405678 -0.764982 118.660797 0.992157 0.992157 0.992157
vn 0.642892 0.740272 -0.196692
v -30.093872 22.217751 39.910210 0.603922 0.603922 0.603922
vn -0.830302 -0.453875 0.323412
v -20.374063 9.300059 113.705132 0.513726 0.513726 0.513726
vn -0.388541 -0.731198 -0.560701
v -43.683945 -54.438313 40.411366 0.000000 0.000000 0.000000
vn -0.918202 0.359708 -0.165875
v -23.333445 -1.875249 123.846504 0.000000 0.000000 0.000000
vn -0.946026 -0.322473 -0.032334
v -18.682587 7.204583 117.520096 1.000000 1.000000 1.000000
vn -0.805884 0.190731 0.560511
v -66.075401 -8.764230 90.992943 0.000000 0.000000 0.000000
vn -0.856384 0.512657 0.061561
v -70.426949 -5.560555 77.731117 0.000000 0.000000 0.000000
vn 0.786349 -0.029331 -0.617085
v 13.990516 -21.122179 37.621246 0.000000 0.000000 0.000000
vn -0.850195 0.327564 0.412154
v -20.065331 0.915048 112.326859 1.000000 1.000000 1.000000
vn 0.361372 0.862553 0.354136
v 22.316635 -25.583523 42.673256 0.827451 0.827451 0.827451
vn -0.435376 -0.387401 -0.812630
v 16.290106 -34.892696 33.698505 0.929412 0.929412 0.929412
vn -0.557764 0.660326 0.502860
v -50.457222 13.800514 92.901405 0.000000 0.000000 0.000000
vn -0.782971 0.335460 0.523854
v -62.431614 -2.466638 93.442749 0.317647 0.388235 0.443137
vn -0.931610 -0.347844 -0.105393
v -69.884430 -36.049099 63.305241 0.000000 0.000000 0.000000
vn 0.697355 0.044724 -0.715329
v 10.030439 -16.944468 33.165661 0.000000 0.000000 0.000000
vn 0.014129 -0.989043 0.146948
v 17.822544 -39.423771 42.039074 0.819608 0.819608 0.819608
vn 0.921339 -0.321104 0.219150
v 18.967598 -38.381153 76.093094 0.000000 0.000000 0.000000
vn 0.570515 0.093542 0.815943
v 3.807427 -14.878425 107.552925 0.000000 0.000000 0.000000
vn 0.427697 -0.258450 -0.866186
v -3.603170 -31.898857 25.609934 0.000000 0.000000 0.000000
vn -0.762682 0.045684 0.645159
v -58.195789 -55.834122 73.127243 0.313726 0.313726 0.313726
vn -0.720855 0.659973 0.211671
v -71.263107 -3.955588 63.203136 0.847059 0.764706 0.807843
vn -0.773060 -0.613376 0.161703
v -58.655064 -53.099464 74.372063 0.000000 0.000000 0.000000
vn 0.964167 0.059096 -0.258630
v 8.687419 -23.551455 31.467718 0.000000 0.000000 0.000000
vn -0.685736 0.687937 0.237716
v -71.770599 -4.882162 64.372345 0.909804 0.823529 0.870588
vn -0.917992 0.054060 0.392897
v -23.220678 -1.740263 125.418518 0.000000 0.000000 0.000000
vn 0.078144 0.263695 0.961436
v -32.022617 2.222837 104.666481 0.588235 0.588235 0.588235
vn 0.381468 0.357417 -0.852488
v -5.806836 -1.754281 26.067177 0.000000 0.000000 0.000000
vn 0.970797 0.234304 0.051524
v 19.125408 -26.881165 47.031532 0.000000 0.000000 0.000000
vn -0.971611 0.135140 -0.194187
v -60.183311 -57.847752 70.025322 0.984314 0.984314 0.984314
vn -0.818167 -0.239609 -0.522677
v -30.532677 -42.088299 114.811661 0.356863 0.356863 0.356863
vn 0.341037 -0.600837 -0.722972
v 21.973166 -36.780594 34.114021 0.996078 0.996078 0.996078
vn 0.775927 -0.531507 0.339760
v 12.202640 -46.366222 84.754906 0.000000 0.000000 0.000000
vn -0.797286 -0.351698 0.490554
v -21.151350 7.850364 110.628746 0.521569 0.521569 0.521569
vn -0.587739 0.471898 -0.657172
v -53.091270 4.035893 35.812386 0.000000 0.000000 0.000000
vn 0.784558 0.505537 -0.359029
v 17.452652 -24.199730 43.097870 0.000000 0.000000 0.000000
vn -0.681298 0.730220 0.051112
v -70.981873 -6.057960 77.281319 0.196078 0.184314 0.188235
vn 0.465977 0.705478 0.534009
v -1.635212 15.494338 93.954155 0.000000 0.000000 0.000000
vn -0.836375 0.385828 -0.389377
v -22.732214 -1.410262 122.682144 0.000000 0.000000 0.000000
vn -0.684117 -0.187665 0.704816
v -25.224194 10.807172 106.963440 0.000000 0.000000 0.000000
vn -0.074532 -0.345156 0.935582
v -20.381599 -1.435961 127.307404 0.000000 0.000000 0.000000
vn -0.762573 -0.644746 -0.052766
v -31.564062 -36.954456 110.245979 0.454902 0.454902 0.454902
vn -0.679200 -0.028740 0.733390
v -56.674152 -19.935539 104.363571 0.400000 0.501961 0.588235
vn -0.869090 -0.192187 -0.455792
v -66.704536 -28.101604 45.341793 0.000000 0.000000 0.000000
vn -0.800103 0.311318 -0.512754
v -52.846954 -39.929745 31.151045 0.803922 0.803922 0.803922
vn 0.471154 0.527814 0.706701
v -25.918552 -41.256721 119.269852 0.000000 0.000000 0.000000
vn -0.907734 0.419540 -0.002259
v -68.430794 1.989290 68.415085 0.000000 0.000000 0.000000
vn 0.966429 0.250458 -0.057327
v 22.775837 -6.621181 65.038788 0.000000 0.000000 0.000000
vn -0.140627 -0.387088 0.911256
v -34.261856 -53.061455 122.069145 0.000000 0.000000 0.000000
vn -0.869391 -0.339727 -0.358810
v -66.617577 -35.505569 49.763149 0.000000 0.000000 0.000000
vn -0.543959 0.492750 0.679195
v -50.867306 4.963990 101.052879 0.588235 0.725490 0.839216
vn -0.684823 -0.618026 0.386084
v -57.881592 -48.977394 86.767395 0.000000 0.000000 0.000000
vn -0.300846 -0.816350 -0.493015
v -39.441223 -58.632732 43.666363 0.000000 0.000000 0.000000
vn -0.918288 -0.395678 -0.013619
v -71.355782 -13.446468 83.792305 0.917647 0.831373 0.878431
vn -0.806335 0.148546 -0.572502
v -72.410469 -16.776638 57.812714 0.549020 0.482353 0.494118
vn 0.844957 -0.084298 0.528149
v -9.794186 2.701661 122.465012 0.000000 0.000000 0.000000
vn -0.692613 0.719973 -0.043900
v -70.956635 -6.004632 78.914246 0.670588 0.615686 0.643137
vn 0.608227 -0.698345 -0.377325
v 5.681279 -52.863457 49.499054 0.000000 0.000000 0.000000
vn 0.414003 0.581942 0.699960
v -3.526507 9.392407 101.727768 0.000000 0.000000 0.000000
vn 0.429841 0.524303 0.735080
v -7.214285 6.198344 106.088951 0.000000 0.000000 0.000000
vn 0.495330 -0.382149 -0.780135
v 0.162124 -37.656654 29.956024 0.000000 0.000000 0.000000
vn 0.346187 0.934586 0.081879
v -8.100531 26.954168 71.596687 0.000000 0.000000 0.000000
vn 0.305721 0.949447 -0.071305
v -9.647427 27.448256 64.377228 0.000000 0.000000 0.000000
vn 0.527445 -0.111017 0.842304
v 2.181268 -24.279667 108.521179 0.000000 0.000000 0.000000
vn 0.355235 0.502053 -0.788512
v -6.494458 5.488342 29.504972 0.000000 0.000000 0.000000
vn 0.775381 -0.498549 -0.387600
v 13.666579 -43.181709 49.020649 0.000000 0.000000 0.000000
vn -0.551637 -0.518926 -0.653002
v 13.232744 -35.822495 36.145023 0.215686 0.215686 0.215686
vn 0.455679 0.020593 -0.889906
v 11.800151 -28.252110 36.359997 0.000000 0.000000 0.000000
vn 0.628575 0.545749 -0.554123
v 6.412609 7.697386 40.825317 0.000000 0.000000 0.000000
vn 0.683837 0.275657 0.675559
v 8.559449 -5.646060 101.390907 0.000000 0.000000 0.000000
vn 0.808379 -0.579227 -0.104973
v 14.881611 -47.693737 62.983505 0.000000 0.000000 0.000000
vn -0.375518 -0.803892 -0.461241
v 13.415247 -37.835175 38.429787 0.086275 0.086275 0.086275
vn -0.421030 -0.654693 -0.627782
v 13.768597 -36.872681 36.810173 0.364706 0.364706 0.364706
vn 0.199590 0.748450 0.632445
v -15.718516 13.911557 102.939354 0.000000 0.000000 0.000000
vn 0.485905 -0.281819 0.827330
v -12.599799 -9.298736 114.683212 0.000000 0.000000 0.000000
vn 0.329282 -0.631689 -0.701813
v -7.705907 -49.627159 33.644657 0.000000 0.000000 0.000000
vn 0.132566 0.962401 0.237088
v -17.838886 28.014421 79.508957 0.000000 0.000000 0.000000
vn 0.651601 0.295693 0.698557
v -12.153669 7.616475 124.385788 0.000000 0.000000 0.000000
vn 0.129541 0.627177 -0.768029
v -18.655396 11.719069 30.294737 0.000000 0.000000 0.000000
vn 0.419997 0.874362 -0.243093
v -14.820886 14.837733 112.136719 0.000000 0.000000 0.000000
vn 0.257318 -0.050847 -0.964988
v -11.374366 -21.026722 20.807219 0.000000 0.000000 0.000000
vn 0.138511 -0.813388 -0.564991
v -17.425154 -58.901012 40.569012 0.000000 0.000000 0.000000
vn 0.553762 -0.561012 0.615316
v -18.247530 -50.968540 105.002419 0.000000 0.000000 0.000000
vn 0.020947 -0.206306 -0.978263
v -23.066895 -28.865927 20.036798 0.000000 0.000000 0.000000
vn 0.079178 -0.130957 -0.988221
v -20.216055 -25.282257 19.595211 0.000000 0.000000 0.000000
vn -0.533023 0.508252 0.676436
v -24.115572 -0.956592 108.412804 1.000000 1.000000 1.000000
vn 0.891679 -0.061193 0.448514
v -18.807047 -44.898094 110.988380 0.000000 0.000000 0.000000
vn 0.070004 -0.131561 0.988833
v -20.483349 -25.878807 116.026367 0.000000 0.000000 0.000000
vn 0.552995 0.290758 -0.780805
v -30.724886 20.398352 37.294949 0.533333 0.533333 0.533333
vn -0.056194 0.997225 0.048838
v -32.036201 29.089108 72.292198 0.000000 0.000000 0.000000
vn -0.621385 0.492035 0.609739
v -25.124645 -4.774920 112.067223 0.827451 0.827451 0.827451
vn 0.626496 0.766895 -0.139193
v -30.896700 22.887478 39.418118 0.921569 0.921569 0.921569
vn -0.049925 0.441979 -0.895635
v -26.913563 2.911833 24.239599 0.000000 0.000000 0.000000
vn -0.083487 0.989145 -0.120925
v -28.301712 29.399025 62.575935 0.000000 0.000000 0.000000
vn 0.493589 -0.100670 0.863849
v 21.059185 -32.721622 47.811928 0.549020 0.549020 0.549020
vn 0.928794 -0.042376 0.368165
v 18.806597 -17.560312 89.535431 0.000000 0.000000 0.000000
vn 0.302750 -0.620361 0.723529
v 21.148344 -36.737453 45.900375 0.886275 0.886275 0.886275
vn 0.283736 0.921518 0.265139
v 19.355955 -24.756176 43.219929 0.129412 0.129412 0.129412
vn -0.049180 0.596131 -0.801379
v 19.338495 -27.663803 33.776688 0.964706 0.964706 0.964706
vn 0.366549 -0.433586 0.823192
v 21.320110 -35.533840 46.727474 0.839216 0.839216 0.839216
vn -0.074465 0.929556 -0.361082
v 18.136202 -24.969482 37.677887 0.592157 0.592157 0.592157
vn 0.114208 0.990283 -0.079344
v 19.811195 -24.511879 39.849495 0.627451 0.627451 0.627451
vn 0.018084 0.844932 -0.534568
v 19.872173 -25.753256 35.793751 0.917647 0.917647 0.917647
vn -0.109465 0.846439 -0.521112
v 19.000977 -25.585451 36.208553 0.839216 0.839216 0.839216
vn 0.330045 -0.756068 0.565183
v 22.314770 -37.828209 44.320419 0.984314 0.984314 0.984314
vn -0.071121 0.398371 0.914463
v -36.321983 10.336298 104.724106 0.000000 0.000000 0.000000
vn -0.348940 0.859020 -0.374601
v -39.140839 31.525288 73.854080 1.000000 1.000000 1.000000
vn -0.583973 0.535463 -0.610128
v -37.704945 18.507195 38.704884 0.141176 0.141176 0.141176
vn -0.220395 0.740062 -0.635400
v -38.434231 28.662418 70.537720 0.262745 0.262745 0.262745
vn 0.194134 0.451480 0.870907
v -33.064426 -0.154044 105.791771 0.568627 0.568627 0.568627
vn 0.192286 0.116216 0.974433
v -36.879532 7.883063 105.482880 0.000000 0.000000 0.000000
vn 0.048570 0.727992 0.683862
v -34.324802 -6.547423 112.756607 0.000000 0.000000 0.000000
vn -0.139185 -0.502973 -0.853021
v -30.504871 -43.632462 26.120577 0.000000 0.000000 0.000000
vn -0.280584 0.665824 -0.691340
v -38.804501 29.568932 71.648918 0.854902 0.854902 0.854902
vn -0.698529 0.599333 -0.390971
v -38.323353 19.868607 41.017765 0.133333 0.133333 0.133333
vn -0.106324 0.716904 0.689017
v -38.486629 30.607677 77.811012 1.000000 1.000000 1.000000
vn -0.096088 -0.152848 0.983567
v -29.277933 -26.275831 115.851906 0.000000 0.000000 0.000000
vn -0.068288 -0.606278 -0.792315
v -27.658344 -48.761662 29.293247 0.000000 0.000000 0.000000
vn 0.660445 -0.750174 0.032411
v -24.415466 -58.299011 110.634956 0.000000 0.000000 0.000000
vn 0.210040 0.370094 0.904939
v -33.261028 1.008010 105.287659 0.411765 0.411765 0.411765
vn -0.336448 0.637940 -0.692702
v -38.921394 29.322088 71.488663 0.737255 0.737255 0.737255
vn 0.302868 0.419560 0.855710
v -33.974377 0.240692 105.824814 0.247059 0.247059 0.247059
vn -0.361993 0.650688 -0.667508
v -38.939251 30.341619 72.347763 0.984314 0.984314 0.984314
vn 0.241240 0.952340 0.186686
v -13.087026 27.629290 77.162666 0.000000 0.000000 0.000000
vn 0.388170 -0.148743 -0.909505
v -5.422331 -25.804913 23.360092 0.000000 0.000000 0.000000
vn 0.269435 0.894337 0.357166
v -11.006625 24.545330 85.513962 0.000000 0.000000 0.000000
vn 0.517190 -0.502026 0.693170
v 1.252258 -43.136509 101.734497 0.000000 0.000000 0.000000
vn 0.502313 -0.671985 -0.544167
v -0.147831 -51.862534 41.056114 0.000000 0.000000 0.000000
vn 0.465613 0.252947 0.848070
v -6.366370 -3.706882 110.637604 0.000000 0.000000 0.000000
vn 0.364619 0.931045 -0.014446
v -7.390153 26.830938 67.038780 0.000000 0.000000 0.000000
vn 0.576536 -0.434817 -0.691766
v 4.037467 -40.275867 34.302364 0.000000 0.000000 0.000000
vn -0.289360 -0.951104 -0.108035
v 4.532365 -28.960556 26.681173 0.000000 0.000000 0.000000
vn 0.447515 -0.328461 -0.831771
v -2.456410 -35.301910 27.326214 0.000000 0.000000 0.000000
vn 0.648357 0.553097 0.523179
v -12.316346 10.979658 122.050941 0.000000 0.000000 0.000000
vn 0.648680 0.712481 -0.267553
v -12.400527 10.969954 107.546143 0.000000 0.000000 0.000000
vn 0.348286 -0.020591 0.937162
v -7.418116 -19.705193 113.660858 0.000000 0.000000 0.000000
vn 0.315229 0.015688 -0.948886
v -9.138729 -18.744793 21.426083 0.000000 0.000000 0.000000
vn 0.382181 -0.911122 -0.154256
v -5.461971 -63.399994 60.429836 0.000000 0.000000 0.000000
vn 0.043521 0.981529 0.186299
v -22.793882 28.928944 77.222076 0.000000 0.000000 0.000000
vn 0.100806 0.816986 -0.567778
v -19.957113 21.094646 40.264515 0.000000 0.000000 0.000000
vn 0.204436 -0.225753 -0.952492
v -14.618376 -30.583733 21.426720 0.000000 0.000000 0.000000
vn 0.071662 0.561165 -0.824596
v -20.866798 8.506197 27.615864 0.000000 0.000000 0.000000
vn -0.186731 0.867591 0.460888
v -19.754591 14.972541 121.133568 0.000000 0.000000 0.000000
vn 0.134000 0.377341 -0.916329
v -18.631973 -0.199832 23.113192 0.000000 0.000000 0.000000
vn -0.613028 0.715751 0.334510
v -34.113331 -53.309486 104.727791 0.501961 0.501961 0.501961
vn -0.468052 0.486292 0.737867
v -35.429451 -49.534874 99.199127 0.764706 0.764706 0.764706
vn -0.331085 0.224749 -0.916445
v -40.211731 -7.803315 23.012329 0.000000 0.000000 0.000000
vn -0.470428 0.871998 0.135338
v -47.637894 23.280712 75.233391 0.000000 0.000000 0.000000
vn -0.078621 -0.986034 -0.146821
v -32.222225 -58.556831 100.250603 0.000000 0.000000 0.000000
vn -0.490784 0.819620 -0.295557
v -34.170502 -54.065823 112.970642 0.058824 0.058824 0.058824
vn -0.214467 -0.741305 0.635980
v -37.699554 -36.320747 101.142525 0.854902 0.854902 0.854902
vn -0.347441 -0.891636 -0.290294
v -34.659992 -58.089119 100.947807 0.000000 0.000000 0.000000
vn -0.516143 0.511731 0.686825
v -34.792233 -49.867500 99.869263 0.839216 0.839216 0.839216
vn -0.223148 -0.890059 0.397492
v -38.008106 -34.628139 103.454803 0.145098 0.145098 0.145098
vn -0.491783 -0.742712 0.454454
v -35.428856 -33.406406 111.249863 0.000000 0.000000 0.000000
vn -0.534185 0.533512 0.655752
v -34.966515 -50.706188 100.390030 0.635294 0.635294 0.635294
vn -0.637119 0.672019 0.377452
v -34.466854 -53.209843 103.928185 0.278431 0.278431 0.278431
vn -0.539340 0.590376 0.600474
v -35.346973 -51.836151 101.047424 0.290196 0.290196 0.290196
vn -0.561473 0.801671 0.205113
v -34.375916 -54.250179 106.745384 0.478431 0.478431 0.478431
vn -0.607676 0.602221 0.517745
v -34.700382 -52.230412 102.176788 0.396078 0.396078 0.396078
vn -0.287467 -0.770808 0.568523
v -37.001617 -36.082249 101.729439 0.933333 0.933333 0.933333
vn -0.602009 0.750435 0.272824
v -34.024738 -53.666157 105.748596 0.600000 0.600000 0.600000
vn 0.344828 -0.140789 0.928048
v -44.255154 -43.753822 97.169426 0.070588 0.070588 0.070588
vn -0.557937 0.473002 0.681892
v -51.661545 4.340826 100.855278 0.305882 0.549020 0.752941
vn -0.328946 -0.865352 0.378101
v -40.128967 -61.322639 86.324554 0.000000 0.000000 0.000000
vn -0.537904 0.222459 0.813124
v -51.192631 -7.182369 106.864166 0.039216 0.039216 0.039216
vn -0.579511 0.761778 0.289587
v -52.617275 18.308596 81.702583 0.000000 0.000000 0.000000
vn -0.560318 0.628881 0.539029
v -53.215462 8.886472 95.603241 0.474510 0.474510 0.474510
vn -0.321979 -0.933633 -0.157031
v -40.237274 -64.521500 60.324604 0.000000 0.000000 0.000000
vn -0.543883 0.364822 0.755709
v -50.713394 -1.462991 104.962494 0.611765 0.670588 0.717647
vn -0.603065 0.523142 0.602192
v -51.483452 10.442501 95.765762 0.172549 0.172549 0.172549
vn -0.581808 0.538841 0.609220
v -52.627598 7.310825 97.640610 0.670588 0.721569 0.764706
vn -0.084333 -0.757964 0.646822
v -45.843983 -32.990040 108.342552 0.000000 0.000000 0.000000
vn -0.412855 -0.321966 -0.851991
v -46.590038 -37.599045 28.542587 0.000000 0.000000 0.000000
vn -0.124614 0.185272 0.974754
v -41.052326 -51.080643 97.732292 0.000000 0.000000 0.000000
vn 0.404720 -0.607627 0.683368
v -44.852646 -38.181427 99.796761 0.000000 0.000000 0.000000
vn -0.107650 -0.706423 -0.699556
v -45.952503 -44.520596 31.730207 0.090196 0.090196 0.090196
vn -0.562656 0.451799 0.692312
v -51.593323 3.062619 101.767441 0.219608 0.494118 0.721569
vn -0.503485 0.292538 0.812973
v -49.675751 -4.653046 107.004761 0.145098 0.145098 0.145098
vn 0.330514 0.103361 0.938124
v -11.093563 -9.842132 113.979851 0.000000 0.000000 0.000000
vn -0.635708 -0.097657 0.765727
v -54.675461 -23.650795 105.779015 0.329412 0.329412 0.329412
vn -0.726804 0.505085 0.465452
v -59.541607 5.634709 90.960625 0.231373 0.231373 0.231373
vn -0.672680 0.217158 0.707350
v -57.341267 -7.723087 101.958572 0.505882 0.556863 0.600000
vn -0.841126 -0.539114 0.043173
v -53.039696 -43.213573 34.396297 0.717647 0.717647 0.717647
vn -0.907611 0.086533 -0.410796
v -53.551651 -39.370407 32.995232 0.349020 0.349020 0.349020
vn -0.690007 0.431539 0.581088
v -58.740616 2.846350 94.672699 0.000000 0.360784 0.654902
vn -0.590758 -0.168204 0.789122
v -53.809601 -27.625937 105.756088 0.121569 0.121569 0.121569
vn -0.877696 -0.443250 -0.182154
v -53.193771 -43.310280 32.012619 1.000000 1.000000 1.000000
vn -0.592995 -0.740834 -0.315471
v -52.988041 -55.513298 52.787960 0.000000 0.000000 0.000000
vn -0.239710 -0.507711 0.827507
v -51.027405 -44.944096 98.915413 0.000000 0.000000 0.000000
vn -0.892034 -0.089371 -0.443044
v -53.872555 -39.097340 33.662544 0.109804 0.109804 0.109804
vn -0.533994 -0.635877 0.557235
v -50.579357 -50.067581 94.833305 0.000000 0.000000 0.000000
vn -0.704648 0.410947 0.578440
v -59.904133 1.196785 94.503082 0.000000 0.352941 0.647059
vn -0.828862 -0.070423 -0.555004
v -53.003906 -42.039005 30.563677 1.000000 1.000000 1.000000
vn -0.415531 -0.907087 0.067290
v -50.812756 -60.028671 70.154984 0.000000 0.000000 0.000000
vn -0.713808 -0.453051 0.534062
v -58.856480 -40.306751 95.042282 0.000000 0.000000 0.000000
vn -0.761244 -0.253441 0.596888
v -61.421890 -31.248075 97.060120 0.678431 0.749020 0.807843
vn -0.512379 0.442118 0.736206
v -66.163139 -3.661738 88.940788 0.803922 0.733333 0.764706
vn -0.743014 -0.492812 0.452844
v -60.330288 -43.427391 89.989075 0.000000 0.000000 0.000000
vn -0.695267 -0.680066 0.232623
v -58.214611 -52.268131 79.170227 0.000000 0.000000 0.000000
vn -0.783448 -0.047900 0.619609
v -62.942211 -20.849661 97.695244 0.000000 0.352941 0.647059
vn -0.754998 -0.295613 0.585313
v -61.077492 -33.467571 96.473480 0.466667 0.466667 0.466667
vn -0.494002 0.399503 0.772243
v -66.273804 -4.273245 89.208328 0.709804 0.650980 0.678431
vn -0.685744 0.680711 0.257658
v -66.480736 -1.489764 85.785545 0.772549 0.698039 0.737255
vn -0.199068 -0.343146 -0.917945
v -57.345009 -58.854961 67.380219 0.643137 0.643137 0.643137
vn -0.789268 0.029932 0.613319
v -63.578629 -16.672949 96.750427 0.007843 0.356863 0.647059
vn -0.779895 -0.287047 0.556208
v -62.280228 -32.831936 95.184341 0.549020 0.549020 0.549020
vn 0.563962 -0.369113 -0.738717
v 2.853627 -37.076599 31.516308 0.000000 0.000000 0.000000
vn -0.786918 -0.178591 0.590648
v -63.028412 -28.100092 96.115997 0.168627 0.478431 0.713726
vn -0.690179 -0.440235 -0.574323
v -55.267345 -39.809013 36.318142 0.000000 0.000000 0.000000
vn -0.883599 0.316348 0.345219
v -72.022148 -7.437290 85.597984 0.925490 0.835294 0.882353
vn 0.898726 0.429368 0.089076
v -9.113511 9.190011 117.209534 0.000000 0.000000 0.000000
vn -0.595011 0.487702 0.638834
v -53.258556 4.594460 99.263557 0.050980 0.392157 0.666667
vn -0.615984 0.573944 0.539585
v -54.412769 8.178057 95.010056 0.552941 0.552941 0.549020
vn -0.770481 0.326491 0.547505
v -61.584099 -2.736440 94.833084 0.129412 0.403922 0.635294
vn -0.712388 0.700553 0.041578
v -23.307999 -4.504390 114.992332 0.294118 0.294118 0.294118
vn -0.819439 -0.167928 -0.548014
v -30.679119 -42.742645 115.326927 0.270588 0.270588 0.270588
vn 0.447200 0.886493 0.118920
v -2.155622 24.191040 73.446686 0.000000 0.000000 0.000000
vn -0.868889 0.048968 -0.492578
v -72.392479 -8.950043 62.937862 0.149020 0.129412 0.137255
vn -0.794230 0.350885 -0.496063
v -20.651169 1.120047 121.445190 0.274510 0.274510 0.274510
vn -0.596977 -0.501983 0.625805
v -56.377583 -56.449932 74.342171 0.105882 0.105882 0.105882
vn -0.629546 0.073090 0.773518
v -55.919670 -16.730913 104.972603 0.090196 0.090196 0.086275
vn -0.861667 -0.110883 0.495211
v -66.144608 -24.496058 92.367516 0.525490 0.686275 0.819608
vn -0.660427 0.734671 -0.155225
v -69.510742 -1.358086 58.595158 0.505882 0.454902 0.482353
vn -0.678436 0.358181 -0.641429
v -52.213799 -39.202587 30.729961 0.639216 0.639216 0.639216
vn -0.554396 -0.659929 0.507088
v -33.857456 -37.073658 102.730881 1.000000 1.000000 1.000000
vn 0.425853 0.646168 0.633338
v -3.489892 12.817010 98.521698 0.000000 0.000000 0.000000
vn -0.981392 0.019160 0.191059
v -71.409645 -13.522985 79.757347 0.000000 0.000000 0.000000
vn 0.758267 0.071913 0.647966
v 25.281477 -31.296869 45.124149 0.992157 0.992157 0.992157
vn -0.880613 -0.335158 0.334948
v -19.801674 7.611278 113.065865 0.996078 0.996078 0.996078
vn -0.802322 -0.198833 0.562801
v -63.423710 -28.802612 95.327515 0.403922 0.619608 0.792157
vn -0.671161 0.730663 -0.125202
v -31.933992 -52.910126 111.274300 0.972549 0.972549 0.972549
vn -0.964158 0.264932 -0.014513
v -41.927238 27.692886 74.291573 0.792157 0.792157 0.792157
vn -0.786579 0.080445 0.612227
v -62.531250 -14.342272 97.832657 0.313726 0.521569 0.690196
vn -0.789385 0.161158 0.592367
v -21.096903 2.809128 109.642090 1.000000 1.000000 1.000000
vn -0.992267 0.078717 0.095963
v -72.259674 -11.011579 72.998352 0.000000 0.000000 0.000000
vn -0.959482 -0.280277 -0.028952
v -53.495037 -42.374947 33.885273 0.768628 0.768628 0.768628
vn -0.369267 0.360048 0.856743
v -39.182484 27.868799 78.859268 0.862745 0.862745 0.862745
vn -0.749616 0.138356 -0.647251
v -73.042709 -8.968129 63.752808 0.839216 0.768628 0.803922
vn -0.839309 0.003245 0.543645
v -65.639420 -19.117941 93.795349 0.172549 0.458824 0.694118
vn -0.668103 -0.715152 -0.205420
v -56.270809 -55.859711 64.637482 0.000000 0.000000 0.000000
vn -0.999733 -0.017536 -0.015049
v -72.889694 -8.451423 82.487335 0.921569 0.831373 0.878431
vn -0.466152 0.467018 0.751396
v -47.012844 3.952950 104.446434 0.258824 0.258824 0.258824
vn -0.507829 0.423620 0.750104
v -49.188309 1.778598 104.333725 0.654902 0.650980 0.650980
vn -0.452368 0.223510 -0.863369
v 14.252374 -30.057472 34.487011 0.345098 0.345098 0.345098
vn -0.861871 -0.103026 -0.496552
v -73.209358 -8.326583 64.020264 0.917647 0.831373 0.874510
vn -0.999519 -0.029264 0.010298
v -18.341745 5.506413 116.803337 1.000000 1.000000 1.000000
vn -0.862457 -0.487725 0.135245
v -71.996483 -10.858601 75.355995 0.086275 0.090196 0.082353
vn 0.882989 0.415181 -0.218988
v -9.335016 9.407848 113.001488 0.000000 0.000000 0.000000
vn -0.325816 -0.527179 -0.784809
v -40.005569 -44.648392 29.396513 0.000000 0.000000 0.000000
vn -0.916251 -0.155602 -0.369149
v -19.561495 6.965909 120.730988 0.388235 0.388235 0.388235
vn -0.775742 0.594018 -0.212996
v -37.670944 20.814661 41.151257 0.431373 0.431373 0.431373
vn -0.466013 0.858183 -0.215298
v -47.133942 22.954453 57.462494 0.000000 0.000000 0.000000
vn -0.646523 0.520325 0.557916
v -56.318413 6.108469 94.812653 0.368627 0.560784 0.721569
vn -0.781365 -0.289582 0.552822
v -21.395130 7.341586 109.913551 0.576471 0.576471 0.576471
vn -0.562222 0.311371 -0.766130
v 1.049618 -23.989475 25.002995 0.000000 0.000000 0.000000
vn -0.936465 0.337370 -0.095990
v -59.750305 -56.485630 70.051506 0.607843 0.607843 0.607843
vn 0.278487 -0.669444 0.688687
v -16.675243 -50.236069 104.682564 0.000000 0.000000 0.000000
vn -0.915594 -0.245665 0.318334
v -73.270073 -16.107145 63.434673 0.752941 0.690196 0.698039
vn -0.122389 -0.980385 0.154484
v -30.310631 -66.920166 74.843719 0.000000 0.000000 0.000000
vn 0.437472 0.731095 0.523563
v -12.251440 10.805872 105.527939 0.000000 0.000000 0.000000
vn -0.763960 0.106897 0.636347
v -61.420925 -13.332762 99.031433 0.388235 0.439216 0.478431
vn -0.806858 0.409824 0.425470
v -64.965019 -1.011533 88.053772 0.023529 0.019608 0.019608
vn -0.927522 -0.285053 -0.241761
v -19.468578 8.175065 119.650444 0.356863 0.356863 0.356863
vn -0.519520 0.443439 0.730384
v -49.575962 2.515730 103.638222 0.690196 0.717647 0.741176
vn 0.760787 0.645609 0.066274
v 13.211647 12.129903 70.736656 0.000000 0.000000 0.000000
vn -0.889235 -0.450261 0.080781
v -20.202087 10.176817 116.125465 0.286275 0.286275 0.286275
vn -0.139922 -0.700486 0.699816
v -38.846863 -36.443478 100.672623 0.768628 0.768628 0.768628
vn 0.715755 -0.649158 -0.257466
v 10.699697 -50.768555 55.649548 0.000000 0.000000 0.000000
vn -0.922713 -0.149344 0.355383
v -72.341232 -10.414329 85.314560 0.921569 0.831373 0.878431
vn -0.506557 -0.285149 0.813689
v -34.538212 -42.139660 98.667358 1.000000 1.000000 1.000000
vn -0.621279 0.404976 0.670826
v -52.864170 2.451341 101.162148 0.000000 0.349020 0.643137
vn 0.626700 0.237249 -0.742267
v 5.401781 -7.211113 30.935127 0.000000 0.000000 0.000000
vn -0.513562 -0.050577 -0.856561
v -49.164600 -21.919863 25.909927 0.000000 0.000000 0.000000
vn -0.855013 0.513984 0.069090
v -68.729378 -2.916679 81.331085 0.000000 0.000000 0.000000
vn -0.524785 0.369268 0.766970
v -50.066696 -1.139200 105.260254 0.615686 0.623529 0.627451
vn -0.676294 -0.573613 0.462163
v -57.485634 -46.818588 90.398239 0.000000 0.000000 0.000000
vn -0.632902 0.267975 0.726378
v -55.115372 -5.856669 103.338242 0.423529 0.607843 0.752941
vn -0.390944 -0.767363 -0.508249
v 13.904801 -37.538040 37.573654 0.372549 0.372549 0.372549
vn 0.323526 -0.234065 -0.916812
v -47.800220 -41.830463 29.360950 0.619608 0.619608 0.619608
vn -0.694963 -0.388691 0.604934
v -58.764130 -38.730778 96.268867 0.000000 0.000000 0.000000
vn 0.542496 -0.400801 0.738280
v 2.187367 -38.417168 103.924652 0.000000 0.000000 0.000000
vn 0.450921 0.032661 -0.891966
v -2.529326 -17.495350 24.158722 0.000000 0.000000 0.000000
vn 0.290370 0.179145 -0.939996
v -31.377020 19.534523 36.684696 0.427451 0.427451 0.427451
vn -0.636949 0.225961 0.737047
v -55.325935 -8.067916 103.906105 0.337255 0.337255 0.337255
vn -0.980114 0.197254 -0.021608
v -28.261303 -46.772568 108.975410 1.000000 1.000000 1.000000
vn -0.843968 -0.107608 0.525489
v -65.176163 -24.038406 94.052528 0.035294 0.392157 0.666667
vn 0.809653 0.513409 0.284382
v 14.655426 6.760940 82.105652 0.000000 0.000000 0.000000
vn -0.696491 0.228133 0.680335
v -58.678795 -8.224182 100.775352 0.368627 0.376471 0.388235
vn 0.180201 0.980746 -0.075266
v -37.666122 31.928909 75.099304 1.000000 1.000000 1.000000
vn -0.783330 0.618776 0.059243
v -71.781830 -5.930565 68.514786 0.674510 0.603922 0.643137
vn -0.714713 0.695688 0.072143
v -71.610878 -6.059345 72.806557 0.600000 0.541176 0.568627
vn -0.626931 0.778117 0.038622
v -71.549187 -6.500901 76.614609 0.917647 0.827451 0.874510
vn -0.783900 0.439585 0.438481
v -71.066521 -5.944387 86.215591 0.925490 0.835294 0.882353
vn -0.796891 -0.390546 -0.460910
v -71.588531 -6.802893 60.454678 0.823529 0.756863 0.788235
vn -0.684917 0.721160 0.104000
v -71.600693 -6.303300 74.708519 0.796079 0.721569 0.760784
vn -0.900343 -0.191345 0.390858
v -67.582977 -28.737789 88.210037 0.090196 0.090196 0.090196
vn -0.892960 -0.192918 -0.406699
v -71.364342 -7.393696 60.515491 0.125490 0.098039 0.098039
vn -0.864453 -0.414650 0.284230
v -69.723587 -15.910438 86.331764 0.839216 0.756863 0.776471
vn -0.769809 -0.402322 -0.495511
v -71.945259 -6.729252 60.953922 0.921569 0.843137 0.882353
vn -0.757751 0.637869 0.137611
v -71.831451 -5.790469 67.317268 0.501961 0.458824 0.482353
vn -0.842666 0.536538 -0.045164
v -72.100716 -6.695534 82.613945 0.925490 0.835294 0.882353
vn 0.827786 0.129448 0.545906
v 15.971349 -12.003421 94.368759 0.000000 0.000000 0.000000
vn -0.263693 0.679159 -0.684988
v 16.423780 -26.724125 35.545204 0.545098 0.545098 0.545098
vn 0.052573 -0.936648 0.346303
v 18.016348 -38.879616 43.915741 0.690196 0.690196 0.690196
vn -0.082155 -0.989578 0.118261
v 18.420824 -39.598412 41.119698 0.921569 0.921569 0.921569
vn 0.019112 -0.945629 0.324685
v 18.375742 -39.021893 43.492970 0.776471 0.776471 0.776471
vn 0.721191 0.523664 -0.453496
v 10.846302 6.829720 45.846584 0.000000 0.000000 0.000000
vn 0.204808 -0.807055 0.553819
v 17.548735 -37.681900 46.227547 0.117647 0.117647 0.117647
vn 0.878711 -0.443507 -0.176545
v 17.436150 -35.370228 48.586857 0.000000 0.000000 0.000000
vn -0.201880 -0.440647 -0.874686
v 17.850241 -35.490429 33.285305 0.988235 0.988235 0.988235
vn 0.135030 -0.869404 0.475293
v 16.968954 -38.280399 45.441883 0.121569 0.121569 0.121569
vn -0.195657 -0.940014 -0.279450
v 18.150066 -39.255123 37.664001 0.972549 0.972549 0.972549
vn 0.025920 0.006906 0.999640
v -30.848253 10.560328 104.619919 0.000000 0.000000 0.000000
vn 0.141664 -0.787381 0.599969
v -17.409304 -57.777679 96.682808 0.000000 0.000000 0.000000
vn 0.495403 0.266579 0.826748
v -22.786737 -37.819691 114.072952 0.000000 0.000000 0.000000
vn 0.032946 0.157473 0.986974
v -31.623257 3.533028 104.318146 0.462745 0.462745 0.462745
vn -0.220444 0.945191 -0.240871
v -34.968124 27.261633 56.314266 0.000000 0.000000 0.000000
vn 0.470637 0.603881 0.643295
v -35.768246 29.847326 77.434731 0.917647 0.917647 0.917647
vn 0.029308 0.842482 0.537926
v -35.886902 27.603245 79.451393 0.113725 0.113725 0.113725
vn 0.065817 -0.042733 0.996916
v -31.193411 5.555697 104.093552 0.000000 0.000000 0.000000
vn -0.303320 0.894351 0.328837
v -34.907139 23.156971 42.376663 0.776471 0.776471 0.776471
vn -0.167463 0.888220 0.427810
v -28.465534 -5.427023 110.738564 0.470588 0.470588 0.470588
vn -0.139761 0.754635 0.641088
v -29.131552 -5.117683 110.055328 0.529412 0.529412 0.529412
vn -0.221806 0.181927 0.957969
v -29.367712 -9.364686 115.564087 0.000000 0.000000 0.000000
vn 0.034426 -0.957475 0.286456
v -22.284071 -65.653000 82.041672 0.000000 0.000000 0.000000
vn 0.082249 -0.993450 0.079326
v -20.269896 -67.463974 71.867264 0.000000 0.000000 0.000000
vn 0.391368 0.852427 -0.346698
v -35.683804 30.663538 73.259239 0.870588 0.870588 0.870588
vn -0.456930 -0.022982 -0.889206
v -34.937607 20.018465 36.650513 0.803922 0.803922 0.803922
vn 0.445571 0.596903 0.667213
v -35.424522 29.445213 77.572807 0.811765 0.811765 0.811765
vn 0.532707 0.692424 0.486593
v -35.624969 30.259939 76.885521 0.956863 0.956863 0.956863
vn -0.052873 0.014444 -0.998497
v -26.967775 -18.566185 19.084089 0.000000 0.000000 0.000000
vn 0.036582 -0.468089 -0.882924
v -22.978924 -41.875214 24.752712 0.000000 0.000000 0.000000
vn -0.062596 0.647287 0.759672
v -30.829027 -2.223271 106.862762 0.996078 0.996078 0.996078
vn 0.261457 0.708871 0.655090
v -35.308697 28.280731 78.652664 0.376471 0.376471 0.376471
vn 0.081164 -0.973295 0.214732
v -20.095951 -66.626709 77.760521 0.000000 0.000000 0.000000
vn -0.045992 0.262633 0.963799
v -30.567110 2.155802 104.643547 0.996078 0.996078 0.996078
vn 0.714557 0.406202 0.569569
v -22.031719 -41.429825 115.247643 0.000000 0.000000 0.000000
vn 0.186994 0.779577 -0.597739
v -36.235607 30.018217 71.938484 0.654902 0.654902 0.654902
vn -0.107304 0.835192 0.539389
v -29.806412 -4.662925 109.317039 0.545098 0.545098 0.545098
vn 0.110709 -0.941650 -0.317867
v -19.273481 -64.922539 52.099682 0.000000 0.000000 0.000000
vn 0.625446 0.118600 0.771201
v 24.789059 -31.338305 45.611607 0.980392 0.980392 0.980392
vn 0.837321 -0.461593 -0.292960
v 26.020283 -35.873371 37.489929 1.000000 1.000000 1.000000
vn 0.748606 -0.409029 0.521809
v 25.407120 -34.954273 44.252575 0.996078 0.996078 0.996078
vn -0.638704 0.759814 0.121412
v -42.792347 26.212322 74.778038 0.082353 0.082353 0.082353
vn -0.099154 0.550460 0.828952
v -31.460339 -41.340576 121.235321 0.007843 0.007843 0.007843
vn 0.434818 -0.897778 -0.070199
v -27.364584 -60.063316 109.690300 0.000000 0.000000 0.000000
vn -0.733470 -0.679626 0.011440
v -31.778923 -36.687435 109.294800 0.623529 0.623529 0.623529
vn -0.340263 0.637744 0.691016
v -41.235535 12.221983 101.394341 0.000000 0.000000 0.000000
vn -0.738636 0.637667 0.218627
v -31.541103 -39.109104 117.780052 0.000000 0.000000 0.000000
vn 0.381238 -0.884947 -0.267445
v -28.407892 -58.378494 102.474281 0.000000 0.000000 0.000000
vn -0.057453 -0.945378 -0.320874
v -26.195616 -65.325371 52.518559 0.000000 0.000000 0.000000
vn -0.817348 -0.576125 0.004621
v -31.759968 -36.834774 111.339722 0.109804 0.109804 0.109804
vn 0.229835 0.148853 0.961779
v -28.877228 -46.037056 122.712837 0.007843 0.007843 0.007843
vn -0.866518 -0.184544 -0.463778
v -31.139145 -41.598583 115.583740 0.035294 0.035294 0.035294
vn -0.785755 0.127996 -0.605150
v -30.293316 -46.255104 114.992180 0.827451 0.827451 0.827451
vn -0.119585 -0.640277 -0.758778
v -30.384848 -50.274353 30.859297 0.000000 0.000000 0.000000
vn -0.957560 -0.203562 0.204061
v -31.762955 -36.925716 113.815758 0.000000 0.000000 0.000000
vn -0.323874 -0.708841 -0.626619
v -40.101486 -53.580032 37.204414 0.000000 0.000000 0.000000
vn -0.320991 -0.461034 -0.827292
v -40.902908 -41.358982 27.750387 0.000000 0.000000 0.000000
vn -0.531572 0.697823 -0.480078
v -33.986069 -53.186565 114.515182 0.000000 0.000000 0.000000
vn -0.433919 0.435422 0.788747
v -35.854790 -49.045597 98.658302 0.741176 0.741176 0.741176
vn -0.429240 0.472863 0.769515
v -36.398254 -49.939201 98.868660 0.447059 0.447059 0.447059
vn -0.182592 -0.905035 0.384151
v -33.617512 -62.987362 86.916924 0.000000 0.000000 0.000000
vn -0.189857 -0.797906 0.572101
v -39.022594 -34.988449 102.425552 0.172549 0.172549 0.172549
vn -0.272577 -0.909645 0.313447
v -37.583366 -63.352478 83.340919 0.000000 0.000000 0.000000
vn -0.437640 0.307082 -0.845087
v -45.753510 -4.116354 26.562960 0.000000 0.000000 0.000000
vn -0.518879 0.767842 -0.375745
v -49.337303 18.603996 49.279049 0.000000 0.000000 0.000000
vn -0.214243 -0.934891 0.282982
v -34.918026 -64.684166 81.339958 0.000000 0.000000 0.000000
vn -0.364127 0.342427 0.866115
v -36.379398 -47.622879 97.773979 0.996078 0.996078 0.996078
vn -0.132612 -0.783092 0.607603
v -34.044582 -58.123600 118.322037 0.000000 0.000000 0.000000
vn -0.179049 -0.948825 0.260139
v -38.282551 -33.534657 106.145164 0.000000 0.000000 0.000000
vn -0.329574 -0.318992 -0.888608
v -40.537914 -35.259933 24.751690 0.000000 0.000000 0.000000
vn -0.210635 -0.843809 0.493579
v -37.979034 -35.156113 102.573563 0.427451 0.427451 0.427451
vn -0.493222 0.491093 -0.718025
v -48.913090 4.831231 33.000587 0.000000 0.000000 0.000000
vn -0.392988 0.419604 0.818225
v -36.577984 -49.204220 98.370964 0.607843 0.607843 0.607843
vn -0.480540 0.493257 0.725106
v -35.917538 -50.585789 99.575890 0.439216 0.439216 0.439216
vn -0.355313 -0.806262 0.472963
v -36.481850 -58.513935 116.811493 0.000000 0.000000 0.000000
vn -0.498479 0.813497 -0.299569
v -48.810787 20.546013 52.982372 0.000000 0.000000 0.000000
vn -0.185379 -0.758238 0.625068
v -38.439342 -35.924854 101.348152 0.615686 0.615686 0.615686
vn -0.133196 -0.989987 0.046748
v -33.923210 -61.169468 110.547874 0.000000 0.000000 0.000000
vn 0.036816 -0.981864 0.185977
v -31.891287 -61.076843 112.307213 0.000000 0.000000 0.000000
vn -0.460738 -0.287664 0.839625
v -35.752766 -53.251122 121.486748 0.000000 0.000000 0.000000
vn -0.226320 -0.795777 0.561710
v -37.851910 -35.548843 102.051392 0.611765 0.611765 0.611765
vn -0.451393 0.471864 0.757356
v -35.949009 -49.722855 98.995125 0.592157 0.592157 0.592157
vn -0.773583 0.571177 0.274455
v -35.469952 -54.554188 104.769554 0.000000 0.000000 0.000000
vn -0.695395 0.575893 -0.429854
v -37.100727 -53.205479 117.643669 0.000000 0.000000 0.000000
vn -0.149645 -0.950028 0.273960
v -34.317513 -60.635723 113.486191 0.000000 0.000000 0.000000
vn -0.371312 -0.119029 -0.920847
v -42.497887 -25.507858 22.990816 0.000000 0.000000 0.000000
vn -0.774767 0.097480 0.624687
v -36.167652 -51.030575 121.370018 0.000000 0.000000 0.000000
vn -0.470411 0.223318 -0.853723
v -47.506271 -8.224753 26.226435 0.000000 0.000000 0.000000
vn -0.311763 0.326470 0.892312
v -36.953209 -47.845409 97.635872 0.839216 0.839216 0.839216
vn -0.289265 -0.763133 -0.577887
v -38.775402 -56.222904 39.742897 0.000000 0.000000 0.000000
vn -0.378960 -0.109596 0.918900
v -34.980686 -51.423794 122.328148 0.000000 0.000000 0.000000
vn -0.346559 0.358244 0.866925
v -36.929478 -48.419586 97.852829 0.725490 0.725490 0.725490
vn -0.261203 -0.690277 -0.674752
v -37.580063 -52.626060 35.016491 0.000000 0.000000 0.000000
vn -0.593089 0.636357 -0.493249
v 4.096939 -21.489277 23.138941 0.000000 0.000000 0.000000
vn 0.741252 0.012908 -0.671102
v 5.295545 -27.463064 22.638655 0.000000 0.000000 0.000000
vn 0.622377 -0.433386 -0.651784
v 5.532006 -28.601683 23.149961 0.000000 0.000000 0.000000
vn 0.522639 0.611158 -0.594419
v 1.433195 10.618305 38.765198 0.000000 0.000000 0.000000
vn 0.681422 -0.645308 -0.345315
v 9.116817 -50.400883 51.143711 0.000000 0.000000 0.000000
vn 0.477097 0.834592 0.275382
v -0.867862 21.475803 81.909676 0.000000 0.000000 0.000000
vn -0.086487 0.991771 -0.094391
v 5.421959 -20.036968 26.669861 0.000000 0.000000 0.000000
vn 0.720215 -0.631072 0.288164
v 11.068739 -49.552521 81.716988 0.000000 0.000000 0.000000
vn 0.518106 0.274547 -0.810055
v 0.996036 -5.907683 28.191784 0.000000 0.000000 0.000000
vn 0.223184 -0.961563 0.159957
v 6.068929 -28.993738 28.285704 0.000000 0.000000 0.000000
vn -0.380247 0.831571 -0.404849
v 3.817545 -20.784309 25.448912 0.000000 0.000000 0.000000
vn 0.051704 0.388853 -0.919848
v -21.123495 -0.275587 22.789406 0.000000 0.000000 0.000000
vn 0.009901 0.812952 -0.582247
v -23.955820 20.476851 39.115814 0.000000 0.000000 0.000000
vn -0.814638 -0.447555 0.368864
v -20.677835 8.928162 112.506554 0.474510 0.474510 0.474510
vn -0.234476 0.949403 -0.208936
v -21.896936 15.150866 109.521423 0.000000 0.000000 0.000000
vn -0.892452 0.362540 0.268502
v -21.307390 14.730659 118.769333 0.000000 0.000000 0.000000
vn 0.288277 -0.765343 0.575453
v -10.286431 -56.621639 95.651535 0.000000 0.000000 0.000000
vn -0.047937 0.987342 0.151191
v -27.284887 29.144781 75.533752 0.000000 0.000000 0.000000
vn 0.259895 -0.670949 -0.694465
v -12.008750 -51.472294 33.537941 0.000000 0.000000 0.000000
vn -0.941557 -0.205816 -0.266666
v -21.189075 10.601768 122.368347 0.000000 0.000000 0.000000
vn 0.046027 0.276429 -0.959931
v -21.550684 -6.188471 20.789129 0.000000 0.000000 0.000000
vn -0.974537 0.188006 0.122195
v -21.283211 13.256812 121.295670 0.000000 0.000000 0.000000
vn 0.135492 -0.359766 0.923153
v -19.613979 -11.692503 116.409424 0.000000 0.000000 0.000000
vn -0.347945 -0.624576 -0.699170
v -46.286236 -45.934517 33.333118 0.000000 0.000000 0.000000
vn -0.031382 -0.485009 -0.873946
v -45.957165 -42.599243 30.221329 0.137255 0.137255 0.137255
vn 0.376731 -0.726120 0.575173
v -44.041626 -35.145008 102.494774 0.000000 0.000000 0.000000
vn -0.557367 0.318224 0.766861
v -51.568558 -3.336704 105.173645 0.572549 0.615686 0.650980
vn -0.654774 0.749675 0.096225
v -55.748581 18.097132 72.484741 0.000000 0.000000 0.000000
vn -0.618991 0.451441 0.642691
v -53.521965 3.913082 99.542023 0.000000 0.352941 0.643137
vn -0.373453 -0.806730 0.457951
v -42.627819 -58.491367 89.997261 0.000000 0.000000 0.000000
vn -0.588708 0.644590 0.487778
v -54.360668 9.286183 93.914757 0.301961 0.301961 0.301961
vn -0.559570 0.336784 0.757270
v -51.598095 -2.600966 104.838112 0.568627 0.666667 0.749020
vn -0.541047 0.306311 0.783225
v -50.645744 -4.152842 106.157707 0.388235 0.388235 0.388235
vn 0.062917 -0.791496 -0.607927
v -46.620327 -44.947277 32.178097 0.250980 0.250980 0.250980
vn -0.442367 -0.652105 -0.615687
v -45.700272 -50.697803 37.482178 0.000000 0.000000 0.000000
vn -0.558070 0.414139 0.719060
v -51.644062 1.108111 102.925369 0.180392 0.474510 0.709804
vn 0.196489 0.061788 0.978557
v -42.148331 -45.213703 96.481010 0.000000 0.000000 0.000000
vn -0.239559 -0.341966 0.908664
v -42.027729 -52.839588 97.570473 0.000000 0.000000 0.000000
vn -0.554568 0.298889 0.776608
v -51.449905 -4.590931 105.760803 0.470588 0.470588 0.470588
vn -0.544200 0.280705 0.790602
v -51.022255 -6.255033 106.652222 0.156863 0.156863 0.156863
vn -0.574278 0.545770 0.610197
v -52.054001 7.968391 97.611580 0.666667 0.662745 0.662745
vn -0.606002 0.550577 0.574131
v -54.169060 7.831618 95.615990 0.631373 0.647059 0.662745
vn -0.563758 0.427115 0.706930
v -52.123348 1.896410 102.080360 0.050980 0.392157 0.666667
vn -0.439797 -0.633113 -0.636982
v -46.574680 -46.866642 34.480293 0.000000 0.000000 0.000000
vn -0.572248 0.506703 0.644813
v -52.600700 5.545400 99.138817 0.317647 0.560784 0.756863
vn -0.615478 -0.602105 -0.508583
v -54.527794 -48.442413 43.256023 0.000000 0.000000 0.000000
vn -0.710920 0.311955 0.630299
v -59.605335 -4.889369 98.469185 0.000000 0.352941 0.647059
vn -0.646824 -0.142795 0.749152
v -55.357849 -25.811544 104.889084 0.482353 0.486275 0.486275
vn -0.725119 0.458139 0.514112
v -59.832909 3.412320 92.704544 0.341176 0.498039 0.627451
vn -0.632812 0.010400 0.774236
v -56.617569 -18.476906 104.410637 0.356863 0.396078 0.431373
vn -0.593084 -0.776858 -0.211524
v -52.974174 -57.071815 57.335728 0.000000 0.000000 0.000000
vn -0.724303 0.447174 0.524806
v -59.988548 2.693769 93.111008 0.247059 0.474510 0.662745
vn -0.651638 -0.036362 0.757658
v -56.341297 -20.260166 104.646667 0.403922 0.470588 0.525490
vn -0.652701 0.102329 0.750673
v -56.846416 -14.784420 103.987106 0.054902 0.054902 0.054902
vn -0.701101 0.142898 0.698597
v -58.087868 -8.225846 101.386734 0.439216 0.470588 0.498039
vn -0.530827 -0.638243 -0.557555
v -50.967442 -49.985878 41.128666 0.000000 0.000000 0.000000
vn -0.783346 -0.062277 -0.618458
v -58.455311 -56.390484 67.776970 0.274510 0.274510 0.274510
vn -0.658966 0.003863 -0.752162
v -58.881943 -57.795845 68.002663 0.709804 0.709804 0.709804
vn -0.204022 -0.328816 -0.922093
v -57.917259 -59.479225 67.718040 0.866667 0.866667 0.866667
vn -0.973403 -0.125120 0.191915
v -59.024483 -54.068710 71.790787 0.000000 0.000000 0.000000
vn -0.777557 -0.300505 0.552360
v -62.296783 -34.061626 94.510201 0.309804 0.309804 0.309804
vn -0.885961 0.321791 -0.333952
v -67.709824 -3.535886 51.603794 0.000000 0.000000 0.000000
vn -0.612523 0.766909 0.191485
v -67.035118 -1.823762 85.325310 0.858824 0.772549 0.815686
vn -0.142038 -0.730253 0.668249
v -57.860191 -60.704102 72.397095 1.000000 1.000000 1.000000
vn -0.270543 -0.575818 -0.771518
v -57.962383 -59.831917 67.882538 1.000000 1.000000 1.000000
vn -0.862785 0.130672 -0.488392
v -58.979351 -56.177044 68.468971 0.364706 0.364706 0.364706
vn -0.675581 0.079305 -0.733008
v -58.677494 -57.107971 67.916290 0.490196 0.490196 0.490196
vn -0.527669 0.296671 0.795960
v -66.803375 -5.887519 89.590881 0.568627 0.529412 0.549020
vn -0.579713 0.799693 0.156285
v -67.435822 -2.195616 85.487053 0.921569 0.831373 0.878431
vn -0.427418 0.425155 0.797845
v -66.581512 -4.060925 88.931190 0.909804 0.827451 0.870588
vn -0.889496 0.434419 0.141691
v -59.283245 -55.215538 71.158401 0.258824 0.258824 0.258824
vn -0.759449 -0.350763 0.547908
v -61.595051 -34.920536 95.000038 0.188235 0.188235 0.188235
vn -0.904038 -0.120746 0.410044
v -68.530617 -23.814631 87.977310 0.149020 0.149020 0.149020
vn 0.612720 0.719895 -0.326075
v 24.096197 -26.261848 37.762722 0.996078 0.996078 0.996078
vn -0.553494 0.812757 0.181853
v -34.069691 -54.149010 107.231476 0.627451 0.627451 0.627451
vn 0.370384 0.052189 -0.927411
v -5.822902 -16.637962 22.719181 0.000000 0.000000 0.000000
vn 0.328280 -0.555316 0.764105
v -8.023037 -46.284340 104.912544 0.000000 0.000000 0.000000
vn -0.760281 -0.178272 0.624654
v -61.522449 -27.886967 98.153748 0.000000 0.364706 0.654902
vn 0.129710 -0.541656 0.830532
v -50.530457 -40.461422 101.701416 0.000000 0.000000 0.000000
vn -0.805587 -0.380181 -0.454414
v -70.889008 -5.492774 58.142822 0.909804 0.835294 0.874510
vn 0.873447 0.257840 -0.413049
v 18.531250 -6.767384 47.856014 0.000000 0.000000 0.000000
vn -0.987403 -0.127773 0.093327
v -71.613884 -10.903221 77.682739 0.172549 0.149020 0.149020
vn -0.498337 -0.863039 -0.082610
v -51.547520 -59.512295 66.533783 0.000000 0.000000 0.000000
vn -0.799618 -0.501924 0.329673
v -63.206966 -43.751011 83.989952 0.000000 0.000000 0.000000
vn -0.952235 -0.239051 -0.190007
v -70.828072 -30.449659 58.413158 0.000000 0.000000 0.000000
vn -0.811512 0.304894 -0.498486
v -37.539543 19.448635 39.062138 0.435294 0.435294 0.435294
vn -0.248883 -0.131694 0.959539
v -38.609489 -44.795876 96.659309 1.000000 1.000000 1.000000
vn -0.902815 0.241521 -0.355799
v -19.503845 2.759844 120.138756 0.913726 0.913726 0.913726
vn -0.723672 -0.360638 0.588422
v -59.693069 -36.033348 96.838638 0.000000 0.000000 0.000000
vn 0.750007 -0.654207 -0.097476
v 25.522301 -37.146389 38.786724 0.996078 0.996078 0.996078
vn -0.033039 -0.981336 0.189441
v -26.331896 -66.881470 77.173111 0.000000 0.000000 0.000000
vn -0.306991 -0.202094 0.930008
v -58.072788 -58.750298 73.272224 1.000000 1.000000 1.000000
vn -0.595450 -0.134710 0.792018
v -68.480202 -13.507268 89.268234 0.392157 0.356863 0.372549
vn -0.603176 0.795515 0.057744
v -22.733408 -4.022104 114.544846 0.505882 0.505882 0.505882
vn 0.985004 -0.083429 0.151022
v 23.353649 -19.726864 72.456322 0.000000 0.000000 0.000000
vn -0.435971 0.823239 0.363602
v -25.433100 -5.096527 112.328194 0.662745 0.662745 0.662745
vn -0.850089 -0.266956 -0.453965
v -29.865854 -42.372215 113.826027 0.741176 0.741176 0.741176
vn -0.638172 -0.121297 0.760279
v -23.488909 6.357140 107.148911 0.470588 0.470588 0.470588
vn 0.840579 -0.016876 -0.541426
v 17.163815 -21.084824 42.116825 0.000000 0.000000 0.000000
vn -0.516179 0.531617 -0.671523
v -39.736813 29.023487 71.778366 0.788235 0.788235 0.788235
vn -0.757293 -0.405308 0.512087
v -21.748926 8.865917 110.463646 0.078431 0.078431 0.078431
vn -0.603003 -0.774247 -0.192170
v -52.119743 -44.598923 31.700829 1.000000 1.000000 1.000000
vn -0.732929 0.649859 0.201244
v -71.307877 -4.339384 64.204636 0.690196 0.623529 0.658824
vn 0.440757 0.735332 0.514802
v -11.708151 11.328477 104.230904 0.000000 0.000000 0.000000
vn 0.964520 0.247870 -0.090896
v -8.142765 6.672116 114.001991 0.000000 0.000000 0.000000
vn 0.964223 0.094888 -0.247530
v 10.228642 -21.964104 27.236536 0.000000 0.000000 0.000000
vn -0.982532 -0.098880 -0.157651
v -72.370689 -23.790567 60.773746 0.000000 0.000000 0.000000
vn 0.293136 0.918917 -0.263936
v -10.203113 25.931110 54.843475 0.000000 0.000000 0.000000
vn -0.881684 -0.471831 0.002969
v -72.006294 -10.001016 78.823425 0.921569 0.839216 0.874510
vn -0.593004 0.741202 0.314589
v -33.725037 -53.269516 105.347885 0.701961 0.701961 0.701961
vn -0.586860 0.613936 0.527900
v -34.457172 -51.844810 101.998398 0.556863 0.556863 0.556863
vn 0.628863 0.672490 -0.390243
v 5.899050 14.334616 48.832558 0.000000 0.000000 0.000000
vn 0.940837 0.312471 0.131099
v -8.591729 7.599948 117.626907 0.000000 0.000000 0.000000
vn -0.678095 -0.209668 0.704433
v -57.066120 -29.674303 102.414154 0.603922 0.627451 0.643137
vn -0.772494 0.378444 0.509935
v -61.685455 -0.276589 93.026878 0.301961 0.439216 0.556863
vn -0.663242 -0.529354 0.529050
v -56.411888 -45.074463 93.816757 0.000000 0.000000 0.000000
vn -0.560709 0.794071 0.234640
v -34.344410 -54.049648 106.135712 0.498039 0.498039 0.498039
vn -0.832118 -0.132310 -0.538585
v -64.854790 -24.935263 41.298473 0.000000 0.000000 0.000000
vn -0.681509 -0.658366 0.319532
v -57.596336 -51.315289 83.074860 0.000000 0.000000 0.000000
vn -0.848634 -0.147120 0.508109
v -65.162125 -25.887976 93.652679 0.305882 0.556863 0.756863
vn 0.595015 -0.732483 0.330796
v 4.287664 -54.863846 84.545433 0.000000 0.000000 0.000000
vn -0.683988 -0.458903 -0.567071
v -57.106983 -41.475449 39.540321 0.000000 0.000000 0.000000
vn 0.562505 -0.724350 0.398630
v 3.289649 -54.143913 87.483521 0.000000 0.000000 0.000000
vn 0.953103 -0.066164 0.295325
v -19.845047 -48.503853 113.598633 0.000000 0.000000 0.000000
vn -0.043082 0.725803 -0.686552
v 19.623066 -26.520201 34.833382 0.933333 0.933333 0.933333
vn -0.964618 -0.263570 0.006558
v -71.036789 -33.193512 68.761589 0.000000 0.000000 0.000000
vn 0.251270 0.960058 0.123096
v 19.677656 -24.645966 42.317589 0.329412 0.329412 0.329412
vn -0.721941 0.150379 -0.675416
v -69.441116 -4.507866 55.685490 0.494118 0.427451 0.415686
vn -0.867324 -0.116226 0.483984
v -67.294731 -24.633671 90.276566 0.580392 0.584314 0.584314
vn -0.841716 -0.529287 0.106625
v -72.427361 -9.756836 76.366302 0.925490 0.843137 0.886275
vn -0.954522 -0.146600 0.259610
v -18.806583 5.730206 114.234230 1.000000 1.000000 1.000000
vn 0.613317 0.771902 0.167361
v -35.514515 30.863607 75.707718 0.972549 0.972549 0.972549
vn -0.979689 -0.126430 0.155647
v -71.992752 -25.072134 76.541862 0.000000 0.000000 0.000000
vn 0.725028 -0.687046 0.047977
v 11.191127 -52.439510 69.691460 0.000000 0.000000 0.000000
vn -0.708119 0.158268 0.688127
v -59.298603 -13.175667 101.405212 0.043137 0.039216 0.039216
vn -0.015149 0.935686 0.352508
v -24.676119 26.895805 84.641579 0.000000 0.000000 0.000000
vn 0.518510 -0.550349 0.654418
v -25.834417 -55.698597 118.768059 0.000000 0.000000 0.000000
vn 0.704187 -0.175514 0.687979
v -18.867580 -44.405293 111.199066 0.000000 0.000000 0.000000
vn 0.410250 0.066701 0.909531
v -4.169298 -15.813915 112.239365 0.000000 0.000000 0.000000
vn -0.894654 -0.067439 -0.441640
v -72.054138 -8.293321 62.233727 0.184314 0.156863 0.160784
vn -0.435624 -0.815437 0.381174
v -45.727871 -58.808578 86.255577 0.000000 0.000000 0.000000
vn -0.885846 0.139355 -0.442557
v -19.926697 3.547464 121.393707 0.541176 0.541176 0.541176
vn 0.347913 0.816927 -0.459985
v -28.988710 21.607409 40.325195 0.172549 0.172549 0.172549
vn -0.742992 -0.665348 0.072625
v -32.503220 -35.937073 110.354546 0.152941 0.152941 0.152941
vn -0.840054 -0.419709 0.343735
v -30.343515 -40.012085 104.770302 1.000000 1.000000 1.000000
vn 0.532975 0.845160 0.040526
v 1.334222 22.515722 69.883904 0.000000 0.000000 0.000000
vn -0.864652 -0.192234 0.464136
v -66.662300 -28.481882 90.160057 0.447059 0.447059 0.447059
vn -0.863807 -0.481014 0.149877
v -20.593824 10.638353 115.576530 0.078431 0.078431 0.078431
vn -0.960801 -0.063385 -0.269896
v -72.071991 -19.906824 57.599663 0.043137 0.023529 0.003922
vn -0.692890 -0.647007 -0.318253
v -52.670143 -44.053925 36.514408 0.086275 0.086275 0.086275
vn 0.323434 -0.851975 -0.411738
v -8.280167 -60.440792 47.591339 0.000000 0.000000 0.000000
vn -0.784792 0.281648 0.552065
v -62.460487 -5.254576 95.007515 0.301961 0.321569 0.341176
vn 0.906516 0.395118 0.148699
v 26.724455 -29.199409 41.172256 0.996078 0.996078 0.996078
vn -0.910268 -0.260442 0.321843
v -74.507813 -12.062349 64.236679 0.925490 0.839216 0.882353
vn -0.530218 0.536758 0.656323
v -20.648926 11.227695 125.049721 0.000000 0.000000 0.000000
vn -0.744737 -0.642702 0.179724
v -59.980453 -51.248550 76.334885 0.000000 0.000000 0.000000
vn -0.995156 -0.020963 0.096049
v -72.615730 -11.481788 68.302902 0.054902 0.047059 0.047059
vn -0.717327 0.466272 -0.517719
v -72.724091 -12.339765 61.231869 0.705882 0.635294 0.670588
vn -0.850643 -0.520028 0.077318
v -72.937790 -10.213904 69.885422 0.925490 0.854902 0.886275
vn -0.664851 0.478394 -0.573684
v -72.831314 -11.514442 62.155247 0.800000 0.729412 0.764706
vn -0.754296 0.423759 -0.501463
v -72.599876 -13.201284 60.310684 0.611765 0.549020 0.576471
vn -0.908791 -0.403504 0.106224
v -72.836082 -10.443761 68.988281 0.827451 0.752941 0.788235
vn -0.740825 0.394318 -0.543775
v -72.476654 -14.053650 59.434181 0.419608 0.372549 0.400000
vn -0.833458 0.134526 -0.535958
v -72.161057 -16.207739 57.612072 0.168627 0.149020 0.152941
vn 0.863093 -0.196940 0.465066
v 15.392536 -25.787508 94.654388 0.000000 0.000000 0.000000
vn 0.892824 -0.261544 0.366688
v 14.807338 -36.881222 89.345749 0.000000 0.000000 0.000000
vn -0.122612 -0.992208 -0.022114
v 14.622207 -39.086075 41.054989 0.180392 0.180392 0.180392
vn -0.339004 -0.857947 -0.386009
v 14.546241 -38.263405 38.350143 0.494118 0.494118 0.494118
vn 0.847362 -0.471676 0.243926
v 15.767787 -44.243324 78.438393 0.000000 0.000000 0.000000
vn 0.414506 0.183847 -0.891283
v 12.441796 -27.083334 36.782513 0.000000 0.000000 0.000000
vn 0.673980 -0.687097 -0.271383
v 14.568226 -38.463303 45.641430 0.000000 0.000000 0.000000
vn -0.381784 0.125879 0.915639
v -26.157570 4.211884 105.318901 0.996078 0.996078 0.996078
vn 0.217062 0.959951 -0.177137
v -32.611088 23.884790 39.607517 1.000000 1.000000 1.000000
vn -0.032790 0.727324 -0.685510
v -29.650509 17.772779 36.033924 0.000000 0.000000 0.000000
vn -0.034174 0.216584 -0.975666
v -25.908779 -8.921567 20.070475 0.000000 0.000000 0.000000
vn 0.101235 -0.611197 -0.784978
v -19.141756 -48.664757 29.419392 0.000000 0.000000 0.000000
vn -0.374810 0.884650 0.277331
v -26.074594 -5.707015 113.002350 0.309804 0.309804 0.309804
vn -0.380521 0.765845 0.518348
v -26.368601 -4.797151 110.883919 0.901961 0.901961 0.901961
vn 0.272051 0.407741 -0.871628
v -30.733192 19.042957 36.790836 0.196078 0.196078 0.196078
vn -0.011124 -0.159784 0.987089
v -24.779984 -27.164341 116.004219 0.000000 0.000000 0.000000
vn 0.370737 -0.777332 0.508242
v -19.893322 -53.712463 102.416588 0.000000 0.000000 0.000000
vn -0.459345 0.820768 0.339620
v -25.663277 -5.487320 112.957779 0.454902 0.454902 0.454902
vn -0.358513 0.808195 0.467215
v -26.523083 -5.076176 111.260498 0.741176 0.741176 0.741176
vn -0.014959 0.987483 0.157016
v -31.800339 28.743019 75.412163 0.000000 0.000000 0.000000
vn -0.360118 0.831991 0.422027
v -26.361115 -5.543464 112.294678 0.505882 0.505882 0.505882
vn -0.013340 -0.380063 -0.924865
v -24.943413 -37.519447 22.684366 0.000000 0.000000 0.000000
vn 0.036760 0.260139 -0.964871
v 1.000569 -22.196207 25.474667 0.000000 0.000000 0.000000
vn 0.354208 0.832850 -0.425320
v -7.179454 21.922684 47.383083 0.000000 0.000000 0.000000
vn 0.488075 0.124800 -0.863833
v -0.295512 -13.087699 25.749397 0.000000 0.000000 0.000000
vn 0.511789 -0.334441 -0.791342
v 0.539489 -34.679836 28.896832 0.000000 0.000000 0.000000
vn 0.579997 -0.089402 0.809698
v 4.098366 -23.437437 107.306602 0.000000 0.000000 0.000000
vn 0.408335 0.128179 -0.903788
v -4.160911 -12.824349 23.778069 0.000000 0.000000 0.000000
vn 0.590158 -0.675127 -0.442625
v 4.428547 -52.139198 46.404709 0.000000 0.000000 0.000000
vn 0.342563 -0.585504 0.734735
v 22.105413 -36.388420 45.798912 0.945098 0.945098 0.945098
vn 0.362347 0.761746 0.537073
v 20.663469 -25.971422 44.808460 0.376471 0.376471 0.376471
vn 0.139769 0.914296 -0.380167
v 20.730165 -25.311543 36.848312 0.921569 0.921569 0.921569
vn 0.840934 0.527009 0.122850
v 16.584633 6.786598 74.691277 0.000000 0.000000 0.000000
vn 0.130179 0.990041 0.053587
v 20.004118 -24.541245 40.733349 0.650980 0.650980 0.650980
vn 0.479538 0.535917 0.694864
v 20.624798 -27.806276 46.818371 0.125490 0.125490 0.125490
vn 0.807907 0.475363 -0.348305
v 15.168376 4.310654 51.033257 0.000000 0.000000 0.000000
vn 0.470168 0.274317 0.838864
v 21.205578 -29.546188 47.357117 0.443137 0.443137 0.443137
vn 0.057334 0.935318 -0.349131
v 20.050854 -25.092545 37.206535 0.862745 0.862745 0.862745
vn 0.112617 0.961593 -0.250313
v 20.293781 -24.785917 38.301895 0.847059 0.847059 0.847059
vn 0.426308 0.638225 0.641038
v 20.835213 -27.227190 46.171650 0.337255 0.337255 0.337255
vn 0.488233 -0.852980 0.184537
v 23.322186 -38.783600 41.424183 0.996078 0.996078 0.996078
vn 0.466059 0.078203 0.881291
v 21.632105 -31.236971 47.507278 0.627451 0.627451 0.627451
vn 0.947832 -0.194867 0.252274
v 21.130651 -28.884893 77.486084 0.000000 0.000000 0.000000
vn 0.846709 0.393139 -0.358505
v 17.082588 0.233094 50.524185 0.000000 0.000000 0.000000
vn 0.899755 0.093018 -0.426367
v 19.655434 -14.540330 47.120861 0.000000 0.000000 0.000000
vn 0.306009 0.887427 -0.344721
v -15.996274 13.227982 106.872139 0.000000 0.000000 0.000000
vn 0.417334 -0.904891 -0.083697
v -4.183203 -63.289497 63.917118 0.000000 0.000000 0.000000
vn 0.137843 0.266340 0.953972
v -17.886185 7.102881 127.440536 0.000000 0.000000 0.000000
vn 0.342410 0.513155 0.787037
v -15.642449 9.917503 125.484894 0.000000 0.000000 0.000000
vn 0.300769 -0.706594 -0.640518
v -9.371607 -53.739094 36.966473 0.000000 0.000000 0.000000
vn 0.599450 -0.720726 0.348159
v -13.570198 -7.470076 117.220474 0.000000 0.000000 0.000000
vn 0.341320 -0.883064 -0.322022
v -7.527807 -62.089931 52.215134 0.000000 0.000000 0.000000
vn 0.291175 -0.278584 0.915209
v -10.773834 -33.206688 112.586502 0.000000 0.000000 0.000000
vn 0.402917 -0.755737 0.516255
v -4.261721 -56.044697 92.553459 0.000000 0.000000 0.000000
vn 0.259951 0.960013 -0.103929
v -16.923052 15.959051 113.800690 0.000000 0.000000 0.000000
vn 0.316299 -0.376545 -0.870729
v -8.470119 -36.802696 25.218180 0.000000 0.000000 0.000000
vn 0.317919 -0.368859 0.873425
v -9.349440 -36.747097 110.807503 0.000000 0.000000 0.000000
vn -0.497814 0.802466 -0.328982
v -40.379753 27.708801 70.953545 0.098039 0.098039 0.098039
vn -0.607499 0.541658 -0.580991
v -40.254463 28.532007 71.835220 0.741176 0.741176 0.741176
vn -0.219322 -0.113164 -0.969068
v -34.892456 -24.732914 20.499653 0.000000 0.000000 0.000000
vn -0.351780 0.861421 -0.366341
v -41.461109 23.303959 50.409023 0.000000 0.000000 0.000000
vn -0.056099 -0.995209 -0.080074
v -26.845753 -67.664963 64.647888 0.000000 0.000000 0.000000
vn -0.507013 0.662723 -0.551122
v -39.776909 28.325405 71.148727 0.458824 0.458824 0.458824
vn -0.342627 0.485160 0.804504
v -39.023365 27.374468 79.197792 0.658824 0.658824 0.658824
vn -0.134748 0.481999 0.865748
v -33.370937 -8.638837 114.477325 0.000000 0.000000 0.000000
vn 0.313411 0.374503 0.872652
v -34.134476 0.710133 105.658844 0.196078 0.196078 0.196078
vn -0.325933 0.849085 -0.415719
v -38.251270 21.855932 44.926342 0.000000 0.000000 0.000000
vn -0.717907 0.592155 -0.366009
v -40.948540 29.747093 73.611412 1.000000 1.000000 1.000000
vn 0.307426 -0.925363 0.221796
v -24.919632 -56.685078 100.153145 0.000000 0.000000 0.000000
vn -0.454367 0.571728 0.683138
v -39.670235 26.761532 79.324974 0.376471 0.376471 0.376471
vn -0.471248 0.600832 -0.645698
v -39.490623 29.612041 72.049370 0.929412 0.929412 0.929412
vn -0.769248 -0.189135 0.610316
v -37.173161 -53.834187 120.214912 0.000000 0.000000 0.000000
vn -0.592281 0.659543 -0.462824
v -52.422188 13.654551 44.800133 0.000000 0.000000 0.000000
vn -0.339609 0.383325 0.858911
v -37.421425 -49.265720 98.026436 0.407843 0.407843 0.407843
vn -0.292100 -0.165677 0.941928
v -38.459702 -26.621193 113.926651 0.000000 0.000000 0.000000
vn -0.459575 0.418692 0.783254
v -37.029793 -50.881184 99.123978 0.074510 0.074510 0.074510
vn -0.362275 -0.826772 0.430354
v -37.234936 -57.578743 95.371094 0.000000 0.000000 0.000000
vn -0.139083 -0.787888 0.599907
v -39.235966 -35.644489 101.490425 0.411765 0.411765 0.411765
vn -0.347281 -0.927156 0.140636
v -35.812149 -60.673595 111.900291 0.000000 0.000000 0.000000
vn -0.232527 -0.871245 0.432277
v -35.835178 -61.625896 88.658585 0.000000 0.000000 0.000000
vn -0.267218 -0.895145 -0.356806
v -37.375954 -62.550438 50.052773 0.000000 0.000000 0.000000
vn -0.654419 0.403257 0.639625
v -35.608360 -52.252178 101.230919 0.066667 0.066667 0.066667
vn -0.370150 0.389065 0.843574
v -37.149239 -48.839794 97.948166 0.600000 0.600000 0.600000
vn -0.078862 -0.681179 0.727858
v -39.279003 -36.859917 100.205055 0.831373 0.831373 0.831373
vn -0.300228 0.326436 0.896272
v -37.506573 -48.154034 97.541733 0.639216 0.639216 0.639216
vn -0.286070 -0.092212 -0.953762
v -47.603008 -38.671310 29.117723 0.000000 0.000000 0.000000
vn -0.575032 0.364531 0.732431
v -52.347027 -0.720029 103.368782 0.137255 0.443137 0.698039
vn 0.240982 -0.551543 -0.798579
v -46.776848 -43.442963 30.555496 0.454902 0.454902 0.454902
vn 0.452532 -0.423186 0.784939
v -46.342766 -40.219040 99.337891 0.000000 0.000000 0.000000
vn 0.206247 -0.142271 -0.968102
v -47.380783 -40.927662 29.287512 0.364706 0.364706 0.364706
vn 0.210009 0.000714 0.977699
v -45.506027 -48.650539 97.660667 0.000000 0.000000 0.000000
vn -0.605858 0.571126 0.553852
v -54.115688 9.055593 94.465042 0.407843 0.407843 0.407843
vn -0.682644 0.709540 0.174788
v -57.980450 15.386727 76.279709 0.000000 0.000000 0.000000
vn 0.186569 -0.825318 -0.532956
v -47.386730 -44.706944 31.674858 0.552941 0.552941 0.552941
vn -0.573499 0.303826 0.760782
v -52.356140 -3.844513 104.800797 0.564706 0.662745 0.741176
vn 0.410682 -0.265300 0.872328
v -46.061752 -42.840759 98.155586 0.050980 0.050980 0.050980
vn -0.639473 0.503021 0.581415
v -53.876144 10.010892 93.696930 0.203922 0.203922 0.203922
vn -0.276196 -0.553222 0.785914
v -48.119850 -33.099693 107.771896 0.000000 0.000000 0.000000
vn -0.606674 0.501269 0.616990
v -53.390907 5.959887 98.099640 0.266667 0.525490 0.741176
vn -0.614287 0.515150 0.597722
v -53.458130 6.513676 97.570404 0.415686 0.615686 0.784314
vn 0.309267 -0.482530 -0.819462
v -47.171982 -42.970135 30.071974 0.568627 0.568627 0.568627
vn -0.633183 0.504823 0.586713
v -54.128681 6.996742 96.444794 0.509804 0.647059 0.760784
vn -0.575269 0.345173 0.741567
v -52.417480 -2.252184 104.057076 0.317647 0.556863 0.752941
vn 0.752967 -0.225718 0.618136
v 11.231592 -29.373550 99.495407 0.000000 0.000000 0.000000
vn -0.016554 0.962963 -0.269125
v -25.411875 27.752369 53.648365 0.000000 0.000000 0.000000
vn 0.270641 -0.701116 0.659689
v -10.853156 -52.841366 100.349510 0.000000 0.000000 0.000000
vn -0.715606 -0.108541 0.690019
v -22.663034 5.205676 107.789505 0.796079 0.796079 0.796079
vn -0.807180 0.590152 0.013443
v -21.078566 -2.334715 116.676033 0.996078 0.996078 0.996078
vn -0.768718 0.610301 -0.191324
v -20.998581 -1.945919 117.901520 0.894118 0.894118 0.894118
vn 0.255228 -0.870865 0.420063
v -11.861572 -61.701359 87.989784 0.000000 0.000000 0.000000
vn 0.308346 -0.951157 -0.014948
v -8.599904 -65.227173 66.697639 0.000000 0.000000 0.000000
vn -0.777108 0.493054 -0.391154
v -21.230108 -0.855871 120.568260 0.349020 0.349020 0.349020
vn -0.008030 0.792874 0.609333
v -24.907852 19.644243 97.732109 0.000000 0.000000 0.000000
vn -0.012084 0.693860 -0.720009
v -24.076658 14.627090 32.408886 0.000000 0.000000 0.000000
vn -0.683482 0.363076 0.633267
v -22.431402 0.531408 109.054947 1.000000 1.000000 1.000000
vn 0.011034 0.758513 -0.651565
v -23.213789 18.316416 36.318119 0.000000 0.000000 0.000000
vn -0.039833 0.937076 -0.346846
v -25.764093 26.971474 51.360191 0.000000 0.000000 0.000000
vn -0.768843 -0.329453 0.548033
v -22.761097 7.922791 108.451584 0.054902 0.054902 0.054902
vn 0.206084 -0.921508 0.329168
v -14.947107 -63.960011 84.429260 0.000000 0.000000 0.000000
vn -0.934945 0.259502 0.241945
v -23.812887 13.233140 109.050774 0.000000 0.000000 0.000000
vn 0.075235 0.030121 0.996711
v -20.593521 -17.367817 116.494843 0.000000 0.000000 0.000000
vn -0.670437 0.034431 0.741167
v -57.549210 -17.244518 103.534592 0.360784 0.435294 0.498039
vn -0.725426 0.263279 0.635957
v -59.571083 -6.214415 99.074890 0.141176 0.431373 0.666667
vn -0.745198 0.460711 0.482105
v -60.740704 3.479722 91.288017 0.329412 0.329412 0.329412
vn -0.798612 0.600209 0.044362
v -63.218117 10.457155 69.964638 0.000000 0.000000 0.000000
vn -0.722559 0.223074 0.654329
v -59.406841 -7.901536 99.899796 0.360784 0.407843 0.450980
vn -0.755023 0.418726 0.504588
v -61.047756 1.536234 92.554329 0.325490 0.462745 0.576471
vn -0.715770 0.170841 0.677117
v -59.057735 -8.791725 100.562332 0.262745 0.262745 0.258824
vn -0.642280 -0.237077 0.728883
v -55.481865 -30.626488 103.550598 0.278431 0.278431 0.278431
vn -0.762555 0.209666 -0.612005
v -61.278568 -8.726320 37.616741 0.000000 0.000000 0.000000
vn -0.755482 0.399559 0.519229
v -61.147518 0.616266 93.144341 0.231373 0.450980 0.635294
vn -0.684594 -0.058205 0.726597
v -56.963570 -21.736073 104.005501 0.400000 0.556863 0.686275
vn -0.754803 0.430217 0.495163
v -60.960190 2.271053 92.052902 0.372549 0.435294 0.486275
vn -0.759012 0.419045 -0.498298
v -68.814445 -2.459061 55.890209 0.670588 0.600000 0.623529
vn -0.856914 -0.042881 -0.513673
v -59.625435 -58.553730 68.625137 0.996078 0.996078 0.996078
vn -0.877093 0.363927 -0.313473
v -68.593475 -2.467644 55.476658 0.176471 0.156863 0.168627
vn -0.661873 0.640161 -0.390024
v -69.020500 -1.497960 57.281601 0.439216 0.396078 0.415686
vn -0.660732 0.558254 -0.501782
v -68.741219 -1.889291 56.339443 0.517647 0.462745 0.486275
vn -0.801074 -0.257347 0.540419
v -63.311394 -31.426823 94.394531 0.713726 0.713726 0.713726
vn -0.845692 -0.031097 0.532764
v -65.277184 -20.249739 94.354538 0.000000 0.364706 0.650980
vn -0.928212 0.277430 0.247901
v -59.710575 -56.783699 71.350952 0.752941 0.752941 0.752941
vn -0.900609 0.395591 0.180030
v -68.049797 0.934249 76.620857 0.000000 0.000000 0.000000
vn -0.846011 0.022626 0.532686
v -65.592537 -17.603926 93.842987 0.254902 0.501961 0.701961
vn -0.483915 0.262742 0.834741
v -67.870689 -6.490035 89.243660 0.909804 0.831373 0.870588
vn -0.894753 0.018248 -0.446188
v -68.133591 -18.351450 46.238560 0.000000 0.000000 0.000000
vn -0.760098 0.639736 -0.113966
v -31.625778 -52.468628 111.864876 0.996078 0.996078 0.996078
vn 0.920317 -0.354069 0.166287
v -8.794951 -1.163097 117.089294 0.000000 0.000000 0.000000
vn -0.618666 0.643742 0.450387
v -34.579247 -52.648300 102.870956 0.372549 0.372549 0.372549
vn -0.439517 0.893502 -0.092084
v -45.850941 24.681467 64.029709 0.000000 0.000000 0.000000
vn -0.856967 0.513213 0.047114
v -66.181984 6.045087 70.305931 0.000000 0.000000 0.000000
vn -0.713440 -0.669442 -0.207005
v -59.554470 -51.292576 57.819908 0.000000 0.000000 0.000000
vn -0.516889 0.522167 0.678356
v -40.003807 30.341339 77.378777 1.000000 1.000000 1.000000
vn -0.957019 0.219675 0.189358
v -28.610962 -47.490433 107.013763 1.000000 1.000000 1.000000
vn -0.928035 -0.365367 0.072506
v -71.906075 -12.167443 84.336761 0.925490 0.835294 0.882353
vn -0.894978 -0.006191 -0.446068
v -20.134491 6.076945 122.144791 0.109804 0.109804 0.109804
vn -0.521950 0.409089 0.748475
v -50.769772 1.001097 103.652763 0.486275 0.654902 0.788235
vn -0.726786 0.046778 -0.685270
v -53.016365 -37.995865 32.283535 0.094118 0.094118 0.094118
vn 0.547629 0.680242 0.487210
v -34.728466 29.584261 76.781105 0.698039 0.698039 0.698039
vn -0.946001 -0.293669 -0.137262
v -71.866699 -11.633375 82.166763 0.917647 0.831373 0.878431
vn 0.210942 0.032092 -0.976972
v -13.796067 -17.659769 20.166088 0.000000 0.000000 0.000000
vn -0.906310 -0.051227 0.419497
v -68.428185 -20.854681 88.652184 0.164706 0.164706 0.164706
vn -0.498520 0.360550 0.788341
v -48.449116 -1.546912 106.510971 0.290196 0.290196 0.290196
vn -0.771737 0.625165 -0.116578
v -72.175308 -7.043732 81.467491 0.925490 0.835294 0.882353
vn -0.319656 0.582527 -0.747317
v -39.426426 9.593641 31.257162 0.000000 0.000000 0.000000
vn 0.752239 0.003685 0.658880
v -22.978621 -47.936199 119.318901 0.000000 0.000000 0.000000
vn -0.842490 -0.467173 -0.268253
v -30.821726 -38.589985 112.525810 0.180392 0.180392 0.180392
vn -0.853096 -0.068306 0.517264
v -65.639130 -22.542526 93.570221 0.113725 0.431373 0.686275
vn -0.123759 0.078065 0.989237
v -39.113995 -45.363003 96.654388 0.866667 0.866667 0.866667
vn -0.674401 -0.496900 0.546145
v -32.418854 -38.909866 102.402367 0.996078 0.996078 0.996078
vn -0.789763 0.368979 0.490030
v -62.676533 -0.511760 91.680504 0.243137 0.235294 0.227451
vn -0.639911 0.291938 0.710835
v -40.300766 27.682281 78.273560 0.862745 0.862745 0.862745
vn -0.909746 -0.363432 -0.200696
v -29.633453 -40.523373 111.629280 0.925490 0.925490 0.925490
vn 0.656179 -0.347447 -0.669858
v 24.912584 -34.968239 34.890808 1.000000 1.000000 1.000000
vn -0.660858 -0.214975 0.719064
v -56.670738 -29.739412 102.760040 0.572549 0.572549 0.564706
vn -0.949647 0.032620 -0.311619
v -53.468597 -41.269367 31.790733 0.992157 0.992157 0.992157
vn 0.439943 0.288704 0.850353
v -2.142140 -4.856662 108.980812 0.000000 0.000000 0.000000
vn -0.870415 -0.016814 0.492031
v -67.110199 -19.879763 91.277946 0.482353 0.521569 0.552941
vn -0.912309 0.269801 -0.308058
v -68.974915 -3.861798 55.182911 0.074510 0.062745 0.058824
vn -0.771797 0.620277 -0.139950
v -70.190331 -4.804520 81.223190 0.600000 0.584314 0.592157
vn 0.863438 0.433445 -0.258070
v 17.672272 2.509832 55.172039 0.000000 0.000000 0.000000
vn -0.814312 -0.452082 0.364031
v -32.331345 -35.841072 113.043427 0.000000 0.000000 0.000000
vn -0.903566 -0.325389 0.278729
v -19.545893 8.005567 114.216400 0.996078 0.996078 0.996078
vn -0.883383 -0.450680 -0.128534
v -19.658216 9.308475 118.532417 0.278431 0.278431 0.278431
vn -0.604822 0.748435 0.272095
v -33.045929 -53.011543 106.016205 0.980392 0.980392 0.980392
vn -0.817346 -0.328116 -0.473587
v -30.812943 -40.458511 114.403534 0.196078 0.196078 0.196078
vn -0.770004 -0.011297 -0.637939
v -61.754097 -20.242661 36.528671 0.000000 0.000000 0.000000
vn -0.458910 -0.023382 -0.888175
v 13.164971 -31.574350 34.782558 0.047059 0.047059 0.047059
vn -0.807906 0.576400 0.122682
v -71.169701 -4.641721 65.883049 0.066667 0.058824 0.062745
vn 0.952028 0.193952 0.236698
v 21.596560 -7.678567 79.308868 0.000000 0.000000 0.000000
vn 0.076053 0.981434 -0.176076
v 17.487782 -24.263542 39.995228 0.113725 0.113725 0.113725
vn 0.625035 -0.722665 -0.295106
v 6.299430 -54.022373 52.970577 0.000000 0.000000 0.000000
vn 0.798167 0.209310 0.564905
v -22.056227 -45.040398 117.567062 0.000000 0.000000 0.000000
vn 0.638426 0.457650 0.618845
v 24.477190 -28.599285 44.706928 0.956863 0.956863 0.956863
vn -0.907115 -0.253467 -0.336001
v -72.499855 -19.416622 58.536983 0.909804 0.800000 0.807843
vn -0.859874 -0.024319 0.509926
v -66.313782 -20.410309 92.664650 0.337255 0.545098 0.721569
vn -0.780162 0.395537 0.484663
v -64.961044 -1.831214 88.786545 0.117647 0.109804 0.113725
vn -0.881911 -0.459566 0.105031
v -72.827812 -9.903188 73.288727 0.925490 0.839216 0.882353
vn -0.856476 -0.159344 -0.490977
v -72.784546 -17.893089 58.291340 0.925490 0.835294 0.874510
vn -0.911982 -0.401412 0.084598
v -73.188614 -18.754631 60.732414 0.925490 0.843137 0.882353
vn -0.927731 0.105576 -0.358007
v -69.649826 -14.028040 50.346165 0.000000 0.000000 0.000000
vn 0.466034 0.097072 -0.879426
v 2.018261 -19.045084 26.692503 0.000000 0.000000 0.000000
vn -0.911165 -0.271480 0.309962
v -73.048111 -13.308155 65.849808 0.541176 0.490196 0.490196
vn 0.310630 0.532962 -0.787058
v 21.802408 -27.674875 34.093563 0.996078 0.996078 0.996078
vn -0.928877 -0.356856 -0.099200
v -72.050896 -10.286384 80.204269 0.921569 0.835294 0.882353
vn 0.421092 -0.018853 0.906822
v -20.998917 -38.339901 113.176895 0.000000 0.000000 0.000000
vn -0.467154 0.070919 -0.881328
v 15.055384 -31.129492 33.848690 0.682353 0.682353 0.682353
vn -0.449302 0.404735 0.796441
v -35.493622 -48.785912 98.724167 0.905882 0.905882 0.905882
vn -0.716018 -0.363876 0.595745
v -31.725058 -40.869808 101.760170 0.996078 0.996078 0.996078
vn 0.112339 0.989625 -0.089572
v 18.603849 -24.409742 39.868156 0.329412 0.329412 0.329412
vn -0.940158 -0.339483 0.029218
v -70.455322 -34.954712 69.140793 0.000000 0.000000 0.000000
vn -0.591763 0.634683 0.496986
v -65.760872 -1.971537 87.992493 0.917647 0.839216 0.878431
vn -0.723215 0.419228 -0.548824
v -31.593084 -49.989410 114.933846 0.623529 0.623529 0.623529
vn -0.716335 0.080822 -0.693060
v -36.452530 19.458422 37.649899 0.580392 0.580392 0.580392
vn 0.690371 0.352494 0.631772
v 9.365111 -1.527250 98.574112 0.000000 0.000000 0.000000
vn -0.710148 0.533242 -0.459719
v -31.475979 -51.175236 113.701485 0.788235 0.788235 0.788235
vn 0.440258 0.721231 0.534789
v -34.607273 28.967989 77.479218 0.509804 0.509804 0.509804
vn -0.918292 0.041248 -0.393748
v -19.535349 4.641062 120.867645 0.686275 0.686275 0.686275
vn -0.794289 0.279292 -0.539537
v -69.147964 -3.660883 55.575134 0.768628 0.674510 0.678431
vn -0.866393 0.494378 -0.070383
v -42.073284 27.189219 73.675941 0.525490 0.525490 0.525490
vn -0.808456 -0.584730 0.067007
v -52.976620 -43.586246 33.480595 0.996078 0.996078 0.996078
vn -0.885135 0.459742 -0.071932
v -19.934944 -0.589317 117.258324 1.000000 1.000000 1.000000
vn -0.541569 0.435304 0.719175
v -50.756218 2.490442 102.783607 0.454902 0.650980 0.803922
vn -0.768081 -0.482346 -0.421182
v -61.958683 -42.629028 47.612080 0.000000 0.000000 0.000000
vn 0.483089 -0.359045 -0.798569
v 2.722313 -30.977673 28.847420 0.000000 0.000000 0.000000
vn -0.484343 -0.409090 -0.773342
v 14.390637 -35.246372 35.048340 0.670588 0.670588 0.670588
vn -0.729976 -0.296441 0.615839
v -59.953796 -33.425400 97.887230 0.447059 0.447059 0.447059
vn -0.840960 -0.211977 0.497847
v -65.343513 -29.263529 92.180649 0.701961 0.709804 0.717647
vn -0.784211 -0.391331 0.481532
v -73.148109 -16.716602 63.319862 0.270588 0.231373 0.211765
vn -0.957948 -0.048887 0.282747
v -71.124832 -22.212412 81.434593 0.000000 0.000000 0.000000
vn 0.757057 0.593518 0.273132
v 12.629229 9.847167 81.532623 0.000000 0.000000 0.000000
vn -0.290328 0.652073 -0.700364
v 16.767494 -27.235609 34.910427 0.682353 0.682353 0.682353
vn 0.349242 -0.567265 0.745816
v 18.424610 -36.032661 47.635963 0.082353 0.082353 0.082353
vn -0.306036 -0.029857 -0.951552
v 17.483727 -32.256172 32.610313 0.964706 0.964706 0.964706
vn -0.205537 0.761326 -0.614929
v 16.683163 -26.241695 35.995049 0.529412 0.529412 0.529412
vn -0.357067 0.276230 -0.892300
v 16.964308 -29.971159 33.185108 0.890196 0.890196 0.890196
vn 0.776957 0.231099 -0.585603
v 13.512090 -7.970475 38.987877 0.000000 0.000000 0.000000
vn -0.041678 0.933142 -0.357084
v 17.023312 -24.958302 37.974651 0.200000 0.200000 0.200000
vn 0.708877 0.658120 0.253715
v 10.349094 13.013205 80.558167 0.000000 0.000000 0.000000
vn 0.048358 0.820414 0.569722
v -30.883514 -4.979678 109.680916 0.156863 0.156863 0.156863
vn -0.154657 0.986979 -0.044207
v -33.831524 28.931019 69.685143 0.000000 0.000000 0.000000
vn -0.574109 0.736953 -0.356791
v -35.869263 23.083961 39.129436 1.000000 1.000000 1.000000
vn -0.482180 0.859426 0.169967
v -35.757408 22.688202 42.426918 0.666667 0.666667 0.666667
vn -0.074620 0.880857 -0.467464
v -36.127533 29.072990 70.468964 0.000000 0.000000 0.000000
vn -0.242159 0.781421 0.575101
v -36.347862 18.938593 96.189331 0.000000 0.000000 0.000000
vn -0.012339 0.385447 0.922647
v -31.185886 1.025827 105.020561 0.996078 0.996078 0.996078
vn -0.059414 -0.443775 -0.894166
v -27.031404 -40.810223 24.242851 0.003922 0.003922 0.003922
vn 0.071405 -0.826052 0.559052
v -23.218880 -57.383781 97.959694 0.000000 0.000000 0.000000
vn -0.097081 0.620360 0.778286
v -30.159861 -3.031181 107.563332 0.996078 0.996078 0.996078
vn -0.645232 0.486873 -0.588753
v -36.524300 21.285353 38.120647 0.996078 0.996078 0.996078
vn 0.027365 -0.990822 0.132375
v -22.528742 -67.362785 74.309143 0.000000 0.000000 0.000000
vn -0.087862 0.112125 -0.989802
v -29.043289 -12.850559 19.606560 0.000000 0.000000 0.000000
vn 0.073052 0.858037 0.508367
v -37.656342 31.485722 76.725471 1.000000 1.000000 1.000000
vn 0.009789 0.699663 0.714406
v -30.674549 -3.513659 107.987572 0.729412 0.729412 0.729412
vn 0.325094 0.607392 0.724837
v -36.047832 29.081997 78.223244 0.827451 0.827451 0.827451
vn 0.358772 0.724976 0.587956
v -36.166401 30.485371 77.150642 0.996078 0.996078 0.996078
vn 0.971654 0.036476 0.233577
v 22.792452 -13.010615 76.719788 0.000000 0.000000 0.000000
vn 0.793130 0.451559 0.408705
v 25.408524 -28.815313 43.719151 0.988235 0.988235 0.988235
vn 0.969376 0.197271 -0.146267
v 22.908840 -8.833708 60.887390 0.000000 0.000000 0.000000
vn 0.940314 0.339887 -0.016919
v 21.519344 -2.321169 66.914169 0.000000 0.000000 0.000000
vn -0.485662 0.596889 0.638636
v -32.490215 -41.691216 121.145370 0.000000 0.000000 0.000000
vn -0.806703 0.394169 -0.440297
v -30.744928 -49.826210 113.879242 0.996078 0.996078 0.996078
vn 0.113661 -0.357554 0.926950
v -30.041382 -52.780270 122.341957 0.000000 0.000000 0.000000
vn -0.628095 -0.774498 0.075165
v -32.964725 -35.673363 108.298233 0.521569 0.521569 0.521569
vn -0.405957 0.532664 -0.742609
v -43.861198 6.684142 31.179396 0.000000 0.000000 0.000000
vn -0.626702 -0.740161 0.243733
v -33.108925 -35.987698 106.324768 0.992157 0.992157 0.992157
vn -0.717320 -0.656235 0.234111
v -33.134884 -34.858238 112.486626 0.000000 0.000000 0.000000
vn -0.043837 -0.188207 0.981151
v -32.053886 -50.656319 123.063133 0.000000 0.000000 0.000000
vn -0.687443 0.319125 0.652366
v -32.020493 -47.545570 100.805305 1.000000 1.000000 1.000000
vn -0.744080 0.147141 -0.651686
v -31.215609 -46.449913 116.061295 0.423529 0.423529 0.423529
vn 0.295957 0.690533 0.659980
v -37.762859 -3.241327 110.239960 0.000000 0.000000 0.000000
vn -0.733249 0.298370 -0.611001
v -30.868662 -48.547153 114.891037 0.854902 0.854902 0.854902
vn 0.348437 0.302560 0.887158
v -39.354008 3.092100 107.251022 0.000000 0.000000 0.000000
vn 0.121875 -0.575901 0.808384
v -29.747799 -55.632870 120.765007 0.000000 0.000000 0.000000
vn -0.747095 0.261027 -0.611322
v -31.014282 -48.076817 115.307617 0.682353 0.682353 0.682353
vn -0.426037 -0.418678 0.801999
v -34.391224 -32.746155 113.125862 0.000000 0.000000 0.000000
vn -0.262663 -0.366632 -0.892518
v -37.185726 -36.968605 24.289724 0.000000 0.000000 0.000000
vn 0.099854 -0.744504 0.660109
v -30.502039 -57.916851 118.898834 0.000000 0.000000 0.000000
vn -0.149645 -0.564698 -0.811618
v -31.532368 -46.717129 28.329437 0.000000 0.000000 0.000000
vn -0.080580 -0.628996 0.773221
v -39.611691 -37.619072 99.509079 0.992157 0.992157 0.992157
vn -0.462641 0.566146 0.682233
v -47.474934 7.655168 101.551628 0.137255 0.137255 0.137255
vn -0.245606 0.355839 0.901696
v -38.321804 -49.470623 97.776817 0.141176 0.141176 0.141176
vn -0.234063 0.194769 0.952512
v -38.362606 -46.932415 96.960815 0.705882 0.705882 0.705882
vn -0.291050 -0.920159 -0.261910
v -38.415257 -63.967113 55.072983 0.000000 0.000000 0.000000
vn -0.738481 0.673855 0.023765
v -35.882717 -55.199669 105.577682 0.000000 0.000000 0.000000
vn -0.426689 0.394892 0.813632
v -46.449696 0.663076 106.653854 0.027451 0.027451 0.027451
vn 0.007999 -0.833419 0.552584
v -39.922894 -35.306381 101.793655 0.137255 0.137255 0.137255
vn -0.031955 -0.743782 0.667659
v -40.070621 -35.842800 101.167747 0.364706 0.364706 0.364706
vn -0.440934 0.340653 0.830381
v -47.043671 -1.746681 107.453262 0.000000 0.000000 0.000000
vn -0.365543 -0.233853 -0.900939
v -42.582550 -30.466673 24.044886 0.000000 0.000000 0.000000
vn -0.615820 -0.765352 -0.187088
v -37.596882 -59.697281 107.880440 0.000000 0.000000 0.000000
vn -0.456920 0.449069 0.767829
v -46.866562 2.949034 105.140396 0.219608 0.219608 0.219608
vn -0.004280 -0.696288 0.717750
v -40.445427 -36.526352 100.431915 0.521569 0.521569 0.521569
vn -0.477656 0.703360 0.526431
v -48.584087 14.627022 93.703499 0.000000 0.000000 0.000000
vn -0.202677 0.236539 -0.950248
v -50.073578 -39.002861 29.480839 0.466667 0.466667 0.466667
vn -0.581731 0.321310 0.747228
v -52.651440 -3.288022 104.341125 0.423529 0.611765 0.764706
vn 0.324969 -0.028987 0.945280
v -46.407902 -45.884846 97.944336 0.000000 0.000000 0.000000
vn -0.426588 -0.895127 -0.129498
v -44.628864 -62.811218 60.719097 0.000000 0.000000 0.000000
vn 0.125712 -0.911761 -0.391011
v -47.893131 -45.149502 32.301006 0.600000 0.600000 0.600000
vn -0.450842 -0.779945 -0.434082
v -45.641884 -57.420380 46.587128 0.000000 0.000000 0.000000
vn -0.123432 -0.842778 -0.523918
v -46.868538 -45.460770 32.877655 0.203922 0.203922 0.203922
vn -0.626010 0.476942 0.616959
v -54.345642 5.082902 97.857857 0.031373 0.376471 0.658824
vn 0.323043 -0.298761 -0.897990
v -48.282520 -42.493156 29.371107 0.843137 0.843137 0.843137
vn -0.386273 -0.740492 -0.549968
v -48.242603 -46.244030 34.739525 0.070588 0.070588 0.070588
vn -0.670362 0.741703 0.022166
v -57.018436 17.301786 69.218239 0.000000 0.000000 0.000000
vn -0.636361 0.564378 0.525854
v -55.666588 7.836221 93.894707 0.498039 0.498039 0.494118
vn -0.669687 0.684468 -0.288137
v -56.927853 14.387605 53.385532 0.000000 0.000000 0.000000
vn -0.603031 0.314262 0.733208
v -53.846039 -3.218566 103.351959 0.058824 0.411765 0.678431
vn -0.369986 -0.916286 0.153394
v -42.142754 -63.816349 75.290802 0.000000 0.000000 0.000000
vn -0.698493 0.701623 -0.140827
v -58.347851 15.470802 61.387711 0.000000 0.000000 0.000000
vn -0.651136 0.601251 0.463162
v -56.098259 9.253028 91.810661 0.082353 0.082353 0.082353
vn -0.658915 0.367452 -0.656362
v -56.482243 -1.225725 35.696339 0.000000 0.000000 0.000000
vn -0.578341 0.287494 0.763458
v -52.792049 -5.174014 104.987610 0.552941 0.588235 0.615686
vn -0.640439 0.517289 0.567671
v -54.992031 7.354480 95.156425 0.576471 0.635294 0.686275
vn -0.739846 0.283847 0.609966
v -60.525597 -5.511011 97.652756 0.094118 0.400000 0.654902
vn -0.604114 -0.584962 0.541170
v -53.740356 -47.339542 94.535378 0.000000 0.000000 0.000000
vn -0.795543 0.157475 -0.585075
v -63.287575 -11.656163 39.348785 0.000000 0.000000 0.000000
vn -0.658661 -0.057809 0.750216
v -57.819874 -21.281628 103.249321 0.215686 0.482353 0.701961
vn -0.667330 -0.170987 0.724868
v -57.029575 -27.338583 103.095612 0.525490 0.650980 0.752941
vn -0.692651 -0.008097 0.721227
v -58.608074 -19.234928 102.566238 0.125490 0.435294 0.686275
vn -0.797027 0.535587 0.279097
v -62.992268 7.473368 81.580505 0.000000 0.000000 0.000000
vn -0.584353 -0.417182 0.696054
v -53.476952 -39.162838 101.421883 0.000000 0.000000 0.000000
vn -0.072901 -0.982075 0.173820
v -52.939606 -59.631729 70.803497 0.066667 0.066667 0.066667
vn -0.723488 0.081463 0.685513
v -59.049660 -14.117414 101.766029 0.262745 0.254902 0.243137
vn 0.557646 0.746687 0.362615
v 3.188540 17.398211 85.323250 0.000000 0.000000 0.000000
vn 0.723469 -0.066780 0.687119
v 10.576181 -21.832930 101.809929 0.000000 0.000000 0.000000
vn 0.741143 0.020582 -0.671032
v 9.003167 -22.144104 32.196323 0.000000 0.000000 0.000000
vn 0.228926 0.844026 0.484987
v 8.230050 -20.347586 27.171844 0.000000 0.000000 0.000000
vn 0.757679 -0.259445 -0.598842
v 9.671486 -25.686573 27.541410 0.000000 0.000000 0.000000
vn -0.662604 0.706491 0.248650
v -22.653952 -3.750402 114.054535 0.682353 0.682353 0.682353
vn -0.620602 0.723640 0.301992
v -23.100971 -3.828388 113.119125 0.764706 0.764706 0.764706
vn -0.553727 -0.048270 0.831298
v -24.709269 5.175041 106.096863 0.768628 0.768628 0.768628
vn -0.589463 -0.218869 0.777579
v -24.306717 7.300581 106.669510 0.098039 0.098039 0.098039
vn 0.150234 -0.183566 -0.971459
v -17.080572 -27.960278 20.390064 0.000000 0.000000 0.000000
vn -0.691277 0.600446 0.401997
v -22.873869 -3.359348 112.498772 0.996078 0.996078 0.996078
vn -0.690595 -0.262255 0.674018
v -23.164528 7.693392 107.883881 0.007843 0.007843 0.007843
vn -0.385258 -0.582358 0.715846
v -22.876852 -5.652343 124.109268 0.000000 0.000000 0.000000
vn -0.597092 0.050710 0.800568
v -67.770638 -11.413519 89.937042 0.317647 0.286275 0.301961
vn -0.805045 -0.586446 -0.089346
v -64.042320 -47.046680 63.410984 0.000000 0.000000 0.000000
vn -0.562731 0.130943 0.816204
v -69.250015 -7.974134 88.798187 0.925490 0.831373 0.882353
vn -0.487944 0.086488 0.868580
v -68.077263 -9.472838 89.605080 0.635294 0.596078 0.615686
vn -0.817783 -0.528834 -0.227081
v -63.866932 -45.302959 56.554050 0.000000 0.000000 0.000000
vn -0.855621 -0.007358 0.517552
v -66.265526 -19.198589 92.783562 0.356863 0.541176 0.694118
vn -0.657395 0.502182 0.561824
v -69.438072 -4.553743 87.230209 0.925490 0.835294 0.882353
vn -0.995102 -0.098807 -0.002982
v -60.386723 -58.630135 70.426491 1.000000 1.000000 1.000000
vn -0.595184 0.760278 -0.260257
v -69.880249 -1.797171 58.065094 0.925490 0.835294 0.882353
vn -0.865159 0.027621 0.500736
v -66.587669 -17.240692 92.159195 0.407843 0.415686 0.423529
vn -0.815634 -0.288487 0.501515
v -64.223366 -32.992992 92.173897 0.294118 0.294118 0.294118
vn -0.918118 0.251766 -0.306061
v -69.623558 -5.408097 55.716045 0.000000 0.000000 0.000000
vn -0.763817 0.116775 -0.634781
v -69.684563 -4.270325 56.018639 0.909804 0.815686 0.831373
vn -0.687846 0.724559 0.043373
v -68.539307 -2.913365 83.271996 0.133333 0.145098 0.137255
vn -0.875154 0.057011 0.480474
v -67.219177 -15.910055 90.894897 0.078431 0.078431 0.078431
vn -0.905213 0.230612 -0.356941
v -68.352180 -7.582434 50.069038 0.000000 0.000000 0.000000
vn -0.471773 0.159752 0.867127
v -68.245453 -7.647289 89.279404 0.909804 0.835294 0.874510
vn -0.868620 -0.264451 -0.419004
v -66.666504 -32.147617 47.350590 0.000000 0.000000 0.000000
vn 0.687832 -0.549353 -0.474445
v 25.022522 -36.040764 35.911118 1.000000 1.000000 1.000000
vn 0.998741 0.049221 -0.009720
v -7.742084 4.297765 115.141296 0.000000 0.000000 0.000000
vn -0.643286 0.607751 0.465642
v -32.827244 -51.382454 103.341888 0.988235 0.988235 0.988235
vn -0.715441 0.069720 -0.695186
v -59.358418 -57.845654 68.450722 0.811765 0.811765 0.811765
vn -0.638196 0.768911 0.038501
v -71.278450 -6.301989 77.031021 0.674510 0.615686 0.643137
vn -0.813790 -0.212493 0.540919
v -63.920891 -29.431301 94.365929 0.639216 0.764706 0.866667
vn 0.931134 0.360301 0.056329
v 20.904648 -0.804780 70.400169 0.000000 0.000000 0.000000
vn -0.899069 -0.320890 -0.297833
v -29.465685 -41.411469 112.342331 1.000000 1.000000 1.000000
vn 0.894681 -0.439045 0.082373
v 18.465427 -41.802174 70.810822 0.000000 0.000000 0.000000
vn -0.704638 -0.311910 0.637337
v -58.614002 -34.530945 98.883011 0.188235 0.188235 0.188235
vn 0.887843 0.401708 0.224424
v -8.356986 5.135764 108.785797 0.000000 0.000000 0.000000
vn -0.779411 0.397853 0.483976
v -62.313591 0.262275 91.644791 0.294118 0.290196 0.282353
vn 0.668542 -0.699645 0.252088
v 8.135632 -53.478313 79.627708 0.000000 0.000000 0.000000
vn 0.420219 0.046478 0.906232
v -26.455158 -47.698288 122.143295 0.000000 0.000000 0.000000
vn -0.671672 0.733394 0.104834
v -69.423180 -3.546441 85.072060 0.925490 0.835294 0.882353
vn -0.941311 -0.330874 0.066755
v -70.950165 -14.337158 83.364037 0.117647 0.121569 0.117647
vn 0.565576 0.672273 0.477674
v -35.208092 30.048662 76.705910 0.866667 0.866667 0.866667
vn -0.601998 0.550075 0.578806
v -54.102909 7.492866 96.012932 0.615686 0.674510 0.721569
vn -0.687432 0.074207 0.722447
v -57.898598 -14.873369 103.010521 0.215686 0.211765 0.207843
vn -0.817781 -0.002669 0.575524
v -64.664886 -18.190619 95.336189 0.000000 0.356863 0.647059
vn 0.511542 0.841530 0.173643
v 0.937961 21.889574 76.674042 0.000000 0.000000 0.000000
vn -0.984075 -0.164435 -0.067505
v -71.665016 -11.625261 80.966003 0.152941 0.168627 0.160784
vn -0.579902 -0.780865 0.232302
v -33.691959 -35.753689 105.689453 0.992157 0.992157 0.992157
vn -0.674493 -0.720813 -0.159648
v -57.263077 -54.285576 60.466812 0.000000 0.000000 0.000000
vn 0.591126 -0.022454 -0.806267
v 24.077288 -32.613438 33.551556 1.000000 1.000000 1.000000
vn -0.701317 0.672035 0.237748
v -66.216103 -1.181686 85.744492 0.478431 0.431373 0.454902
vn 0.223472 0.904595 -0.362998
v 21.577379 -25.465170 36.886726 0.960784 0.960784 0.960784
vn -0.784463 0.507155 -0.356948
v -41.443104 27.726713 72.790039 0.611765 0.611765 0.611765
vn 0.688697 0.516718 -0.508626
v -30.351284 21.513248 38.276623 0.705882 0.705882 0.705882
vn 0.072666 0.708775 -0.701682
v -21.113325 15.854216 33.781898 0.000000 0.000000 0.000000
vn -0.535586 0.155646 0.830014
v -50.412525 -11.135552 108.355621 0.000000 0.000000 0.000000
vn 0.812847 0.140813 -0.565201
v 15.140070 -12.347772 39.870541 0.000000 0.000000 0.000000
vn 0.546344 0.354959 0.758626
v 2.473069 -1.577309 104.773865 0.000000 0.000000 0.000000
vn -0.681324 0.497378 -0.537041
v -32.673847 -51.284073 115.177246 0.250980 0.250980 0.250980
vn 0.706417 0.707112 -0.031110
v -34.702240 30.351830 74.442116 0.745098 0.745098 0.745098
vn 0.191056 0.581247 -0.790980
v -30.256495 19.015377 36.953011 0.098039 0.098039 0.098039
vn -0.827774 -0.252153 0.501208
v -64.599586 -31.315792 92.458443 0.533333 0.533333 0.533333
vn 0.911391 0.235690 -0.337367
v 20.152266 -7.467686 51.255161 0.000000 0.000000 0.000000
vn -0.874199 0.035964 0.484235
v -66.968605 -17.422876 91.494629 0.337255 0.333333 0.333333
vn -0.723596 -0.545663 0.422682
v -37.662590 -55.504097 99.235168 0.000000 0.000000 0.000000
vn -0.715446 0.461852 -0.524242
v -59.245377 4.073314 42.681717 0.000000 0.000000 0.000000
vn 0.920237 0.359783 0.154015
v 20.587093 -1.794069 76.087227 0.000000 0.000000 0.000000
vn -0.886638 -0.109222 0.449381
v -67.708733 -24.124712 89.615822 0.466667 0.466667 0.466667
vn -0.869486 -0.051148 0.491302
v -66.562523 -21.257200 92.169167 0.447059 0.603922 0.733333
vn 0.806740 -0.562399 0.181322
v 9.112397 -27.385431 28.188217 0.000000 0.000000 0.000000
vn -0.401217 0.379544 -0.833649
v 15.760212 -29.086893 34.125023 0.678431 0.678431 0.678431
vn 0.169135 -0.035166 -0.984965
v -48.568378 -41.540817 29.024488 0.780392 0.780392 0.780392
vn 0.483282 0.875220 -0.020700
v -1.387712 24.127197 67.520889 0.000000 0.000000 0.000000
vn -0.990216 -0.031243 0.136003
v -71.717400 -10.930665 76.832474 0.066667 0.035294 0.000000
vn -0.882797 0.203815 -0.423237
v -19.775812 3.001967 120.875870 0.698039 0.698039 0.698039
vn 0.812368 0.268472 -0.517670
v 15.641506 -6.557115 42.707527 0.000000 0.000000 0.000000
vn 0.768506 0.533552 0.353158
v 13.606937 7.163672 84.004524 0.000000 0.000000 0.000000
vn -0.770974 0.269872 0.576860
v -61.957008 -5.869044 95.996078 0.298039 0.360784 0.415686
vn -0.589720 0.152907 0.793001
v -67.428253 -8.820818 89.877876 0.137255 0.125490 0.129412
vn -0.868736 0.054048 -0.492318
v -20.033916 4.706618 121.889687 0.349020 0.349020 0.349020
vn 0.271395 -0.469199 0.840355
v -17.363829 -2.716815 126.231361 0.000000 0.000000 0.000000
vn 0.986722 -0.153400 0.053376
v 23.412615 -25.234556 64.699516 0.000000 0.000000 0.000000
vn -0.582026 0.768946 0.264514
v -33.655548 -53.568172 106.266823 0.788235 0.788235 0.788235
vn -0.890602 0.435611 0.130654
v -72.240379 -7.060457 83.981415 0.925490 0.839216 0.882353
vn -0.924478 -0.237400 -0.298300
v -69.605484 -30.673100 53.800629 0.000000 0.000000 0.000000
vn 0.488662 0.872255 -0.019537
v -14.850447 12.445447 105.507866 0.000000 0.000000 0.000000
vn 0.146562 -0.782440 0.605233
v -54.395653 -59.244984 72.517540 0.423529 0.423529 0.423529
vn 0.711434 0.127564 -0.691078
v 10.696257 -12.804608 34.373238 0.000000 0.000000 0.000000
vn -0.470142 -0.494929 -0.730761
v 15.128124 -35.736572 34.898834 0.807843 0.807843 0.807843
vn 0.880376 -0.440317 0.176239
v 17.292343 -42.859203 75.112442 0.000000 0.000000 0.000000
vn -0.396198 0.331812 -0.856112
v 13.934311 -29.393494 34.820583 0.109804 0.109804 0.109804
vn 0.623048 0.771046 -0.131530
v 6.284144 18.428608 60.886730 0.000000 0.000000 0.000000
vn -0.372424 -0.800131 -0.470203
v 15.505539 -37.882896 36.861454 0.803922 0.803922 0.803922
vn -0.056999 -0.986593 0.152925
v 15.492942 -39.035831 43.475323 0.062745 0.062745 0.062745
vn 0.609220 0.749726 0.258384
v 5.548831 17.610693 80.225685 0.000000 0.000000 0.000000
vn 0.808779 -0.067956 0.584173
v 14.346446 -21.193081 97.389252 0.000000 0.000000 0.000000
vn 0.691128 0.526042 0.495602
v 9.582175 6.210285 92.343246 0.000000 0.000000 0.000000
vn -0.191501 -0.051402 0.980146
v -29.534716 10.006669 104.688728 0.000000 0.000000 0.000000
vn -0.391767 0.808973 0.438271
v -26.245195 -4.973479 111.312988 0.862745 0.862745 0.862745
vn -0.272974 -0.013838 0.961922
v -27.968174 5.776188 104.582550 0.419608 0.419608 0.419608
vn -0.182448 0.904087 -0.386445
v -33.471100 24.796379 48.268082 0.000000 0.000000 0.000000
vn 0.013794 0.390301 -0.920584
v -32.089622 18.350735 36.260895 0.137255 0.137255 0.137255
vn 0.112872 -0.262175 0.958396
v -20.956751 -35.610168 113.659714 0.000000 0.000000 0.000000
vn 0.395262 0.036435 -0.917845
v -32.440548 21.089167 36.559761 0.952941 0.952941 0.952941
vn 0.139233 -0.988778 0.054154
v -17.627590 -67.279305 70.576401 0.000000 0.000000 0.000000
vn -0.012896 0.995410 -0.094833
v -32.801609 23.140240 43.649994 0.313726 0.313726 0.313726
vn -0.134198 0.796934 0.588971
v -30.621641 19.875530 96.745323 0.000000 0.000000 0.000000
vn 0.967927 -0.163019 0.191162
v 22.332472 -26.026367 74.580544 0.000000 0.000000 0.000000
vn 0.951793 -0.025251 0.305700
v 19.756651 -15.981124 86.900291 0.000000 0.000000 0.000000
vn 0.294492 0.953182 0.068694
v 21.625837 -24.859964 41.067482 0.827451 0.827451 0.827451
vn 0.485234 0.331315 0.809184
v 21.951828 -29.651699 46.941380 0.670588 0.670588 0.670588
vn 0.429687 0.622790 0.653836
v 21.456108 -27.498123 46.042976 0.533333 0.533333 0.533333
vn 0.253228 0.745223 -0.616862
v 21.637598 -26.919573 34.726044 0.992157 0.992157 0.992157
vn 0.323022 0.795452 -0.512750
v 21.970684 -25.808531 36.370899 0.980392 0.980392 0.980392
vn 0.961127 -0.101501 0.256774
v 22.171303 -23.081293 76.765869 0.000000 0.000000 0.000000
vn 0.198454 0.978616 -0.054093
v 21.035650 -24.702240 39.461018 0.862745 0.862745 0.862745
vn 0.516936 0.152214 0.842382
v 22.054312 -30.352592 47.143604 0.705882 0.705882 0.705882
vn 0.482041 0.439758 0.757792
v 21.961567 -28.556221 46.419907 0.666667 0.666667 0.666667
vn 0.398643 -0.358850 0.843985
v 22.089016 -35.184586 46.528831 0.898039 0.898039 0.898039
vn 0.538645 -0.812470 -0.223055
v 23.641348 -38.614265 38.544426 1.000000 1.000000 1.000000
vn 0.316748 0.888652 0.331614
v 21.119659 -25.315771 43.087631 0.654902 0.654902 0.654902
vn -0.227123 0.009752 -0.973817
v -35.186775 -18.363394 20.245522 0.000000 0.000000 0.000000
vn -0.488003 0.409623 0.770754
v -39.751823 27.333197 78.822945 0.678431 0.678431 0.678431
vn 0.350785 -0.476221 0.806327
v -27.899324 -54.450142 121.001816 0.000000 0.000000 0.000000
vn 0.221469 -0.093680 0.970657
v -28.486324 -49.705292 122.773346 0.000000 0.000000 0.000000
vn -0.654041 0.510445 -0.558279
v -40.593491 28.547182 72.230965 0.780392 0.780392 0.780392
vn -0.669564 0.454654 -0.587344
v -40.540703 28.982338 72.515877 0.905882 0.905882 0.905882
vn -0.258833 0.579037 0.773125
v -30.128717 -36.448509 115.906403 0.000000 0.000000 0.000000
vn -0.221922 0.202995 -0.953700
v -34.866177 -9.396132 21.117699 0.000000 0.000000 0.000000
vn -0.167954 -0.315290 -0.934015
v -32.574123 -34.325069 22.225935 0.000000 0.000000 0.000000
vn -0.174685 -0.172981 0.969311
v -31.768259 -31.740034 114.459541 0.000000 0.000000 0.000000
vn 0.436628 -0.898027 -0.053886
v -25.301844 -56.661987 101.598946 0.000000 0.000000 0.000000
vn -0.664251 0.438079 -0.605688
v -40.484917 29.273432 72.649040 0.960784 0.960784 0.960784
vn -0.304251 0.874142 0.378560
v -38.560619 23.968538 86.296028 0.000000 0.000000 0.000000
vn 0.666884 -0.662498 0.341118
v 8.102371 -51.277519 84.820114 0.000000 0.000000 0.000000
vn 0.241411 -0.309428 -0.919769
v -12.655631 -33.544991 22.716158 0.000000 0.000000 0.000000
vn 0.174461 0.198481 -0.964453
v -15.010625 -9.376519 20.862520 0.000000 0.000000 0.000000
vn -0.020017 0.518999 0.854540
v -19.481371 10.449311 126.098824 0.000000 0.000000 0.000000
vn -0.977374 0.129261 0.167427
v -18.657993 3.397808 114.860489 1.000000 1.000000 1.000000
vn 0.024719 -0.591219 0.806132
v -41.357224 -38.087982 99.111473 0.631373 0.631373 0.631373
vn -0.040994 -0.502147 0.863810
v -40.346405 -39.353573 98.251701 0.996078 0.996078 0.996078
vn -0.115619 -0.432302 0.894286
v -40.071587 -40.390007 97.705544 0.996078 0.996078 0.996078
vn -0.498716 0.808753 0.311770
v -48.843704 20.701799 82.311096 0.000000 0.000000 0.000000
vn -0.534252 -0.746459 0.396704
v -38.201225 -56.101059 97.300407 0.000000 0.000000 0.000000
vn -0.489027 0.552906 0.674646
v -48.051350 7.947099 100.897301 0.247059 0.247059 0.247059
vn -0.449662 -0.203991 -0.869593
v -46.085930 -28.966511 25.274393 0.000000 0.000000 0.000000
vn -0.003040 -0.735401 0.677625
v -40.397541 -36.153755 100.812660 0.380392 0.380392 0.380392
vn -0.531908 0.845075 0.054055
v -49.922115 22.554424 70.325104 0.000000 0.000000 0.000000
vn -0.644153 0.529822 0.551684
v -56.147064 6.907450 94.248161 0.517647 0.603922 0.674510
vn 0.415779 -0.278612 0.865739
v -48.323280 -43.854313 99.148598 0.000000 0.000000 0.000000
vn 0.011953 -0.664307 -0.747364
v -49.853191 -43.955639 29.617071 1.000000 1.000000 1.000000
vn -0.593250 0.262264 0.761099
v -53.446434 -5.887937 104.733299 0.533333 0.552941 0.572549
vn -0.597131 0.243399 0.764324
v -53.658665 -6.927510 104.921104 0.388235 0.388235 0.384314
vn -0.602409 0.622614 0.499455
v -54.483444 10.013067 93.030670 0.054902 0.054902 0.054902
vn -0.366408 0.264769 -0.891988
v -50.270676 -38.520176 29.745441 0.352941 0.352941 0.352941
vn -0.060139 -0.211689 0.975485
v -46.043308 -49.786015 97.516762 0.000000 0.000000 0.000000
vn -0.224841 -0.885661 -0.406265
v -48.558685 -45.938660 34.319374 0.301961 0.301961 0.301961
vn -0.469974 -0.880894 0.056136
v -47.693726 -61.797691 70.072289 0.000000 0.000000 0.000000
vn -0.679199 -0.132923 0.721817
v -58.139347 -26.064878 102.305840 0.278431 0.537255 0.749020
vn -0.785967 0.361761 0.501383
v -62.503338 -1.452765 92.644386 0.321569 0.333333 0.345098
vn -0.850013 0.442190 -0.286262
v -65.932434 2.907786 54.645432 0.000000 0.000000 0.000000
vn -0.824194 0.565100 -0.036946
v -64.786835 8.298327 66.124329 0.000000 0.000000 0.000000
vn -0.771927 0.318958 0.549904
v -62.099583 -3.495395 94.554306 0.235294 0.407843 0.552941
vn 0.231799 -0.971611 -0.047351
v -53.091930 -59.747707 69.919930 0.117647 0.117647 0.117647
vn -0.578968 -0.033099 0.814678
v -68.494095 -12.187086 89.436386 0.776471 0.709804 0.741176
vn -0.855531 -0.151685 0.495034
v -65.985092 -26.767313 92.024986 0.639216 0.729412 0.803922
vn -0.603233 0.290557 0.742757
v -70.004829 -7.053144 88.089478 0.925490 0.835294 0.882353
vn -0.734860 0.673990 0.075622
v -70.706085 -2.498585 59.897774 0.917647 0.827451 0.874510
vn -0.682025 0.245832 -0.688773
v -69.785706 -3.372684 56.219120 0.925490 0.839216 0.882353
vn -0.792913 -0.609326 0.003434
v -62.890266 -48.933716 68.394478 0.000000 0.000000 0.000000
vn -0.559673 0.013623 0.828601
v -68.784325 -10.606806 89.246330 0.909804 0.827451 0.870588
vn -0.796230 -0.591584 0.126675
v -63.298958 -47.750942 74.053925 0.000000 0.000000 0.000000
vn -0.835887 -0.237050 0.495076
v -65.185234 -30.676132 91.807495 0.529412 0.529412 0.529412
vn -0.790426 0.590874 0.161535
v -71.025879 -4.215545 64.981636 0.125490 0.113725 0.113725
vn -0.846315 -0.199873 0.493764
v -65.708595 -28.604210 91.820877 0.690196 0.690196 0.694118
vn -0.598819 0.702757 0.384120
v -32.969784 -52.310020 104.622292 0.854902 0.854902 0.854902
vn -0.137917 0.187810 -0.972474
v -31.203812 -10.114697 20.330965 0.000000 0.000000 0.000000
vn -0.789872 0.607660 -0.082775
v -36.822128 22.119295 40.111359 0.996078 0.996078 0.996078
vn 0.898338 -0.225930 0.376756
v 16.325809 -26.661310 92.174591 0.000000 0.000000 0.000000
vn 0.629575 0.344798 0.696239
v 6.230859 -2.446951 102.180908 0.000000 0.000000 0.000000
vn -0.764565 -0.305277 0.567668
v -61.452042 -33.927685 95.742912 0.388235 0.388235 0.388235
vn 0.465790 0.715392 0.520821
v 21.390968 -26.073849 44.435059 0.592157 0.592157 0.592157
vn -0.709211 0.507056 0.489811
v -58.959507 5.531348 91.923920 0.411765 0.411765 0.411765
vn -0.852942 -0.275902 0.443134
v -65.554131 -32.129791 90.377174 0.184314 0.184314 0.184314
vn -0.634044 0.492260 0.596380
v -65.452042 -2.151099 88.484802 0.713726 0.658824 0.690196
vn -0.613349 0.086525 0.785058
v -67.354813 -10.512510 90.120682 0.125490 0.113725 0.121569
vn -0.566971 0.457893 0.684747
v -65.722588 -2.969509 88.830399 0.701961 0.639216 0.674510
vn 0.402929 -0.544090 -0.735945
v -47.788136 -43.098633 29.857534 0.768628 0.768628 0.768628
vn 0.589337 0.802037 0.097049
v -34.327705 29.964334 75.466385 0.650980 0.650980 0.650980
vn 0.172867 0.950339 -0.258789
v -15.474015 27.121639 54.298424 0.000000 0.000000 0.000000
vn 0.366510 0.719616 -0.589765
v -6.353786 15.749714 38.599457 0.000000 0.000000 0.000000
vn -0.969789 -0.136877 -0.201924
v -18.775787 6.883994 118.113564 0.996078 0.996078 0.996078
vn -0.956633 0.176280 -0.231904
v -71.389046 -8.063459 60.675621 0.000000 0.000000 0.000000
vn 0.834799 0.287225 0.469694
v 15.937779 -4.401697 91.283211 0.000000 0.000000 0.000000
vn 0.257465 0.903193 -0.343445
v -16.968895 15.233601 110.682907 0.000000 0.000000 0.000000
vn 0.621856 0.477005 0.621097
v -24.427250 -41.586391 118.311836 0.000000 0.000000 0.000000
vn -0.660199 0.748340 -0.064220
v -68.923622 -3.271998 83.123474 0.309804 0.325490 0.313726
vn -0.705672 0.469275 0.530856
v -58.555637 4.265456 93.686722 0.254902 0.494118 0.690196
vn 0.649940 0.319502 -0.689563
v 7.058149 -3.691347 33.700424 0.007843 0.007843 0.007843
vn 0.308575 0.907625 0.284603
v 20.562929 -25.037321 42.833740 0.541176 0.541176 0.541176
vn -0.453481 0.667522 -0.590567
v -46.550083 14.063743 39.584728 0.000000 0.000000 0.000000
vn -0.826716 -0.546648 -0.133102
v -30.983294 -37.889309 111.215118 0.400000 0.400000 0.400000
vn -0.365466 -0.496978 0.787050
v -51.755745 -39.350327 102.354721 0.000000 0.000000 0.000000
vn -0.655760 0.236315 0.717032
v -56.293797 -7.881166 102.986084 0.482353 0.498039 0.509804
vn 0.401722 0.186092 0.896654
v -8.274496 -7.010983 112.424103 0.000000 0.000000 0.000000
vn -0.744021 0.108786 0.659240
v -60.723938 -13.501796 99.869598 0.372549 0.403922 0.435294
vn -0.595172 -0.258935 0.760739
v -54.516083 -30.890333 104.273811 0.098039 0.098039 0.098039
vn 0.173053 0.787032 0.592143
v -15.550775 19.620327 96.457321 0.000000 0.000000 0.000000
vn -0.851173 0.065273 0.520810
v -65.846825 -15.632706 93.246140 0.325490 0.333333 0.341176
vn 0.565468 -0.519276 0.640779
v 3.598060 -44.214485 98.961235 0.000000 0.000000 0.000000
vn -0.941203 -0.291186 -0.171313
v -72.437332 -19.931301 58.787102 0.792157 0.682353 0.678431
vn -0.732331 0.250665 0.633134
v -60.087341 -6.805510 98.720154 0.235294 0.447059 0.619608
vn 0.954927 0.272941 -0.116696
v -8.571829 5.563319 110.042152 0.000000 0.000000 0.000000
vn -0.817529 0.058971 0.572860
v -64.042053 -16.306641 96.066116 0.090196 0.403922 0.670588
vn -0.673998 0.664418 -0.322916
v -22.352726 -3.012358 119.400490 0.145098 0.145098 0.145098
vn 0.970208 -0.240356 -0.030411
v 27.171894 -34.127712 39.711304 1.000000 1.000000 1.000000
vn 0.810734 0.162431 -0.562429
v 26.183069 -31.119019 35.793381 1.000000 1.000000 1.000000
vn 0.769527 -0.608621 0.193413
v 12.726198 -49.212639 77.321777 0.000000 0.000000 0.000000
vn -0.516083 0.333602 -0.788903
v -51.057583 -38.358543 30.193773 0.360784 0.360784 0.360784
vn -0.691643 0.078887 0.717919
v -22.640766 4.462863 107.762405 0.996078 0.996078 0.996078
vn -0.520273 -0.413616 -0.747153
v 13.839266 -35.290176 35.429321 0.513726 0.513726 0.513726
vn -0.819562 -0.369186 0.438200
v -20.625425 7.850251 111.538818 0.619608 0.619608 0.619608
vn 0.031425 0.528879 0.848115
v -36.803200 28.720778 78.732468 0.819608 0.819608 0.819608
vn -0.882071 -0.008203 -0.471046
v -69.806870 -5.475047 56.294418 0.050980 0.031373 0.023529
vn -0.819014 -0.069156 0.569591
v -65.218369 -22.189537 94.325027 0.000000 0.352941 0.647059
vn -0.795988 -0.111456 -0.594962
v -30.880859 -43.639954 115.805969 0.231373 0.231373 0.231373
vn 0.581656 0.803342 0.127746
v -34.041359 29.761337 75.487457 0.478431 0.478431 0.478431
vn -0.873480 -0.478464 0.090029
v -19.738613 9.421619 116.425621 0.513726 0.513726 0.513726
vn 0.332565 -0.754973 -0.565169
v -55.811287 -60.330753 68.551285 0.780392 0.780392 0.780392
vn 0.991718 0.091018 -0.090612
v 23.972103 -13.993390 63.324791 0.000000 0.000000 0.000000
vn -0.958895 -0.280852 0.040521
v -71.160950 -13.763449 82.798508 0.066667 0.078431 0.070588
vn -0.793274 -0.358359 -0.492236
v -72.014854 -7.513420 61.728500 0.796079 0.733333 0.760784
vn -0.640735 -0.202073 0.740693
v -55.824207 -28.347164 103.909897 0.498039 0.494118 0.490196
vn -0.789576 -0.288681 0.541511
v -63.040489 -33.095539 93.959389 0.427451 0.427451 0.427451
vn -0.989410 -0.135147 -0.052941
v -72.624031 -25.319771 64.471230 0.000000 0.000000 0.000000
vn -0.846568 0.122524 0.517988
v -59.026382 -55.711128 72.016167 0.388235 0.388235 0.388235
vn 0.391290 -0.672301 0.628414
v -55.273438 -59.930527 72.212669 0.784314 0.784314 0.784314
vn 0.872689 -0.438613 -0.214552
v 17.991621 -40.519024 56.506908 0.000000 0.000000 0.000000
vn -0.518150 -0.394682 -0.758780
v -51.448338 -42.932873 29.378742 1.000000 1.000000 1.000000
vn 0.954075 -0.216332 0.207226
v -19.000055 -48.186153 110.103294 0.000000 0.000000 0.000000
vn -0.453628 0.626374 0.633937
v -28.638264 -8.094987 115.320572 0.000000 0.000000 0.000000
vn 0.305135 -0.908159 0.286600
v 22.304016 -39.028313 42.219627 0.996078 0.996078 0.996078
vn 0.394463 -0.435557 -0.809129
v 10.363214 -34.852783 37.340481 0.000000 0.000000 0.000000
vn 0.661597 -0.144501 -0.735805
v 9.042061 -21.469612 25.769497 0.000000 0.000000 0.000000
vn 0.970950 0.037613 0.236309
v 10.286389 -23.854420 28.297112 0.000000 0.000000 0.000000
vn 0.748389 0.271072 0.605338
v 9.060703 -23.408890 29.632196 0.000000 0.000000 0.000000
vn 0.423704 -0.139249 -0.895033
v 11.019243 -30.143684 36.075748 0.000000 0.000000 0.000000
vn 0.583188 0.538450 -0.608247
v 7.799113 -20.145277 24.930433 0.000000 0.000000 0.000000
vn 0.671962 0.238546 -0.701116
v 8.542683 -7.618521 33.563293 0.000000 0.000000 0.000000
vn 0.328960 -0.833852 -0.443256
v 12.072765 -38.577156 41.869450 0.000000 0.000000 0.000000
vn 0.107281 -0.511618 -0.852489
v -18.775669 -44.063152 26.318502 0.000000 0.000000 0.000000
vn -0.473395 0.142974 0.869169
v -26.772207 11.473828 105.594727 0.000000 0.000000 0.000000
vn -0.491205 0.020328 0.870807
v -25.304174 4.378726 105.765022 0.980392 0.980392 0.980392
vn -0.446124 0.432758 0.783387
v -25.347679 -0.098354 107.069244 1.000000 1.000000 1.000000
vn 0.199032 -0.320668 0.926045
v -19.267870 -37.643452 112.724113 0.000000 0.000000 0.000000
vn 0.172532 -0.672386 -0.719812
v -15.662760 -51.765465 32.680466 0.000000 0.000000 0.000000
vn 0.136591 -0.910686 -0.389864
v -18.017748 -63.321186 48.358994 0.000000 0.000000 0.000000
vn -0.055031 0.746481 0.663128
v -26.633465 17.409176 100.284782 0.000000 0.000000 0.000000
vn -0.220330 -0.805935 0.549475
v -23.493053 -7.854802 121.158890 0.000000 0.000000 0.000000
vn -0.839834 0.515033 -0.171523
v -24.008770 -3.671557 122.863434 0.000000 0.000000 0.000000
vn -0.701369 0.705268 0.103341
v -71.435844 -5.972025 73.678299 0.392157 0.352941 0.372549
vn -0.679234 0.693110 0.241329
v -71.581490 -4.451725 63.676800 0.921569 0.831373 0.878431
vn -0.885973 -0.296840 0.356284
v -69.322540 -16.291838 86.934669 0.909804 0.792157 0.792157
vn -0.760843 -0.158377 0.629313
v -70.551125 -12.517556 87.587669 0.925490 0.831373 0.882353
vn -0.900001 -0.363656 -0.240319
v -68.233589 -37.103035 56.480820 0.000000 0.000000 0.000000
vn -0.737918 0.667139 0.101994
v -71.224747 -6.071643 75.466911 0.549020 0.498039 0.529412
vn -0.778856 0.613235 0.131624
v -71.604263 -5.350337 66.656654 0.235294 0.211765 0.223529
vn -0.909064 -0.110972 0.401607
v -67.985977 -24.279564 88.998520 0.349020 0.349020 0.349020
vn -0.879487 -0.187662 0.437361
v -67.276855 -28.638018 88.892807 0.223529 0.223529 0.223529
vn 0.503451 -0.271898 0.820127
v 0.646017 -32.697910 107.516502 0.000000 0.000000 0.000000
vn -0.112143 -0.115923 -0.986907
v 0.259317 -24.852413 25.281488 0.000000 0.000000 0.000000
vn 0.381406 0.838165 0.389883
v -6.050433 22.026562 87.048897 0.000000 0.000000 0.000000
vn 0.291011 0.768308 -0.570101
v -9.930495 18.383345 39.852360 0.000000 0.000000 0.000000
vn 0.941487 -0.132285 0.310004
v 18.830496 -22.183006 88.250069 0.000000 0.000000 0.000000
vn 0.285590 -0.641113 0.712329
v 19.654747 -36.721275 46.523361 0.627451 0.627451 0.627451
vn -0.247851 0.510902 -0.823134
v 17.618507 -28.668018 33.513996 0.890196 0.890196 0.890196
vn 0.381109 -0.425914 0.820581
v 19.747740 -34.907028 47.759102 0.376471 0.376471 0.376471
vn 0.753660 0.583812 -0.301927
v 12.252770 10.001636 53.490955 0.000000 0.000000 0.000000
vn 0.266792 -0.688707 0.674169
v 19.911757 -37.200958 45.951782 0.784314 0.784314 0.784314
vn 0.908907 -0.106068 0.403285
v 17.750256 -21.507982 91.423538 0.000000 0.000000 0.000000
vn 0.337189 -0.512165 0.789931
v 20.176565 -35.862740 46.989864 0.650980 0.650980 0.650980
vn 0.011366 -0.505631 -0.862675
v 19.693264 -36.075848 33.314449 0.996078 0.996078 0.996078
vn 0.782122 0.324233 0.532126
v 13.972018 -3.029919 93.586662 0.000000 0.000000 0.000000
vn -0.204441 0.710520 -0.673324
v 17.960094 -26.781321 34.877865 0.827451 0.827451 0.827451
vn 0.951885 -0.303883 -0.039617
v 21.122318 -35.695087 63.419884 0.000000 0.000000 0.000000
vn 0.595065 -0.636514 0.490660
v -13.582894 -5.018167 122.023132 0.000000 0.000000 0.000000
vn 0.403723 -0.459192 0.791297
v -4.648869 -41.827709 106.282448 0.000000 0.000000 0.000000
vn 0.231691 0.281711 -0.931106
v -13.390339 -5.182874 22.296852 0.000000 0.000000 0.000000
vn 0.204465 0.973632 0.101164
v -17.347498 16.061342 116.364464 0.000000 0.000000 0.000000
vn 0.276554 -0.196283 -0.940740
v -10.665735 -28.503414 21.920835 0.000000 0.000000 0.000000
vn 0.512598 -0.368969 0.775310
v -13.717504 -1.334266 125.320244 0.000000 0.000000 0.000000
vn 0.426282 -0.834052 -0.350202
v -3.585997 -59.693790 50.634129 0.000000 0.000000 0.000000
vn 0.401379 0.910793 0.096697
v -15.633601 15.494177 116.394295 0.000000 0.000000 0.000000
vn 0.111976 0.762338 -0.637419
v -18.778259 17.779224 36.193508 0.000000 0.000000 0.000000
vn 0.380123 -0.626899 0.680077
v -5.568158 -49.784531 100.759102 0.000000 0.000000 0.000000
vn 0.256738 0.059083 0.964674
v -10.870797 -16.254093 114.713120 0.000000 0.000000 0.000000
vn 0.477282 0.324933 0.816469
v -14.299575 8.385197 125.662529 0.000000 0.000000 0.000000
vn 0.337031 -0.936195 0.099744
v -7.332029 -64.553162 72.211876 0.000000 0.000000 0.000000
vn 0.533185 -0.653371 0.537419
v -13.841266 -8.207126 116.343376 0.000000 0.000000 0.000000
vn 0.091034 0.792623 0.602877
v -31.590811 -4.512830 109.128479 0.145098 0.145098 0.145098
vn -0.477833 0.850179 -0.221067
v -37.098560 21.747934 43.337158 0.145098 0.145098 0.145098
vn -0.008072 -0.845485 -0.533939
v -24.717863 -60.403347 41.980129 0.000000 0.000000 0.000000
vn 0.129235 0.570183 0.811289
v -31.969967 -1.853682 106.664894 0.780392 0.780392 0.780392
vn -0.846083 0.230132 -0.480815
v -36.793537 20.887331 38.360767 0.909804 0.909804 0.909804
vn 0.144385 0.086647 0.985721
v -32.717697 4.077363 104.359505 0.070588 0.070588 0.070588
vn -0.019744 0.445255 0.895186
v -31.603060 -0.341511 105.672409 0.996078 0.996078 0.996078
vn 0.080413 -0.836902 0.541413
v -19.926886 -59.830750 94.243828 0.000000 0.000000 0.000000
vn 0.806888 -0.405008 0.430001
v -22.408295 -53.760223 116.378357 0.000000 0.000000 0.000000
vn 0.152378 0.520135 0.840381
v -31.509411 -1.211679 106.178955 0.992157 0.992157 0.992157
vn -0.004287 0.717485 -0.696561
v -37.329231 29.865011 71.563629 0.725490 0.725490 0.725490
vn -0.737892 0.666721 -0.104878
v -37.285191 21.414719 41.503380 0.517647 0.517647 0.517647
vn 0.689087 -0.660448 0.298276
v -23.775276 -56.969528 114.410713 0.000000 0.000000 0.000000
vn 0.900999 0.405935 -0.153029
v 26.616520 -29.071558 38.572346 1.000000 1.000000 1.000000
vn -0.657493 -0.126009 0.742849
v -33.338623 -44.276955 99.022713 0.996078 0.996078 0.996078
vn -0.514030 -0.829427 0.218689
v -34.193283 -35.157806 106.528076 0.619608 0.619608 0.619608
vn -0.494318 -0.848675 0.188149
v -34.578514 -34.762131 107.186722 0.376471 0.376471 0.376471
vn -0.910473 0.202176 -0.360782
v -32.935272 -41.431957 118.721497 0.011765 0.011765 0.011765
vn -0.389226 0.672300 0.629696
v -42.749489 13.819134 98.970016 0.000000 0.000000 0.000000
vn 0.200711 -0.931020 0.304823
v -29.425192 -60.185062 114.673874 0.000000 0.000000 0.000000
vn -0.082736 -0.977760 -0.192718
v -28.862322 -66.659645 58.195423 0.000000 0.000000 0.000000
vn -0.699327 0.163889 -0.695761
v -31.992418 -46.430351 116.960907 0.054902 0.054902 0.054902
vn -0.087462 -0.922985 -0.374766
v -28.937031 -63.663059 48.686771 0.000000 0.000000 0.000000
vn 0.157934 -0.944829 -0.286977
v -30.290075 -58.789848 101.900887 0.000000 0.000000 0.000000
vn -0.515037 0.541193 0.664716
v -49.473236 7.467687 100.226105 0.505882 0.505882 0.505882
vn 0.084880 -0.517694 0.851345
v -41.851936 -38.887768 98.575531 0.552941 0.552941 0.552941
vn -0.521523 0.568854 0.635939
v -49.559589 8.857119 98.971832 0.329412 0.329412 0.329412
vn -0.498351 0.465984 0.731098
v -48.722214 3.870453 103.397537 0.596078 0.592157 0.592157
vn -0.473496 0.425093 0.771426
v -47.334881 1.891954 105.458855 0.278431 0.278431 0.278431
vn -0.446645 0.258064 0.856686
v -38.705330 -52.203606 98.751106 0.000000 0.000000 0.000000
vn 0.062987 -0.932885 0.354625
v -43.424995 -32.694084 108.728661 0.000000 0.000000 0.000000
vn -0.491515 0.580966 0.648762
v -48.787231 9.509391 99.008163 0.129412 0.129412 0.129412
vn -0.393130 -0.289719 -0.872646
v -43.868584 -33.574749 25.552677 0.000000 0.000000 0.000000
vn 0.566081 0.154450 -0.809752
v 4.029385 -18.967642 27.932566 0.000000 0.000000 0.000000
vn -0.850792 0.379695 -0.363296
v -20.116734 0.819369 120.058586 0.717647 0.717647 0.717647
vn -0.485774 0.873912 0.017339
v -21.662912 15.905968 114.761353 0.000000 0.000000 0.000000
vn -0.973692 0.066826 0.217850
v -22.104946 14.680323 115.895210 0.000000 0.000000 0.000000
vn -0.934171 0.131950 0.331533
v -21.296106 7.697847 126.050858 0.000000 0.000000 0.000000
vn -0.851027 0.350503 -0.391026
v -20.265865 1.060221 120.642342 0.572549 0.572549 0.572549
vn -0.848539 0.281650 -0.447945
v -20.417538 1.785378 121.479210 0.364706 0.364706 0.364706
vn -0.847010 0.213012 -0.487031
v -20.444553 2.949983 122.130943 0.231373 0.231373 0.231373
vn -0.071719 0.830808 0.551919
v -27.611977 21.758852 94.590546 0.000000 0.000000 0.000000
vn -0.856465 0.409874 -0.313800
v -20.122616 0.133705 119.272209 0.945098 0.945098 0.945098
vn -0.037707 0.981452 -0.187966
v -26.538872 28.874859 58.339149 0.000000 0.000000 0.000000
vn -0.942439 0.288422 0.169179
v -22.861195 14.328205 111.813019 0.000000 0.000000 0.000000
vn -0.998794 0.048852 0.004933
v -21.427504 9.891531 124.441406 0.000000 0.000000 0.000000
vn 0.277176 -0.959517 0.049998
v -11.123528 -65.931931 70.000854 0.000000 0.000000 0.000000
vn 0.059510 -0.524312 0.849444
v -19.580414 -3.533047 126.191200 0.000000 0.000000 0.000000
vn 0.281976 -0.953389 -0.107415
v -10.014637 -65.378082 62.529839 0.000000 0.000000 0.000000
vn -0.444291 -0.845188 0.297090
v -45.973988 -60.043190 82.971771 0.000000 0.000000 0.000000
vn -0.236145 -0.942919 -0.234816
v -49.363075 -45.687798 34.316532 0.474510 0.474510 0.474510
vn -0.722830 0.662612 -0.196116
v -59.508469 13.398311 57.871445 0.000000 0.000000 0.000000
vn -0.404373 -0.886554 0.224730
v -43.871407 -62.386467 78.753441 0.000000 0.000000 0.000000
vn -0.619912 0.207952 0.756614
v -54.127247 -8.268802 104.962227 0.211765 0.211765 0.211765
vn -0.666949 0.554882 0.497278
v -56.898666 7.710187 92.482620 0.352941 0.352941 0.352941
vn -0.611448 0.255646 0.748850
v -54.092251 -6.558459 104.445770 0.525490 0.545098 0.564706
vn -0.055630 0.035216 -0.997830
v -50.041710 -41.215439 28.890675 0.996078 0.996078 0.996078
vn -0.618276 0.235125 0.749967
v -54.428585 -7.435469 104.459831 0.376471 0.376471 0.372549
vn -0.668017 0.518877 0.533404
v -56.958008 6.420596 93.728096 0.490196 0.572549 0.643137
vn -0.465341 -0.708219 0.530928
v -46.376358 -53.682293 94.162849 0.000000 0.000000 0.000000
vn -0.617105 0.261208 0.742261
v -54.395741 -6.171249 104.063019 0.568627 0.643137 0.705882
vn -0.663033 0.539592 0.518871
v -56.933807 7.281071 92.893692 0.431373 0.431373 0.431373
vn -0.332807 -0.919732 -0.208166
v -49.642380 -45.883858 35.214951 0.239216 0.239216 0.239216
vn -0.675312 -0.255664 0.691802
v -58.103676 -31.293293 100.830147 0.611765 0.611765 0.615686
vn -0.282557 -0.702023 -0.653701
v -55.496086 -58.348511 66.855965 0.137255 0.137255 0.137255
vn -0.714012 -0.223222 -0.663595
v -59.671082 -29.438995 35.848595 0.000000 0.000000 0.000000
vn -0.760959 0.100334 0.640995
v -61.223347 -14.032054 99.379608 0.376471 0.525490 0.650980
vn -0.790428 0.314628 0.525579
v -63.017345 -4.165362 93.601868 0.239216 0.239216 0.235294
vn -0.737698 -0.070834 0.671404
v -58.772896 -22.343107 102.284027 0.000000 0.349020 0.643137
vn -0.580676 0.558186 -0.592659
v -33.112122 -51.764690 115.295410 0.047059 0.047059 0.047059
vn -0.693775 0.258466 0.672214
v -58.193703 -7.030643 100.876236 0.294118 0.517647 0.698039
vn -0.347561 0.446307 0.824628
v -43.554585 2.671124 107.114502 0.000000 0.000000 0.000000
vn -0.924166 0.155708 -0.348815
v -19.316097 3.551078 120.088242 0.996078 0.996078 0.996078
vn -0.911624 0.315269 -0.263716
v -19.549969 1.664758 119.460808 0.996078 0.996078 0.996078
vn 0.945156 -0.143572 0.293373
v 20.984381 -25.267252 79.927948 0.000000 0.000000 0.000000
vn -0.296155 -0.912528 -0.282108
v 13.736728 -38.491989 39.687904 0.062745 0.062745 0.062745
vn -0.899780 -0.255260 -0.353890
v -29.593790 -41.928574 113.048981 0.952941 0.952941 0.952941
vn -0.533088 0.330617 0.778787
v -67.678085 -5.155614 88.902435 0.925490 0.835294 0.882353
vn -0.696208 -0.521818 -0.492951
v -58.073406 -44.849987 43.827286 0.000000 0.000000 0.000000
vn -0.782424 0.046291 0.621023
v -62.231167 -15.947244 98.419189 0.000000 0.376471 0.658824
vn -0.891357 0.158281 -0.424771
v -19.621801 3.426137 120.718048 0.768628 0.768628 0.768628
vn -0.062142 -0.638985 -0.766705
v 4.439686 -28.302633 22.540104 0.000000 0.000000 0.000000
vn -0.863796 -0.420311 0.277840
v -20.008978 8.869037 114.144875 0.709804 0.709804 0.709804
vn 0.358621 0.652811 -0.667255
v -7.024734 12.560376 34.829636 0.000000 0.000000 0.000000
vn -0.793786 0.521644 -0.312715
v -62.866985 6.978385 52.827011 0.000000 0.000000 0.000000
vn -0.969163 -0.062322 -0.238409
v -18.848600 6.142649 119.033875 0.996078 0.996078 0.996078
vn -0.890924 -0.277476 0.359530
v -72.865250 -11.590627 67.474106 0.156863 0.105882 0.082353
vn -0.867748 -0.096369 0.487572
v -66.811165 -23.726364 91.349548 0.580392 0.662745 0.733333
vn -0.588652 0.348535 0.729392
v -53.144501 -2.428852 103.562607 0.121569 0.427451 0.686275
vn -0.881550 0.029040 0.471197
v -67.325844 -17.650650 90.849754 0.266667 0.266667 0.266667
vn -0.870903 0.162809 -0.463703
v -20.216219 3.369352 121.886841 0.356863 0.356863 0.356863
vn -0.761054 -0.240527 -0.602448
v -61.551075 -30.099678 38.247959 0.023529 0.023529 0.023529
vn -0.653306 0.756561 -0.028404
v -37.258072 -56.600349 109.347595 0.000000 0.000000 0.000000
vn -0.814069 -0.190150 -0.548757
v -63.683216 -28.484922 40.572868 0.000000 0.000000 0.000000
vn -0.917737 -0.397141 0.006239
v -71.723877 -10.587425 78.332123 0.721569 0.650980 0.666667
vn 0.008185 -0.983637 -0.179975
v -49.256710 -45.432915 32.628883 0.847059 0.847059 0.847059
vn -0.679881 0.497263 0.538973
v -57.463284 5.918849 93.573151 0.423529 0.552941 0.658824
vn -0.964733 0.229172 0.129497
v -41.654671 28.583374 75.878433 0.988235 0.988235 0.988235
vn -0.998575 0.009254 0.052558
v -72.934814 -13.857828 65.819305 0.003922 0.007843 0.003922
vn 0.693618 0.713501 -0.099052
v 9.645121 15.743056 62.660683 0.000000 0.000000 0.000000
vn -0.815497 -0.268161 0.512888
v -64.750900 -32.366043 91.654518 0.305882 0.305882 0.305882
vn -0.817651 -0.495364 0.293361
v -20.880667 10.294020 113.865494 0.129412 0.129412 0.129412
vn -0.839897 0.158414 -0.519112
v -36.974796 20.210022 38.395000 0.725490 0.725490 0.725490
vn -0.864649 0.331559 0.377426
v -29.576069 -48.287369 104.915321 1.000000 1.000000 1.000000
vn -0.726082 0.350145 0.591779
v -60.807938 -2.160753 95.586273 0.000000 0.352941 0.647059
vn 0.610587 0.696802 0.376365
v 24.288521 -26.716959 42.700733 0.968628 0.968628 0.968628
vn 0.803189 -0.373688 0.463945
v 12.311628 -39.246777 92.472229 0.000000 0.000000 0.000000
vn -0.820170 -0.257443 0.510924
v -64.208519 -31.688833 92.907547 0.541176 0.541176 0.541176
vn 0.325816 0.552614 -0.767113
v -8.072411 7.413880 30.113729 0.000000 0.000000 0.000000
vn -0.448008 0.791488 -0.415734
v -46.204773 19.418415 47.114136 0.000000 0.000000 0.000000
vn 0.953306 0.283331 0.104554
v 22.128868 -4.984684 73.028656 0.000000 0.000000 0.000000
vn -0.051794 -0.618784 -0.783852
v -45.823227 -43.532200 30.870974 0.082353 0.082353 0.082353
vn -0.581369 0.761020 -0.287852
v -52.498615 18.388519 53.861576 0.000000 0.000000 0.000000
vn -0.934802 0.343950 -0.088561
v -41.736980 28.273319 74.235062 0.921569 0.921569 0.921569
vn -0.337796 0.934982 -0.108180
v -40.673981 26.753155 62.725769 0.000000 0.000000 0.000000
vn -0.824748 -0.314781 -0.469792
v -70.491982 -6.334576 57.892628 0.050980 0.043137 0.047059
vn -0.410933 -0.061146 0.909613
v -36.072765 -44.817822 97.430450 1.000000 1.000000 1.000000
vn -0.731095 0.319428 0.602881
v -61.017395 -4.030921 96.323074 0.039216 0.376471 0.650980
vn -0.896234 0.070517 -0.437940
v -71.474495 -3.866243 58.204617 0.925490 0.831373 0.882353
vn 0.756277 -0.223653 0.614837
v -22.706638 -51.165230 118.432259 0.000000 0.000000 0.000000
vn 0.554945 0.828636 -0.073469
v 3.040553 21.336863 64.322433 0.000000 0.000000 0.000000
vn -0.703350 -0.704821 0.092331
v -52.247326 -44.254124 34.306522 0.807843 0.807843 0.807843
vn -0.800922 0.203512 0.563123
v -59.451218 -57.091976 72.032257 0.807843 0.807843 0.807843
vn -0.159090 0.411000 0.897647
v -29.158602 12.358946 104.379776 0.000000 0.000000 0.000000
vn 0.701749 -0.711673 -0.032722
v 9.923105 -53.750420 65.891174 0.000000 0.000000 0.000000
vn -0.589601 -0.348877 -0.728461
v -59.203815 -59.488083 68.371437 1.000000 1.000000 1.000000
vn 0.581748 0.328485 0.744088
v -24.868595 -44.068008 120.156250 0.000000 0.000000 0.000000
vn -0.594748 0.544739 0.591214
v -53.186493 8.480040 96.018639 0.552941 0.552941 0.552941
vn 0.611027 0.028617 0.791092
v 5.135973 -17.232523 106.760025 0.000000 0.000000 0.000000
vn 0.887316 0.018945 0.460772
v -20.631565 -47.708759 115.807686 0.000000 0.000000 0.000000
vn -0.848287 0.107521 0.518506
v -65.573540 -14.733057 93.554283 0.239216 0.231373 0.219608
vn 0.719077 0.212011 -0.661800
v 10.773857 -8.860819 35.425613 0.000000 0.000000 0.000000
vn -0.603058 0.658201 0.450657
v -54.315163 12.935352 89.444527 0.000000 0.000000 0.000000
vn -0.793587 -0.564237 0.227721
v -63.126637 -46.464619 78.984810 0.000000 0.000000 0.000000
vn 0.324088 -0.087713 -0.941952
v -8.286394 -23.073141 21.896606 0.000000 0.000000 0.000000
vn -0.695946 0.303030 -0.651024
v -72.765228 -9.704574 63.193745 0.752941 0.686275 0.717647
vn -0.857182 0.506138 0.095203
v -73.175659 -7.663333 74.226501 0.925490 0.835294 0.882353
vn -0.859442 -0.496368 0.122385
v -72.463791 -10.326502 73.913750 0.815686 0.752941 0.776471
vn -0.742611 0.449698 -0.496287
v -72.531677 -11.554162 61.688469 0.462745 0.419608 0.435294
vn -0.861298 -0.490042 0.134257
v -72.448044 -10.118487 74.925140 0.925490 0.854902 0.890196
vn -0.675215 0.388712 -0.626887
v -72.666992 -10.738109 62.521587 0.713726 0.643137 0.678431
vn -0.876641 -0.473111 0.087558
v -72.492943 -10.609075 72.710228 0.450980 0.400000 0.403922
vn -0.934920 -0.316273 0.160923
v -72.014206 -11.518143 85.200104 0.949020 0.890196 0.921569
vn -0.958091 -0.277620 -0.070628
v -72.192039 -10.860309 82.906410 0.925490 0.843137 0.886275
vn -0.318617 -0.887458 -0.333018
v 16.541632 -38.762543 37.745441 0.890196 0.890196 0.890196
vn -0.446320 0.211683 -0.869476
v 14.730577 -30.361002 34.156013 0.545098 0.545098 0.545098
vn 0.677328 0.708189 -0.199238
v 8.909670 15.505126 58.323906 0.000000 0.000000 0.000000
vn 0.848935 -0.501174 -0.167732
v 16.855019 -43.852375 59.404827 0.000000 0.000000 0.000000
vn 0.667961 0.674561 0.314317
v 8.597836 13.945058 82.619514 0.000000 0.000000 0.000000
vn -0.252230 0.854426 0.454243
v -27.455902 -5.701382 111.741661 0.435294 0.435294 0.435294
vn 0.394413 0.913505 -0.099730
v -33.911556 29.688210 73.282631 0.207843 0.207843 0.207843
vn -0.258075 0.402438 0.878317
v -27.834106 0.364666 105.740524 0.996078 0.996078 0.996078
vn 0.671655 -0.728849 0.132884
v -20.941414 -53.624035 104.240707 0.000000 0.000000 0.000000
vn 0.101956 -0.701243 -0.705594
v -19.382425 -52.959751 33.097507 0.000000 0.000000 0.000000
vn 0.010583 0.089820 -0.995902
v -33.323250 19.913111 36.254765 0.741176 0.741176 0.741176
vn -0.281833 0.579278 -0.764858
v -34.457607 22.371262 37.080879 1.000000 1.000000 1.000000
vn -0.128313 0.910634 0.392786
v -34.091206 23.566025 41.870152 0.949020 0.949020 0.949020
vn 0.328528 0.864522 0.380356
v -33.682667 28.909433 76.734482 0.098039 0.098039 0.098039
vn 0.043755 0.981561 0.186072
v -33.179554 23.799807 41.461563 0.996078 0.996078 0.996078
vn -0.182369 -0.111280 0.976913
v -28.777588 6.819877 104.439781 0.050980 0.050980 0.050980
vn -0.101234 0.954100 0.281860
v -32.930859 27.949005 78.463768 0.000000 0.000000 0.000000
vn 0.437620 0.117317 0.891474
v 23.100794 -30.753458 46.636902 0.870588 0.870588 0.870588
vn 0.505533 -0.702651 -0.500718
v 23.819542 -37.618458 36.309715 1.000000 1.000000 1.000000
vn 0.891060 0.440079 0.111096
v 19.078625 2.757600 73.143135 0.000000 0.000000 0.000000
vn 0.518712 0.243511 0.819537
v 23.343813 -30.093735 46.294003 0.886275 0.886275 0.886275
vn 0.398574 -0.356798 -0.844887
v 22.724884 -34.918682 33.373703 1.000000 1.000000 1.000000
vn 0.477395 0.377802 0.793322
v 22.688145 -29.014889 46.211277 0.800000 0.800000 0.800000
vn 0.500363 -0.258590 0.826298
v 23.590004 -34.137840 46.182961 0.964706 0.964706 0.964706
vn 0.984605 -0.145594 0.096719
v 22.941854 -25.684059 70.621277 0.000000 0.000000 0.000000
vn -0.199727 -0.012475 0.979772
v -34.848560 -21.053923 115.520134 0.000000 0.000000 0.000000
vn -0.671928 0.712599 -0.201780
v -41.700409 27.044773 72.050385 0.129412 0.129412 0.129412
vn -0.257723 0.496595 0.828838
v -40.569904 6.819080 105.894234 0.000000 0.000000 0.000000
vn 0.258853 0.233564 0.937253
v -38.623268 5.898114 106.272171 0.000000 0.000000 0.000000
vn -0.866754 -0.436882 -0.240563
v -29.729063 -39.989269 110.959305 0.898039 0.898039 0.898039
vn -0.898411 0.263839 0.351065
v -41.578442 27.747282 76.621201 0.905882 0.905882 0.905882
vn -0.074366 0.745411 0.662444
v -30.568605 -40.033863 120.068489 0.000000 0.000000 0.000000
vn 0.014442 0.720492 0.693313
v -29.310041 -38.243301 117.984283 0.000000 0.000000 0.000000
vn -0.419699 0.858830 0.293707
v -42.270664 25.177425 78.765694 0.000000 0.000000 0.000000
vn -0.275266 0.162884 0.947469
v -37.995167 -11.671755 114.115738 0.000000 0.000000 0.000000
vn -0.609733 0.791631 -0.039319
v -32.193588 -53.274429 109.976509 0.933333 0.933333 0.933333
vn -0.375078 0.835866 0.400805
v -43.104237 21.672567 87.320633 0.000000 0.000000 0.000000
vn -0.141903 -0.963101 0.228691
v -30.698675 -65.929749 79.644951 0.000000 0.000000 0.000000
vn -0.602934 0.788196 0.123361
v -32.274200 -53.269268 109.127335 0.996078 0.996078 0.996078
vn -0.436807 -0.823035 0.363061
v -35.405308 -35.256115 104.244789 0.788235 0.788235 0.788235
vn -0.388398 0.732855 -0.558632
v -43.947865 16.559687 40.681915 0.000000 0.000000 0.000000
vn -0.660298 0.453335 -0.598744
v -32.104630 -50.607765 115.090836 0.431373 0.431373 0.431373
vn -0.647313 0.650579 -0.397156
v -32.292583 -52.402527 113.362167 0.603922 0.603922 0.603922
vn -0.464467 -0.742441 0.482755
v -35.209484 -35.925182 103.138031 0.996078 0.996078 0.996078
vn -0.454535 -0.852875 0.256907
v -35.116821 -34.880840 105.630707 0.568627 0.568627 0.568627
vn -0.646707 0.643347 0.409725
v -32.235428 -51.553905 104.417053 0.996078 0.996078 0.996078
vn -0.643462 0.594122 0.482676
v -33.161255 -51.142372 102.586319 0.996078 0.996078 0.996078
vn -0.521814 0.490535 0.697915
v -49.665539 5.122075 101.864456 0.713726 0.721569 0.725490
vn -0.520428 0.425371 0.740415
v -49.524239 2.308010 103.798439 0.678431 0.709804 0.733333
vn -0.358042 -0.229779 0.904990
v -42.355537 -29.460150 111.980614 0.000000 0.000000 0.000000
vn -0.519965 0.457324 0.721451
v -49.404182 3.409542 103.203438 0.690196 0.705882 0.717647
vn -0.548940 0.554232 0.625693
v -50.883938 8.648724 98.033394 0.474510 0.474510 0.474510
vn -0.512651 0.480519 0.711541
v -49.204029 4.426181 102.684937 0.682353 0.678431 0.678431
vn -0.338592 -0.551355 -0.762472
v -43.792000 -44.621189 31.140944 0.000000 0.000000 0.000000
vn -0.336911 -0.937840 0.083352
v -41.038727 -64.695717 71.679840 0.000000 0.000000 0.000000
vn -0.525956 0.368000 -0.766777
v -51.420258 -39.111797 30.094332 0.607843 0.607843 0.607843
vn -0.676033 0.484623 0.555085
v -57.558411 4.364604 94.877769 0.090196 0.407843 0.674510
vn -0.505787 -0.855172 -0.113404
v -49.157970 -60.676720 62.516445 0.000000 0.000000 0.000000
vn -0.685497 0.536661 0.492025
v -57.816536 7.051812 91.951469 0.309804 0.309804 0.309804
vn -0.470807 -0.855032 -0.217395
v -46.828331 -61.072205 57.477493 0.000000 0.000000 0.000000
vn -0.432309 0.353855 -0.829395
v -51.239925 -40.195526 29.482719 0.921569 0.921569 0.921569
vn -0.726438 0.379075 -0.573228
v -59.552158 -0.374113 39.600178 0.000000 0.000000 0.000000
vn -0.559000 -0.732923 -0.387741
v -51.734291 -54.736320 48.949963 0.000000 0.000000 0.000000
vn -0.519318 -0.813000 -0.263326
v -49.712402 -58.620274 54.883652 0.000000 0.000000 0.000000
vn -0.483145 0.387684 -0.785030
v -51.320396 -39.492832 29.828239 0.721569 0.721569 0.721569
vn -0.190750 -0.939441 -0.284720
v -50.603191 -45.233456 31.753101 1.000000 1.000000 1.000000
vn -0.725992 0.621883 0.293595
v -60.321896 10.679093 82.360817 0.000000 0.000000 0.000000
vn -0.740457 0.613831 -0.273741
v -60.681110 10.730621 54.543667 0.000000 0.000000 0.000000
vn -0.684298 0.235266 -0.690207
v -51.890884 -37.682838 31.084946 0.125490 0.125490 0.125490
vn -0.609583 0.226122 -0.759788
v -53.708912 -8.219360 30.333801 0.000000 0.000000 0.000000
vn -0.634723 0.258553 0.728201
v -55.310768 -6.606183 103.438660 0.525490 0.639216 0.729412
vn -0.649080 0.267593 0.712103
v -56.172092 -5.896420 102.414848 0.231373 0.498039 0.717647
vn 0.718981 -0.547372 -0.428311
v 10.950094 -45.663090 47.128357 0.000000 0.000000 0.000000
vn 0.564549 0.482930 -0.669375
v 3.416324 4.695728 35.363556 0.000000 0.000000 0.000000
vn 0.598590 0.692899 0.401970
v 4.607089 15.284193 87.191895 0.000000 0.000000 0.000000
vn -0.006477 0.866839 -0.498545
v -28.487984 22.465546 42.286793 0.000000 0.000000 0.000000
vn -0.748564 0.603846 -0.273901
v -21.752279 -2.371489 119.231728 0.419608 0.419608 0.419608
vn -0.680658 0.732296 -0.021148
v -21.675482 -3.052220 115.610565 0.792157 0.792157 0.792157
vn -0.785406 0.413116 -0.460948
v -21.258533 -0.054565 121.525810 0.086275 0.086275 0.086275
vn 0.261219 -0.565848 0.782036
v -15.566413 -47.558193 106.490303 0.000000 0.000000 0.000000
vn -0.790600 0.604695 0.096413
v -21.574802 -2.839938 114.691589 0.992157 0.992157 0.992157
vn -0.070433 -0.620691 0.780885
v -20.963423 -5.081128 125.097679 0.000000 0.000000 0.000000
vn 0.439323 -0.886503 0.145287
v -55.296577 -60.669994 70.880951 0.886275 0.886275 0.886275
vn 0.478269 -0.864012 -0.157295
v -55.264145 -60.694469 69.809082 0.835294 0.835294 0.835294
vn -0.225664 -0.781945 0.581066
v -54.614864 -58.021187 73.896210 0.172549 0.172549 0.172549
vn -0.729164 -0.213762 0.650097
v -59.559803 -29.594261 99.876213 0.513726 0.686275 0.827451
vn -0.840687 0.328800 -0.430274
v -65.600929 -3.272308 47.026428 0.000000 0.000000 0.000000
vn 0.421720 -0.904655 0.061259
v -4.247824 -63.384808 70.833031 0.000000 0.000000 0.000000
vn -0.560822 0.361833 0.744685
v -51.913391 -1.065481 103.879837 0.301961 0.545098 0.752941
vn 0.633215 0.768666 0.090504
v 6.489392 18.670277 72.236282 0.000000 0.000000 0.000000
vn -0.902463 -0.150204 0.403732
v -68.103363 -25.587860 88.365784 0.239216 0.239216 0.239216
vn -0.677714 -0.244857 0.693361
v -32.628002 -42.205334 100.210953 0.996078 0.996078 0.996078
vn 0.919416 -0.363492 0.150160
v -19.269249 -50.252499 108.471046 0.000000 0.000000 0.000000
vn -0.736094 0.533594 -0.416466
v -31.372669 -51.321674 113.347984 0.921569 0.921569 0.921569
vn -0.345037 -0.519569 0.781663
v -36.399712 -38.711212 99.460640 1.000000 1.000000 1.000000
vn 0.928536 0.117926 0.352015
v 19.294510 -9.680761 87.288155 0.000000 0.000000 0.000000
vn -0.921283 0.376669 0.096735
v -71.011093 -5.309758 72.396683 0.000000 0.000000 0.000000
vn -0.660680 -0.711354 -0.239746
v -52.019047 -44.528435 36.071571 0.239216 0.239216 0.239216
vn -0.289516 0.256067 0.922285
v -39.454052 -8.168047 112.973534 0.000000 0.000000 0.000000
vn 0.666545 -0.736946 -0.112375
v 8.627388 -54.668808 62.824207 0.000000 0.000000 0.000000
vn 0.639417 0.759366 -0.120451
v -35.650364 30.954426 74.180946 0.941177 0.941177 0.941177
vn 0.506709 0.402548 -0.762366
v -30.092091 20.167780 37.677792 0.376471 0.376471 0.376471
vn 0.914733 -0.148059 0.375955
v -18.652170 -46.552742 110.086731 0.000000 0.000000 0.000000
vn 0.963114 0.056250 -0.263151
v 22.352993 -15.785604 53.954254 0.000000 0.000000 0.000000
vn 0.980700 -0.192955 0.031554
v 22.843370 -28.798134 63.583397 0.000000 0.000000 0.000000
vn -0.655953 0.329220 -0.679220
v -32.446468 -48.920662 116.561951 0.062745 0.062745 0.062745
vn 0.321877 0.624507 0.711608
v -27.648977 -39.581619 118.849060 0.000000 0.000000 0.000000
vn -0.415531 -0.733047 -0.538495
v 15.808461 -37.671654 36.306702 0.858824 0.858824 0.858824
vn -0.739144 0.331885 0.586104
v -21.152475 9.969011 125.373459 0.000000 0.000000 0.000000
vn -0.614929 0.757671 0.218624
v -53.953373 18.172949 79.128281 0.000000 0.000000 0.000000
vn -0.743868 0.465421 0.479628
v -60.831379 3.896227 90.744316 0.227451 0.227451 0.227451
vn 0.654269 0.205984 0.727669
v 7.664031 -8.622150 103.263054 0.000000 0.000000 0.000000
vn -0.413594 -0.703415 -0.578054
v 16.169443 -37.571247 35.915203 0.905882 0.905882 0.905882
vn -0.322121 -0.944612 -0.062816
v -50.054050 -45.482220 34.347504 0.584314 0.584314 0.584314
vn -0.415660 -0.906132 0.078435
v -44.960587 -63.058807 71.676926 0.000000 0.000000 0.000000
vn -0.648912 0.147296 -0.746470
v -36.717709 18.648090 37.807995 0.325490 0.325490 0.325490
vn 0.926173 -0.205922 0.315910
v 19.913170 -30.109209 80.328430 0.000000 0.000000 0.000000
vn -0.859379 -0.107899 0.499826
v -65.944336 -24.436525 92.725677 0.392157 0.607843 0.784314
vn -0.654709 -0.093798 0.750039
v -56.489658 -23.612700 104.256546 0.447059 0.580392 0.686275
vn 0.567265 -0.733825 -0.373780
v 12.891938 -38.865345 43.271091 0.000000 0.000000 0.000000
vn 0.256565 0.829840 -0.495520
v -11.798479 21.572918 43.667130 0.000000 0.000000 0.000000
vn 0.330915 0.716554 0.614041
v -16.224779 12.773046 123.444389 0.000000 0.000000 0.000000
vn -0.973754 -0.183218 -0.135037
v -71.897385 -27.629238 61.134720 0.000000 0.000000 0.000000
vn 0.567025 0.757868 -0.322673
v -13.504873 13.510522 110.673035 0.000000 0.000000 0.000000
vn -0.633206 -0.198562 0.748080
v -54.771839 -28.799522 104.696396 0.266667 0.262745 0.262745
vn -0.736495 -0.226841 0.637274
v -60.174126 -29.928848 99.074081 0.529412 0.694118 0.831373
vn -0.979303 -0.164040 0.118556
v -73.955925 -8.853294 68.833755 0.925490 0.831373 0.882353
vn -0.922856 0.078314 -0.377100
v -19.469110 3.927541 120.555077 0.831373 0.831373 0.831373
vn -0.782638 0.621849 -0.027958
v -69.375412 -3.758889 82.025543 0.129412 0.141176 0.133333
vn -0.663467 0.685401 0.300063
v -56.514011 14.764079 82.332809 0.000000 0.000000 0.000000
vn -0.737412 0.265228 -0.621190
v -30.520021 -47.865253 114.756683 0.925490 0.925490 0.925490
vn -0.845270 0.248946 -0.472804
v -59.527134 -57.248104 68.873329 0.717647 0.717647 0.717647
vn -0.542531 0.060244 0.837873
v -68.139023 -10.823807 89.666702 0.627451 0.568627 0.600000
vn -0.490963 0.503189 0.711165
v -48.303028 5.544718 102.544342 0.478431 0.478431 0.478431
vn -0.733749 0.669976 -0.112889
v -69.855293 -4.383737 81.298935 0.203922 0.219608 0.211765
vn -0.658036 0.156533 0.736536
v -34.916870 -48.718758 122.260010 0.035294 0.035294 0.035294
vn -0.744973 -0.207345 0.634053
v -60.571186 -29.474211 98.774353 0.407843 0.615686 0.792157
vn -0.473943 -0.838105 -0.270107
v -50.335659 -45.557594 35.328396 0.313726 0.313726 0.313726
vn 0.995355 -0.004566 -0.096162
v 24.005037 -18.574762 61.486279 0.000000 0.000000 0.000000
vn -0.805785 0.379617 0.454533
v -62.955147 -0.125700 90.911713 0.101961 0.101961 0.101961
vn -0.635305 0.556627 0.535308
v -55.606522 8.607489 93.151970 0.341176 0.341176 0.341176
vn -0.518560 0.357957 0.776507
v -66.048653 -4.649190 89.556190 0.419608 0.372549 0.396078
vn -0.333518 -0.926872 -0.172262
v 14.387266 -38.995808 41.178276 0.062745 0.062745 0.062745
vn 0.743333 -0.480481 -0.465397
v 12.292710 -41.814018 44.966755 0.000000 0.000000 0.000000
vn 0.621234 0.713995 0.322924
v 5.864503 15.890304 83.844513 0.000000 0.000000 0.000000
vn 0.600107 0.780714 0.174236
v 5.280849 18.910244 76.314316 0.000000 0.000000 0.000000
vn 0.638960 0.610404 0.468121
v 6.431504 10.778051 91.353783 0.000000 0.000000 0.000000
vn 0.152116 -0.971904 -0.179621
v -15.794621 -66.212288 58.754391 0.000000 0.000000 0.000000
vn 0.486418 -0.537866 0.688548
v -16.817856 -47.700249 107.042435 0.000000 0.000000 0.000000
vn -0.446743 -0.054061 0.893028
v -26.444160 5.907291 105.170120 0.486275 0.486275 0.486275
vn -0.582342 0.715834 0.385303
v -24.236683 -4.622690 112.932457 0.666667 0.666667 0.666667
vn 0.191262 -0.917112 -0.349749
v -14.127689 -63.623512 50.850441 0.000000 0.000000 0.000000
vn -0.535532 0.812450 0.230501
v -24.364988 -5.007917 113.803375 0.376471 0.376471 0.376471
vn 0.162004 -0.855466 0.491866
v -16.743795 -60.635811 92.187675 0.000000 0.000000 0.000000
vn 0.164002 -0.951527 -0.260193
v -16.527122 -65.533623 55.351852 0.000000 0.000000 0.000000
vn -0.402236 -0.155012 0.902318
v -27.035248 7.009140 105.007156 0.082353 0.082353 0.082353
vn -0.120020 0.668011 -0.734409
v -31.278328 17.028400 35.492344 0.000000 0.000000 0.000000
vn -0.125121 0.690612 0.712320
v -27.333641 14.354640 103.395012 0.000000 0.000000 0.000000
vn 0.126908 -0.946638 0.296263
v -18.203449 -65.179321 82.487617 0.000000 0.000000 0.000000
vn 0.203609 -0.788608 0.580207
v -14.178714 -57.942749 95.468262 0.000000 0.000000 0.000000
vn -0.883806 -0.353981 0.305915
v -73.416290 -17.570423 61.740833 0.925490 0.850980 0.886275
vn -0.774785 0.387931 -0.499217
v -74.182388 -11.524487 63.075535 0.925490 0.839216 0.882353
vn -0.852109 -0.343757 0.394641
v -73.800148 -15.002838 63.143135 0.921569 0.831373 0.882353
vn -0.676651 0.426213 -0.600405
v -74.075729 -12.734556 62.208855 0.921569 0.835294 0.878431
vn -0.810114 0.275703 -0.517401
v -73.978806 -15.164015 60.425579 0.925490 0.839216 0.882353
vn 0.071515 0.992495 -0.099195
v 18.846294 -24.422096 39.912323 0.501961 0.501961 0.501961
vn 0.327721 -0.563395 0.758410
v 20.729429 -36.271835 46.447754 0.792157 0.792157 0.792157
vn 0.424738 -0.046287 0.904132
v 19.938410 -32.113899 48.431145 0.050980 0.050980 0.050980
vn 0.114997 -0.870026 -0.479406
v 21.447250 -39.040817 37.038284 1.000000 1.000000 1.000000
vn 0.147625 -0.754290 -0.639729
v 20.738209 -37.824310 34.765255 1.000000 1.000000 1.000000
vn 0.888656 0.075361 0.452340
v 17.832508 -13.337679 91.504982 0.000000 0.000000 0.000000
vn 0.954807 -0.229783 0.188529
v 21.113485 -31.381195 75.132690 0.000000 0.000000 0.000000
vn -0.171571 0.076947 -0.982162
v -32.535805 -14.830873 19.869841 0.000000 0.000000 0.000000
vn -0.872417 0.340145 -0.350984
v -37.694893 19.889208 39.695988 0.443137 0.443137 0.443137
vn 0.263937 0.521665 0.811297
v -33.873463 -1.577574 106.873665 0.219608 0.219608 0.219608
vn 0.417894 0.522098 0.743491
v -26.244795 -37.017094 115.735115 0.000000 0.000000 0.000000
vn -0.550163 0.786841 -0.279647
v -37.733662 21.146049 42.716774 0.090196 0.090196 0.090196
vn -0.285826 0.633449 0.719059
v -38.814552 26.829311 79.714455 0.286275 0.286275 0.286275
vn -0.181897 0.579804 0.794192
v -38.052185 27.431540 79.514511 0.525490 0.525490 0.525490
vn -0.817285 0.502270 -0.282437
v -37.794449 20.380064 40.624840 0.384314 0.384314 0.384314
vn 0.279616 0.202305 0.938556
v -33.607349 3.188699 104.653549 0.011765 0.011765 0.011765
vn -0.263565 0.657740 0.705629
v -36.998169 13.099927 102.400330 0.000000 0.000000 0.000000
vn 0.672903 -0.547667 0.497254
v -24.105835 -55.465199 117.189644 0.000000 0.000000 0.000000
vn -0.515943 0.433389 -0.738902
v -37.366901 18.042799 38.141598 0.050980 0.050980 0.050980
vn 0.477363 0.372498 0.795845
v -0.892128 -0.808200 106.642578 0.000000 0.000000 0.000000
vn 0.340097 -0.560261 -0.755276
v -7.996742 -46.272621 30.787567 0.000000 0.000000 0.000000
vn -0.554690 0.820591 0.137657
v -33.470352 -53.965557 108.290161 0.729412 0.729412 0.729412
vn -0.195833 -0.979780 -0.041001
v -33.774231 -66.870941 66.005844 0.000000 0.000000 0.000000
vn -0.887182 0.268942 -0.374937
v -34.372147 -46.023598 119.764091 0.015686 0.015686 0.015686
vn -0.573043 0.807247 0.141331
v -32.985806 -53.677345 108.564232 0.905882 0.905882 0.905882
vn -0.527423 0.848543 -0.042427
v -49.449894 22.862965 66.027939 0.000000 0.000000 0.000000
vn -0.543961 0.573837 0.612224
v -33.884071 -50.495255 101.172768 0.917647 0.917647 0.917647
vn -0.561470 0.810083 -0.168869
v -33.065052 -53.713871 111.787079 0.494118 0.494118 0.494118
vn -0.578830 0.636203 0.510099
v -33.714565 -51.547241 102.484253 0.772549 0.772549 0.772549
vn -0.591797 0.673109 -0.443509
v -33.345844 -52.895176 114.117302 0.215686 0.215686 0.215686
vn -0.326911 -0.805533 0.494212
v -36.470997 -35.481148 102.884674 0.674510 0.674510 0.674510
vn -0.349578 -0.833400 0.428065
v -36.200951 -35.102749 103.766808 0.600000 0.600000 0.600000
vn -0.044199 -0.992615 -0.112973
v -32.935608 -61.233459 108.957779 0.000000 0.000000 0.000000
vn -0.412905 -0.673002 0.613659
v -36.321312 -36.196995 101.938187 0.988235 0.988235 0.988235
vn -0.589070 0.723483 0.359956
v -33.447449 -52.798588 104.808617 0.741176 0.741176 0.741176
vn -0.593104 0.654365 0.469077
v -33.467987 -51.814156 103.132225 0.780392 0.780392 0.780392
vn -0.106672 -0.994104 0.019453
v -29.746347 -67.478142 69.449989 0.000000 0.000000 0.000000
vn -0.495487 0.636322 0.591259
v -49.901676 10.397288 97.276253 0.054902 0.054902 0.054902
vn -0.609283 0.712325 -0.348378
v -53.950798 15.777710 50.582664 0.000000 0.000000 0.000000
vn -0.457796 0.165104 -0.873592
v -46.619511 -11.031151 25.123627 0.000000 0.000000 0.000000
vn -0.398947 -0.751209 0.525857
v -39.860435 -55.819847 96.130226 0.000000 0.000000 0.000000
vn -0.640558 0.738681 -0.209848
v -55.451538 17.162374 57.414734 0.000000 0.000000 0.000000
vn -0.493345 0.044987 0.868670
v -48.386536 -16.761852 110.264656 0.000000 0.000000 0.000000
vn -0.515967 0.288655 -0.806509
v -48.866386 -4.493545 28.199276 0.000000 0.000000 0.000000
vn 0.250181 -0.344673 0.904771
v -42.754078 -41.290661 97.414345 0.196078 0.196078 0.196078
vn 0.215088 -0.192307 0.957473
v -42.611183 -43.515224 96.727264 0.105882 0.105882 0.105882
vn 0.196433 -0.593911 0.780182
v -43.188099 -38.286469 99.183739 0.090196 0.090196 0.090196
vn -0.566785 -0.822547 -0.046596
v -51.410015 -44.875732 35.370872 0.415686 0.415686 0.415686
vn -0.575766 0.095651 0.812000
v -52.582977 -14.310596 107.406441 0.000000 0.000000 0.000000
vn -0.647430 0.256388 0.717705
v -56.206207 -6.518761 102.611092 0.400000 0.580392 0.733333
vn -0.595744 -0.026604 0.802734
v -54.086864 -20.392170 106.520340 0.058824 0.058824 0.058824
vn -0.756774 -0.647709 -0.088119
v -58.862358 -53.522789 66.005379 0.000000 0.000000 0.000000
vn -0.721442 0.571454 0.391104
v -65.372261 -1.110134 87.444321 0.407843 0.368627 0.392157
vn -0.743489 -0.170993 0.646518
v -60.435772 -27.521318 99.517357 0.000000 0.372549 0.658824
vn -0.771119 0.565299 0.292938
v -66.574478 -1.221099 84.700233 0.047059 0.043137 0.047059
vn -0.340670 -0.272092 -0.899950
v -57.138752 -58.147858 67.083618 0.435294 0.435294 0.435294
vn -0.789222 0.272416 0.550380
v -65.535957 -6.006354 90.578690 0.000000 0.000000 0.000000
vn 0.234140 -0.818729 -0.524272
v -56.152172 -60.633076 68.771675 0.913726 0.913726 0.913726
vn -0.684246 0.523194 0.508011
v -65.231468 -1.505797 88.159950 0.470588 0.435294 0.447059
vn -0.617694 -0.447462 -0.646708
v -57.021133 -57.074348 66.700623 0.121569 0.121569 0.121569
vn -0.851409 0.446577 0.275087
v -67.171341 -1.176785 83.142014 0.007843 0.003922 0.007843
vn -0.878512 0.446537 -0.169766
v -68.331146 0.063491 58.531296 0.000000 0.000000 0.000000
vn 0.764168 0.409623 -0.498253
v 16.461113 -23.997316 41.444378 0.000000 0.000000 0.000000
vn -0.844664 -0.326349 -0.424309
v -71.137245 -6.941896 59.705181 0.145098 0.125490 0.133333
vn -0.875650 -0.162969 0.454620
v -66.598251 -27.009901 90.867058 0.639216 0.639216 0.635294
vn 0.395487 0.775388 -0.492304
v -35.650192 30.194107 72.501144 0.705882 0.705882 0.705882
vn -0.790776 0.474581 -0.386583
v -62.682407 4.119362 48.346981 0.000000 0.000000 0.000000
vn -0.397434 -0.746867 -0.533137
v 14.131813 -37.328114 37.103821 0.509804 0.509804 0.509804
vn -0.777032 0.003847 -0.629450
v -30.993557 -44.753803 116.026733 0.380392 0.380392 0.380392
vn -0.732218 0.659587 0.169711
v -70.621056 -2.834867 61.754173 0.462745 0.411765 0.435294
vn 0.827429 -0.435219 -0.354888
v 15.968839 -40.216320 50.156708 0.000000 0.000000 0.000000
vn 0.906241 0.422136 0.022989
v 19.608549 2.210988 69.831154 0.000000 0.000000 0.000000
vn -0.886114 -0.437778 0.152161
v -67.455254 -40.689079 75.038589 0.000000 0.000000 0.000000
vn -0.879801 -0.277717 0.385776
v -66.835495 -31.617510 88.249855 0.000000 0.000000 0.000000
vn 0.444609 0.606207 -0.659421
v -2.937061 11.069465 35.821785 0.000000 0.000000 0.000000
vn -0.829851 -0.551787 -0.082936
v -52.989052 -43.308113 35.713364 0.325490 0.325490 0.325490
vn -0.897627 -0.411917 -0.156812
v -67.594727 -39.703426 58.831509 0.000000 0.000000 0.000000
vn -0.758007 -0.444589 -0.477249
v -61.165756 -40.403984 44.038750 0.000000 0.000000 0.000000
vn -0.757808 -0.029525 0.651810
v -21.866129 5.061558 108.617714 0.992157 0.992157 0.992157
vn 0.986263 0.164053 -0.019293
v 23.778078 -10.865170 66.777534 0.000000 0.000000 0.000000
vn -0.297525 0.569408 0.766324
v -39.134716 9.384733 104.738060 0.000000 0.000000 0.000000
vn 0.739205 0.424888 -0.522539
v 11.500208 2.048947 42.143406 0.000000 0.000000 0.000000
vn 0.878658 0.436048 -0.194482
v -9.674292 7.884313 108.996452 0.000000 0.000000 0.000000
vn -0.836321 -0.360273 -0.413244
v -30.508488 -40.534927 113.847824 0.388235 0.388235 0.388235
vn 0.583930 0.534539 0.610978
v 4.497165 6.275022 98.111382 0.000000 0.000000 0.000000
vn -0.829214 0.490547 0.267897
v -42.365368 26.122921 76.614037 0.160784 0.160784 0.160784
vn -0.856208 -0.442252 0.267061
v -66.028175 -40.425823 81.446877 0.000000 0.000000 0.000000
vn -0.883937 0.376663 -0.277094
v -37.056873 21.355936 39.240829 0.945098 0.945098 0.945098
vn -0.837932 -0.313505 -0.446750
v -72.494057 -6.881750 61.867821 0.925490 0.835294 0.882353
vn -0.688404 0.725064 -0.019556
v -70.031837 -1.772982 59.237267 0.725490 0.654902 0.690196
vn 0.926267 0.054013 0.372976
v 19.183115 -13.192161 88.464317 0.000000 0.000000 0.000000
vn -0.995514 0.065110 0.068649
v -72.764359 -12.396530 67.131691 0.011765 0.003922 0.000000
vn -0.434618 0.501306 0.748197
v -46.446617 5.574340 103.745422 0.094118 0.094118 0.094118
vn 0.349134 0.929693 -0.117370
v 22.245445 -25.095097 38.598068 0.945098 0.945098 0.945098
vn -0.836844 0.424099 -0.346168
v -20.408096 -0.012285 119.809517 0.733333 0.733333 0.733333
vn 0.519306 0.450031 -0.726494
v -31.485653 21.746136 37.262535 0.984314 0.984314 0.984314
vn 0.975871 0.079601 0.203321
v 23.410439 -11.252272 73.122620 0.000000 0.000000 0.000000
vn -0.589347 0.788807 0.174510
v -34.629162 -54.563511 107.316956 0.400000 0.400000 0.400000
vn -0.582226 0.742320 -0.331623
v -32.922562 -53.209747 112.913574 0.466667 0.466667 0.466667
vn -0.923277 0.024526 0.383352
v -25.794140 -7.098989 119.327675 0.000000 0.000000 0.000000
vn -0.991966 -0.086783 0.092050
v -73.859009 -8.584418 70.562233 0.925490 0.835294 0.882353
vn -0.955046 0.118054 -0.271940
v -53.563309 -40.158138 32.775730 0.584314 0.584314 0.584314
vn -0.112166 -0.105133 0.988112
v -39.673885 -43.920338 96.654602 0.878431 0.878431 0.878431
vn 0.326961 -0.547936 0.769976
v 19.123598 -35.918064 47.405544 0.321569 0.321569 0.321569
vn 0.392874 -0.585916 0.708768
v -4.998040 -46.054138 103.587135 0.000000 0.000000 0.000000
vn -0.910670 -0.391792 -0.131068
v -72.762711 -19.591995 59.830647 0.890196 0.788235 0.800000
vn -0.588251 0.547567 0.595089
v -53.568794 7.153048 96.863518 0.584314 0.686275 0.764706
vn -0.908414 -0.024302 0.417365
v -68.766769 -16.794809 87.890877 0.125490 0.058824 0.000000
vn -0.987888 0.145702 0.053366
v -38.250195 -55.431759 117.274048 0.000000 0.000000 0.000000
vn -0.763765 -0.280982 0.581130
v -61.401810 -32.596386 96.484009 0.623529 0.619608 0.619608
vn -0.799358 -0.127106 0.587258
v -63.773590 -26.509138 95.584702 0.000000 0.352941 0.647059
vn -0.464472 0.596914 -0.654186
v -47.482254 10.172179 36.242130 0.000000 0.000000 0.000000
vn -0.272662 -0.735914 -0.619747
v 2.233203 -27.769140 25.916725 0.000000 0.000000 0.000000
vn -0.429710 -0.664811 -0.611045
v 15.517509 -36.899090 35.606724 0.843137 0.843137 0.843137
vn 0.434907 0.519618 0.735427
v -2.509485 5.900164 103.787376 0.000000 0.000000 0.000000
vn 0.433027 0.667872 -0.605339
v -3.646068 13.647577 37.930370 0.000000 0.000000 0.000000
vn -0.645687 -0.206332 0.735198
v -55.149281 -29.236048 104.250336 0.313726 0.313726 0.313726
vn 0.995359 0.085839 -0.043501
v -7.961506 2.751103 111.489014 0.000000 0.000000 0.000000
vn 0.315279 0.717411 0.621225
v 22.533285 -26.727428 44.441830 0.807843 0.807843 0.807843
vn -0.146570 -0.988626 0.033688
v 15.393991 -39.197334 41.377048 0.376471 0.376471 0.376471
vn -0.761385 0.640028 -0.103234
v -70.197639 -4.583528 82.090530 0.917647 0.835294 0.878431
vn 0.584670 0.718392 -0.376927
v 4.767817 16.107109 50.324268 0.000000 0.000000 0.000000
vn 0.743953 0.001221 -0.668231
v 11.626064 -18.264360 34.806347 0.000000 0.000000 0.000000
vn 0.459360 0.646523 0.609094
v 22.410864 -27.739733 45.585007 0.745098 0.745098 0.745098
vn -0.494882 -0.181764 -0.849737
v 15.388252 -33.839108 33.818031 0.843137 0.843137 0.843137
vn -0.704538 0.501868 0.501752
v -31.147003 -49.293407 103.103676 1.000000 1.000000 1.000000
vn 0.303054 0.856451 0.417911
v -9.481457 22.868135 88.149521 0.000000 0.000000 0.000000
vn 0.612867 -0.663912 0.428504
v 4.507919 -52.165367 89.079117 0.000000 0.000000 0.000000
vn 0.716916 0.598110 0.358184
v 10.407037 10.295892 85.728989 0.000000 0.000000 0.000000
vn -0.331240 -0.761018 -0.557791
v 17.006023 -38.022072 35.902557 0.952941 0.952941 0.952941
vn 0.791723 0.076058 0.606127
v 14.113255 -15.271804 97.657562 0.000000 0.000000 0.000000
vn 0.592868 0.332430 -0.733483
v 14.415853 -24.876621 38.691513 0.000000 0.000000 0.000000
vn -0.422767 0.264718 -0.866714
v 15.872808 -30.037266 33.695995 0.768628 0.768628 0.768628
vn -0.453653 -0.001474 -0.891177
v 16.100712 -31.699472 33.197487 0.870588 0.870588 0.870588
vn 0.682771 0.729530 -0.040126
v 9.723703 15.984565 66.012245 0.000000 0.000000 0.000000
vn 0.733630 0.286156 0.616361
v 11.955553 -5.248886 97.509636 0.000000 0.000000 0.000000
vn -0.365837 0.446202 -0.816742
v 15.645904 -28.588655 34.425518 0.588235 0.588235 0.588235
vn 0.370823 -0.715603 -0.591948
v -6.460275 -53.897392 38.778206 0.000000 0.000000 0.000000
vn 0.080477 0.900594 -0.427145
v -20.213526 25.001923 47.050320 0.000000 0.000000 0.000000
vn 0.389237 -0.389408 0.834779
v -5.661513 -38.162731 108.694908 0.000000 0.000000 0.000000
vn 0.606710 -0.707166 0.363070
v -13.081673 -5.965520 119.774887 0.000000 0.000000 0.000000
vn 0.405889 -0.867045 -0.288941
v -4.203223 -61.201904 53.762978 0.000000 0.000000 0.000000
vn 0.308996 -0.759816 -0.572016
v -9.297343 -56.153465 39.942223 0.000000 0.000000 0.000000
vn 0.620706 0.766189 0.166370
v -35.110657 30.464420 75.822929 0.882353 0.882353 0.882353
vn -0.269634 0.227534 -0.935695
v -34.707642 20.718050 36.565586 0.996078 0.996078 0.996078
vn 0.442787 0.656823 0.610347
v -35.118000 29.255590 77.539375 0.705882 0.705882 0.705882
vn 0.224549 0.782371 -0.580925
v -35.919521 29.780844 71.688194 0.443137 0.443137 0.443137
vn -0.181264 0.562112 -0.806953
v -32.037125 8.549699 28.228676 0.000000 0.000000 0.000000
vn -0.582522 -0.143386 0.800068
v -27.490383 -8.586831 116.544868 0.000000 0.000000 0.000000
vn 0.422017 0.898263 -0.122579
v -35.050125 30.579105 74.086121 0.819608 0.819608 0.819608
vn 0.370718 0.764391 -0.527518
v -34.737213 29.516968 71.840706 0.101961 0.101961 0.101961
vn -0.200754 0.705674 0.679501
v -28.668114 -3.847319 108.609917 0.996078 0.996078 0.996078
vn -0.094885 0.876711 0.471566
v -29.774349 -5.669587 110.781860 0.211765 0.211765 0.211765
vn 0.481699 0.598418 0.640204
v 23.259771 -27.659931 44.922115 0.878431 0.878431 0.878431
vn 0.621239 -0.039772 0.782611
v 24.521107 -32.355190 45.861706 0.976471 0.976471 0.976471
vn 0.489523 0.502901 -0.712361
v 23.612898 -28.445965 34.432213 1.000000 1.000000 1.000000
vn 0.456504 0.729691 0.509073
v 23.017179 -26.538074 43.828201 0.874510 0.874510 0.874510
vn 0.318405 0.946573 0.051170
v 23.324251 -25.475338 40.106781 0.968628 0.968628 0.968628
vn 0.540134 0.840527 -0.042066
v 23.719173 -25.665478 39.698456 0.984314 0.984314 0.984314
vn -0.837779 -0.135953 -0.528813
v -29.961391 -43.631287 114.506149 0.682353 0.682353 0.682353
vn -0.789285 -0.611136 -0.059515
v -31.074476 -37.552429 110.046829 0.647059 0.647059 0.647059
vn -0.844258 0.499475 0.194300
v -29.735506 -50.084450 107.117928 1.000000 1.000000 1.000000
vn -0.282427 0.359903 -0.889216
v -38.114166 -0.914010 24.642960 0.000000 0.000000 0.000000
vn -0.931063 0.200118 -0.305081
v -28.973782 -46.891987 112.733398 1.000000 1.000000 1.000000
vn -0.364991 0.288072 -0.885323
v -42.045376 -4.400237 24.721558 0.000000 0.000000 0.000000
vn -0.468152 0.731528 0.495681
v -30.900139 -38.621613 117.856308 0.000000 0.000000 0.000000
vn -0.349141 0.469585 -0.810920
v -41.352913 4.092589 28.330418 0.000000 0.000000 0.000000
vn -0.101917 -0.852824 -0.512156
v -29.138407 -60.347050 42.340515 0.000000 0.000000 0.000000
vn -0.213256 -0.617656 -0.756983
v -34.083431 -49.238617 30.778732 0.000000 0.000000 0.000000
vn 0.314914 -0.687856 0.653975
v -28.031031 -57.331680 118.619392 0.000000 0.000000 0.000000
vn -0.527726 0.845549 0.080949
v -34.081944 -54.432964 108.656845 0.490196 0.490196 0.490196
vn -0.281157 0.037075 0.958945
v -37.632492 -17.344070 114.802231 0.000000 0.000000 0.000000
vn -0.491923 0.387684 0.779560
v -34.955044 -48.714039 98.993652 0.996078 0.996078 0.996078
vn -0.263677 -0.771605 0.578879
v -37.506195 -35.895088 101.728058 0.768628 0.768628 0.768628
vn -0.451814 0.671274 0.587584
v -46.801559 13.933590 96.027458 0.000000 0.000000 0.000000
vn -0.003732 0.221172 -0.975228
v 4.079149 -23.274384 21.818335 0.000000 0.000000 0.000000
vn 0.577627 0.179270 0.796373
v 4.207491 -10.704597 106.620117 0.000000 0.000000 0.000000
vn 0.481856 0.748552 -0.455504
v -0.666957 17.439949 45.542862 0.000000 0.000000 0.000000
vn 0.513383 0.433044 0.740885
v 0.311919 2.440681 104.139153 0.035294 0.035294 0.035294
vn 0.646943 -0.239339 0.724004
v 6.606988 -30.897457 103.668343 0.000000 0.000000 0.000000
vn 0.540400 0.268806 0.797315
v 1.498023 -5.880033 107.198868 0.000000 0.000000 0.000000
vn 0.453581 -0.649938 -0.609791
v 4.434616 -29.981565 29.161627 0.000000 0.000000 0.000000
vn -0.098159 -0.968623 -0.228327
v 5.354533 -29.301750 24.109341 0.000000 0.000000 0.000000
vn 0.221467 -0.921257 -0.319746
v 4.922565 -29.138344 27.764952 0.000000 0.000000 0.000000
vn 0.677408 -0.424546 0.600733
v 8.236761 -39.777954 97.586296 0.000000 0.000000 0.000000
vn 0.626463 -0.065687 0.776679
v 6.013958 -22.789297 105.948425 0.000000 0.000000 0.000000
vn -0.275010 0.343976 0.897803
v -19.801805 8.213052 127.085938 0.000000 0.000000 0.000000
vn -0.896014 -0.441263 -0.049454
v -20.175613 10.355175 118.129539 0.000000 0.000000 0.000000
vn -0.849149 -0.407187 0.336369
v -20.316473 8.600983 112.951591 0.654902 0.654902 0.654902
vn -0.832468 -0.495037 0.248867
v -20.503347 10.007790 114.548660 0.329412 0.329412 0.329412
vn 0.329860 -0.697756 0.635869
v -8.175523 -53.124516 98.800171 0.000000 0.000000 0.000000
vn -0.837729 -0.382646 0.389605
v -20.162033 7.709120 112.361862 0.827451 0.827451 0.827451
vn -0.541112 0.377827 0.751295
v -51.066963 -0.360724 104.163383 0.466667 0.643137 0.784314
vn -0.540527 0.336378 0.771155
v -50.715237 -2.397819 105.383316 0.596078 0.611765 0.623529
vn 0.231918 -0.900858 0.366972
v -43.877743 -34.001846 104.740524 0.000000 0.000000 0.000000
vn -0.570745 0.734654 0.366789
v -52.270363 17.109430 85.221550 0.000000 0.000000 0.000000
vn -0.554674 0.463306 0.691146
v -51.150738 3.511305 101.829132 0.372549 0.596078 0.780392
vn -0.561135 0.532967 0.633303
v -51.472008 7.014354 98.951263 0.705882 0.737255 0.764706
vn -0.896844 0.193793 -0.397638
v -53.202915 -40.688538 31.372309 0.945098 0.945098 0.945098
vn -0.614145 -0.017373 0.789002
v -55.125595 -19.371954 105.697121 0.203922 0.203922 0.203922
vn -0.912025 0.205799 -0.354764
v -53.319973 -39.888668 32.195297 0.619608 0.619608 0.619608
vn -0.671409 0.249835 0.697705
v -56.874447 -6.584459 102.018021 0.286275 0.525490 0.721569
vn -0.718449 -0.435678 -0.542232
v -52.658104 -43.305923 30.614477 1.000000 1.000000 1.000000
vn -0.802805 -0.285406 -0.523496
v -63.545227 -32.426952 42.029404 0.000000 0.000000 0.000000
vn -0.701364 -0.608758 0.370812
v -57.739361 -54.272884 74.501083 0.000000 0.000000 0.000000
vn -0.061629 -0.349151 0.935038
v -57.286953 -58.932201 73.350906 0.992157 0.992157 0.992157
vn 0.031422 -0.718901 -0.694402
v -57.309509 -60.460579 68.246223 0.996078 0.996078 0.996078
vn -0.749918 -0.267142 0.605193
v -60.908329 -31.971354 97.396210 0.686275 0.705882 0.717647
vn -0.134312 -0.968545 -0.209476
v -58.069389 -61.511761 69.744720 1.000000 1.000000 1.000000
vn 0.740042 0.638914 -0.210062
v 11.506726 12.434834 57.063168 0.000000 0.000000 0.000000
vn -0.502011 -0.786282 -0.360202
v -48.623722 -57.721054 50.752419 0.000000 0.000000 0.000000
vn 0.808258 0.202015 0.553090
v 14.958650 -8.476009 94.856613 0.000000 0.000000 0.000000
vn -0.902587 -0.021964 -0.429947
v -19.587997 5.674973 121.063408 0.549020 0.549020 0.549020
vn 0.390149 -0.656367 -0.645729
v -5.407940 -50.756763 35.967506 0.000000 0.000000 0.000000
vn 0.877061 -0.479442 0.029989
v 17.627548 -43.821133 68.177956 0.000000 0.000000 0.000000
vn -0.856509 0.034117 0.515004
v -66.011131 -17.131653 93.131737 0.376471 0.498039 0.600000
vn 0.968158 -0.055548 0.244100
v 22.659916 -16.924259 76.851227 0.000000 0.000000 0.000000
vn -0.876849 -0.093842 0.471518
v -67.141983 -23.631481 90.765358 0.580392 0.611765 0.639216
vn -0.431934 -0.662189 -0.612323
v 13.048779 -36.873852 37.277679 0.066667 0.066667 0.066667
vn -0.721136 0.685747 0.098560
v -70.910515 -5.725397 75.855896 0.058824 0.050980 0.054902
vn -0.928550 -0.358890 0.094829
v -72.713333 -10.602489 70.223358 0.121569 0.109804 0.094118
vn -0.584684 0.262318 0.767681
v -52.733601 -6.029014 105.327499 0.419608 0.419608 0.419608
vn -0.917483 -0.160810 0.363820
v -58.878063 -54.779388 72.131729 0.086275 0.086275 0.086275
vn -0.559978 0.499410 0.661071
v -51.579910 5.246754 100.259552 0.458824 0.650980 0.811765
vn -0.350132 -0.526362 -0.774823
v 17.046824 -36.336334 34.132282 0.972549 0.972549 0.972549
vn -0.970893 0.120454 -0.207022
v -74.414841 -13.084579 62.566055 0.937255 0.866667 0.905882
vn 0.666015 0.475688 -0.574583
v -30.958590 21.902557 37.867760 0.882353 0.882353 0.882353
vn -0.783029 -0.257457 0.566200
v -62.629593 -31.632746 95.277863 0.717647 0.729412 0.741176
vn 0.518352 0.071024 0.852213
v -13.447966 4.199652 126.263451 0.000000 0.000000 0.000000
vn -0.690665 0.596431 -0.408965
v -41.104771 27.691126 72.036209 0.431373 0.431373 0.431373
vn -0.633280 -0.227588 0.739703
v -55.223728 -30.111208 103.934967 0.266667 0.266667 0.266667
vn -0.748296 -0.240081 0.618396
v -60.906185 -30.906599 97.852554 0.635294 0.737255 0.823529
vn 0.950047 0.215925 0.225360
v -8.300055 6.471928 117.949295 0.000000 0.000000 0.000000
vn -0.972012 -0.234727 0.009773
v -71.511269 -12.647022 81.943977 0.133333 0.137255 0.133333
vn -0.908448 0.003685 0.417982
v -19.495409 4.178922 111.948715 1.000000 1.000000 1.000000
vn 0.349985 0.782907 -0.514361
v -7.269978 19.229443 42.664177 0.000000 0.000000 0.000000
vn -0.587695 0.739919 -0.327315
v -38.120262 20.721081 42.295956 0.109804 0.109804 0.109804
vn 0.611727 0.790654 -0.025613
v 5.585269 19.642157 66.727272 0.000000 0.000000 0.000000
vn 0.396313 -0.355636 0.846439
v 20.950798 -34.738159 47.268490 0.729412 0.729412 0.729412
vn 0.726684 -0.146834 0.671097
v -18.793835 -43.958153 111.187721 0.000000 0.000000 0.000000
vn -0.716595 -0.284049 0.637031
v -59.269958 -32.937626 98.902199 0.494118 0.494118 0.494118
vn -0.871764 0.308167 0.380867
v -37.135338 -54.735531 100.840469 0.000000 0.000000 0.000000
vn -0.656514 0.410005 -0.633155
v -69.191696 -2.979699 55.973358 0.894118 0.800000 0.835294
vn 0.928287 0.020910 -0.371275
v 20.948601 -17.415850 49.616833 0.000000 0.000000 0.000000
vn -0.668800 0.517883 -0.533389
v -56.780369 6.930698 42.186398 0.000000 0.000000 0.000000
vn 0.461213 0.866774 -0.189698
v -1.828057 23.353514 58.479977 0.000000 0.000000 0.000000
vn -0.713734 0.691557 0.111055
v -72.115479 -6.159384 67.510765 0.776471 0.701961 0.741176
vn -0.803310 -0.276448 0.527513
v -63.491470 -32.500137 93.597885 0.494118 0.490196 0.490196
vn -0.599259 0.288779 0.746656
v -53.737175 -5.121027 104.219147 0.501961 0.639216 0.752941
vn 0.716730 -0.157012 0.679445
v 25.003164 -33.400208 45.290272 0.992157 0.992157 0.992157
vn -0.881591 -0.419044 0.217253
v -70.393944 -15.001568 85.744461 0.921569 0.831373 0.878431
vn -0.633184 0.135270 0.762090
v -55.693245 -11.817724 104.554901 0.000000 0.000000 0.000000
vn -0.632558 -0.047978 -0.773026
v -55.299599 -20.752964 30.152550 0.000000 0.000000 0.000000
vn -0.770672 0.613067 0.173820
v -70.950066 -3.815038 63.861019 0.384314 0.345098 0.364706
vn -0.896561 -0.176009 -0.406446
v -29.397076 -43.521111 113.552200 0.996078 0.996078 0.996078
vn 0.699190 -0.544117 0.463756
v 9.369235 -46.244930 90.148300 0.000000 0.000000 0.000000
vn -0.142304 -0.983630 -0.110548
v 18.423916 -39.627853 39.058655 0.968628 0.968628 0.968628
vn 0.980966 -0.161577 0.107700
v -8.034517 1.309377 116.909851 0.000000 0.000000 0.000000
vn -0.862954 0.305822 -0.402224
v -21.962570 1.429136 123.946152 0.000000 0.000000 0.000000
vn 0.766704 -0.042259 0.640609
v 12.981465 -20.493778 99.236610 0.000000 0.000000 0.000000
vn -0.710233 0.490097 0.505346
v -59.062439 4.995744 92.312660 0.447059 0.490196 0.525490
vn -0.795702 0.601987 0.066855
v -71.632973 -5.702351 68.277733 0.341176 0.305882 0.325490
vn 0.408993 0.771538 0.487293
v 21.619797 -25.865105 43.865940 0.678431 0.678431 0.678431
vn 0.480473 0.821784 -0.306295
v -34.652840 30.009937 72.953186 0.443137 0.443137 0.443137
vn -0.889535 0.029325 0.455924
v -67.740280 -17.920866 90.084648 0.156863 0.156863 0.156863
vn -0.976438 0.211249 -0.044072
v -22.273428 2.401641 125.780418 0.000000 0.000000 0.000000
vn -0.692160 0.131338 0.709694
v -58.526451 -56.576000 72.870285 0.576471 0.576471 0.576471
vn 0.503481 0.638036 0.582595
v -0.431632 12.251583 96.836365 0.000000 0.000000 0.000000
vn -0.704346 0.671922 0.228949
v -67.354080 -1.897767 84.311470 0.078431 0.074510 0.074510
vn 0.381554 -0.215533 -0.898867
v -5.928965 -29.806793 23.910326 0.000000 0.000000 0.000000
vn -0.711330 -0.702080 -0.033059
v -52.600704 -43.736141 35.305149 0.462745 0.462745 0.462745
vn -0.967565 -0.122471 0.220950
v -22.416634 13.597682 114.005348 0.000000 0.000000 0.000000
vn -0.958506 0.275358 -0.073789
v -18.876240 1.803710 117.105194 1.000000 1.000000 1.000000
vn -0.445395 -0.787361 0.426246
v -44.498554 -57.795395 89.511955 0.000000 0.000000 0.000000
vn -0.742793 0.133213 -0.656135
v -36.328762 20.526154 37.638592 0.886275 0.886275 0.886275
vn -0.356570 -0.934224 -0.009126
v -50.999268 -45.203545 33.182194 0.996078 0.996078 0.996078
vn 0.389068 -0.389339 -0.834890
v -4.807309 -37.865261 27.267632 0.000000 0.000000 0.000000
vn -0.995728 -0.068638 0.061765
v -72.914276 -22.240778 71.519539 0.000000 0.000000 0.000000
vn -0.492860 0.340821 0.800581
v -39.749653 27.890841 78.559135 0.866667 0.866667 0.866667
vn -0.751313 0.654309 0.086069
v -71.333496 -5.759761 72.866112 0.133333 0.121569 0.121569
vn -0.755576 0.627611 0.187641
v -71.339302 -4.779053 65.505394 0.403922 0.364706 0.384314
vn -0.735671 0.670471 -0.096208
v -70.957474 -5.858623 80.478218 0.917647 0.835294 0.878431
vn -0.923757 0.382771 0.012618
v -71.200630 -5.112521 67.918983 0.000000 0.003922 0.003922
vn -0.895108 -0.059440 0.441870
v -67.927460 -21.712759 89.570595 0.372549 0.372549 0.372549
vn -0.875758 -0.186374 0.445323
v -66.962402 -28.637201 89.514709 0.329412 0.329412 0.329412
vn 0.828097 -0.235851 0.508557
v 13.057147 -30.153774 96.745087 0.000000 0.000000 0.000000
vn -0.576560 -0.246270 -0.779057
v 13.333448 -34.261955 35.214966 0.313726 0.313726 0.313726
vn -0.358389 -0.821770 -0.443004
v 14.095187 -37.910084 38.033676 0.368627 0.368627 0.368627
vn 0.699115 0.104005 0.707404
v 9.683630 -13.585498 102.488968 0.000000 0.000000 0.000000
vn 0.701978 0.392749 -0.594117
v 9.637340 0.807604 38.861710 0.000000 0.000000 0.000000
vn 0.644997 0.479287 -0.595200
v 7.835777 4.102625 39.227562 0.000000 0.000000 0.000000
vn 0.643122 0.711314 -0.283594
v 6.680381 15.898699 53.399353 0.000000 0.000000 0.000000
vn 0.595538 0.775576 -0.209326
v 4.662439 18.910328 57.313835 0.000000 0.000000 0.000000
vn 0.208744 -0.977964 -0.003414
v -13.976240 -66.726036 68.036911 0.000000 0.000000 0.000000
vn 0.315635 0.947810 0.045056
v -31.253546 23.101347 41.542557 0.654902 0.654902 0.654902
vn 0.510525 0.845107 -0.158614
v -31.222080 23.143473 39.642380 0.996078 0.996078 0.996078
vn 0.080804 -0.264486 -0.960998
v -20.136469 -32.204048 20.997768 0.000000 0.000000 0.000000
vn 0.441879 0.766455 -0.466143
v -31.080496 22.647371 38.394588 1.000000 1.000000 1.000000
vn 0.176287 -0.738557 0.650735
v -18.123993 -54.078667 101.178276 0.000000 0.000000 0.000000
vn -0.350940 0.017844 0.936228
v -27.233145 5.276608 104.841042 0.631373 0.631373 0.631373
vn 0.059487 -0.413811 -0.908417
v -21.527630 -38.990898 23.405153 0.000000 0.000000 0.000000
vn -0.135607 0.750527 0.646777
v -30.983173 17.574793 99.561440 0.000000 0.000000 0.000000
vn 0.000822 0.100366 -0.994950
v -24.126377 -13.588450 19.278151 0.000000 0.000000 0.000000
vn 0.824172 -0.135246 0.549954
v -18.820095 -44.109196 111.188492 0.000000 0.000000 0.000000
vn 0.481842 0.868332 0.117592
v -31.588999 23.368740 40.853699 0.874510 0.874510 0.874510
vn -0.395773 0.641636 0.657013
v -26.618416 -3.260790 108.771881 1.000000 1.000000 1.000000
vn 0.625395 0.368436 -0.687849
v -30.833769 21.379271 37.635456 0.760784 0.760784 0.760784
vn 0.089637 0.990268 -0.106460
v -30.928415 23.008907 42.894962 0.215686 0.215686 0.215686
vn 0.498570 0.015464 0.866712
v 20.548100 -31.892704 48.117050 0.341176 0.341176 0.341176
vn 0.487363 0.134844 0.862725
v 20.904127 -30.530024 47.811707 0.360784 0.360784 0.360784
vn 0.276664 -0.028838 -0.960534
v 21.817526 -32.795918 32.530319 1.000000 1.000000 1.000000
vn 0.607018 -0.142835 0.781747
v -25.357094 -49.763752 121.318794 0.000000 0.000000 0.000000
vn -0.390984 0.774752 -0.496881
v -38.912296 20.495642 42.923695 0.000000 0.000000 0.000000
vn -0.423705 0.646072 -0.634874
v -39.246666 28.870975 71.270760 0.635294 0.635294 0.635294
vn 0.022751 -0.926965 0.374458
v -23.363852 -64.146301 86.395607 0.000000 0.000000 0.000000
vn 0.540224 -0.821951 0.180430
v -25.910156 -59.056950 113.298019 0.000000 0.000000 0.000000
vn -0.304640 0.516510 -0.800257
v -38.999195 6.328391 28.741423 0.000000 0.000000 0.000000
vn -0.296384 0.660458 -0.689892
v -35.842072 16.395960 36.107216 0.000000 0.000000 0.000000
vn 0.063266 0.423157 0.903845
v -28.708988 -35.114765 115.450577 0.000000 0.000000 0.000000
vn -0.025131 -0.875669 0.482258
v -25.664145 -61.726082 91.413330 0.000000 0.000000 0.000000
vn -0.267315 0.913825 -0.305724
v -37.201317 25.609749 52.633823 0.000000 0.000000 0.000000
vn -0.204754 0.202579 0.957621
v -34.726883 -9.651016 114.580872 0.000000 0.000000 0.000000
vn 0.027480 -0.998374 -0.049946
v -23.613701 -67.764893 65.779221 0.000000 0.000000 0.000000
vn -0.347194 0.925224 0.153025
v -38.963730 31.918276 75.414246 1.000000 1.000000 1.000000
vn -0.626021 0.603115 -0.494318
v -38.406193 19.221947 40.240913 0.098039 0.098039 0.098039
vn 0.287990 0.706238 0.646754
v -33.717625 -3.090057 108.055130 0.027451 0.027451 0.027451
vn 0.310116 0.290236 0.905313
v -34.253471 2.086550 105.158173 0.047059 0.047059 0.047059
vn -0.097300 0.703915 0.703588
v -30.763786 -7.976569 114.377281 0.000000 0.000000 0.000000
vn -0.402740 0.388338 0.828851
v -36.237450 -48.758972 98.314323 0.784314 0.784314 0.784314
vn -0.201864 -0.629088 0.750666
v -38.560886 -37.024784 100.139305 0.996078 0.996078 0.996078
vn -0.450392 0.299240 0.841191
v -35.961430 -48.037090 98.120514 0.992157 0.992157 0.992157
vn -0.692640 0.316076 -0.648341
v -34.521885 -48.131516 118.948723 0.003922 0.003922 0.003922
vn -0.511937 0.553494 0.656936
v -35.728447 -51.359879 100.294891 0.321569 0.321569 0.321569
vn -0.761680 0.524748 0.380109
v -35.455486 -52.973915 102.111176 0.074510 0.074510 0.074510
vn -0.629893 0.732190 0.259100
v -34.750069 -54.057354 105.196014 0.321569 0.321569 0.321569
vn -0.562264 0.719504 0.407643
v -35.004791 -53.663933 103.765366 0.086275 0.086275 0.086275
vn -0.575152 0.463982 0.673737
v -52.125828 4.012606 100.689735 0.160784 0.454902 0.698039
vn -0.553206 0.434771 0.710589
v -51.222698 2.379833 102.497459 0.282353 0.537255 0.745098
vn -0.568189 0.531017 0.628635
v -52.531635 6.428023 98.485336 0.517647 0.678431 0.811765
vn 0.428695 -0.689458 0.583839
v -48.296230 -36.840462 103.813866 0.000000 0.000000 0.000000
vn -0.538170 0.320814 0.779392
v -50.807835 -3.318937 105.708107 0.529412 0.529412 0.529412
vn 0.405371 -0.870199 0.280051
v 7.540637 -29.008871 27.180819 0.000000 0.000000 0.000000
vn 0.666336 -0.681167 0.303330
v 7.554923 -27.872082 29.527164 0.000000 0.000000 0.000000
vn 0.598992 0.270056 0.753842
v 5.409525 -5.295289 104.098549 0.000000 0.000000 0.000000
vn 0.535829 0.685397 0.493070
v 1.722713 14.923221 91.455688 0.000000 0.000000 0.000000
vn 0.626563 -0.260262 -0.734631
v 7.071173 -23.931465 25.481668 0.000000 0.000000 0.000000
vn 0.694319 -0.693406 -0.192638
v 9.805655 -52.644112 58.404507 0.000000 0.000000 0.000000
vn 0.502853 0.548790 -0.667809
v 0.682857 8.222516 35.903221 0.000000 0.000000 0.000000
vn 0.757060 -0.463056 0.460910
v 11.248798 -42.835228 90.936646 0.000000 0.000000 0.000000
vn 0.644810 0.119175 0.754995
v 7.038332 -12.652641 104.745422 0.000000 0.000000 0.000000
vn 0.238859 -0.640926 0.729493
v -12.638135 -50.013138 103.674057 0.000000 0.000000 0.000000
vn -0.721053 -0.224793 0.655402
v -22.324116 7.135272 108.576874 0.368627 0.368627 0.368627
vn -0.806376 0.491735 -0.328563
v -20.943846 -0.873518 119.906746 0.568627 0.568627 0.568627
vn 0.061369 0.005529 -0.998100
v -21.188206 -18.974716 19.088518 0.000000 0.000000 0.000000
vn -0.817860 0.522887 -0.240197
v -20.819210 -1.405469 118.658386 0.843137 0.843137 0.843137
vn -0.398250 0.916535 0.036900
v -23.763727 13.934794 107.150177 0.000000 0.000000 0.000000
vn -0.846663 -0.398579 -0.352558
v -53.788292 -41.891670 35.638557 0.125490 0.125490 0.125490
vn -0.606590 -0.126737 0.784848
v -55.170406 -25.032795 105.201889 0.443137 0.443137 0.443137
vn -0.567273 -0.808051 -0.158915
v -51.824093 -58.478172 59.626640 0.000000 0.000000 0.000000
vn -0.737174 0.495694 0.459197
v -60.350555 4.759420 90.637299 0.168627 0.168627 0.168627
vn -0.792611 0.568596 -0.220151
v -62.820755 9.084991 57.187092 0.000000 0.000000 0.000000
vn -0.769313 0.636156 -0.058846
v -61.968040 12.032408 65.334114 0.000000 0.000000 0.000000
vn -0.651300 -0.002830 0.758815
v -56.056385 -19.564182 104.903938 0.368627 0.396078 0.419608
vn -0.576179 -0.061494 0.815007
v -55.696724 -22.405716 105.066277 0.435294 0.486275 0.525490
vn -0.719954 0.382295 0.579238
v -60.449112 -0.169875 94.741997 0.000000 0.356863 0.647059
vn -0.500500 -0.847094 0.178696
v -51.571064 -58.999123 74.337181 0.000000 0.000000 0.000000
vn -0.914785 -0.317426 -0.249819
v -53.957748 -41.237667 35.076065 0.231373 0.231373 0.231373
vn -0.513520 0.049282 0.856661
v -58.414143 -57.529049 73.086823 0.827451 0.827451 0.827451
vn -0.446427 -0.102829 -0.888892
v -58.427948 -58.061813 67.655968 0.678431 0.678431 0.678431
vn -0.830650 0.068514 0.552563
v -64.750656 -15.405811 94.924484 0.333333 0.505882 0.650980
vn -0.569180 0.338121 0.749472
v -66.003845 -5.175401 89.824608 0.117647 0.101961 0.109804
vn -0.892739 -0.336092 -0.300100
v -58.308392 -55.256260 67.292870 0.000000 0.000000 0.000000
vn 0.146052 0.948864 -0.279867
v -30.249674 22.845884 42.675613 0.156863 0.156863 0.156863
vn -0.481556 0.438671 0.758730
v -48.002094 2.566393 104.661224 0.435294 0.435294 0.435294
vn 0.691642 -0.264615 0.672020
v 9.175422 -31.351147 101.035271 0.000000 0.000000 0.000000
vn 0.868335 0.034403 0.494784
v 16.506847 -16.443705 94.298729 0.000000 0.000000 0.000000
vn -0.890759 -0.351216 -0.288435
v -72.860779 -19.023357 59.245102 0.921569 0.831373 0.878431
vn 0.430166 0.701811 0.567819
v 20.294725 -26.486189 45.776756 0.160784 0.160784 0.160784
vn -0.690481 0.584248 -0.426486
v -32.038448 -52.148132 113.322159 0.709804 0.709804 0.709804
vn -0.848047 -0.320988 0.421642
v -73.334358 -13.521088 64.936653 0.929412 0.862745 0.894118
vn 0.883794 0.208280 0.418960
v 18.584501 -8.807659 88.651779 0.000000 0.000000 0.000000
vn 0.073403 -0.996732 -0.033711
v 6.533998 -29.469320 25.940973 0.000000 0.000000 0.000000
vn 0.126999 0.220479 -0.967088
v 20.291510 -30.107275 32.522442 0.996078 0.996078 0.996078
vn -0.874957 0.475965 0.088922
v -36.966496 -56.537716 103.943466 0.000000 0.000000 0.000000
vn 0.410349 -0.688514 0.597965
v -4.468057 -52.509151 97.271530 0.000000 0.000000 0.000000
vn -0.631203 0.771888 0.075968
v -36.231583 22.755316 41.049229 0.996078 0.996078 0.996078
vn -0.546978 -0.189174 -0.815493
v 13.604435 -33.573704 34.780937 0.423529 0.423529 0.423529
vn -0.784778 0.309909 -0.536731
v -62.845905 -4.252055 41.645805 0.000000 0.000000 0.000000
vn 0.444702 0.892209 -0.078762
v -2.703325 24.636333 63.785934 0.000000 0.000000 0.000000
vn 0.813027 0.460517 -0.356245
v 25.893387 -28.833208 36.735989 1.000000 1.000000 1.000000
vn 0.050537 0.988292 -0.143964
v -22.120283 29.300720 60.662224 0.000000 0.000000 0.000000
vn 0.633490 -0.495667 0.594142
v 5.768589 -43.504478 97.431213 0.000000 0.000000 0.000000
vn -0.533090 -0.000336 -0.846058
v -51.675270 -41.871418 29.295435 1.000000 1.000000 1.000000
vn 0.495685 0.565311 0.659333
v 0.028843 8.301531 100.201035 0.000000 0.000000 0.000000
vn 0.844658 -0.111958 0.523467
v -21.483236 -49.665970 117.105629 0.000000 0.000000 0.000000
vn 0.635166 0.648532 -0.419488
v -29.681656 21.649393 39.420238 0.490196 0.490196 0.490196
vn -0.840641 0.048227 0.539441
v -65.382797 -16.625633 94.108986 0.309804 0.509804 0.674510
vn -0.169875 -0.713953 0.679274
v -43.654045 -31.847668 110.138557 0.000000 0.000000 0.000000
vn 0.866454 -0.497110 0.046251
v -21.236338 -54.591324 110.906242 0.000000 0.000000 0.000000
vn -0.512575 0.399160 -0.760222
v -49.513157 -0.034209 30.529911 0.000000 0.000000 0.000000
vn -0.569846 0.318168 0.757658
v -40.067749 28.472319 78.180244 0.988235 0.988235 0.988235
vn -0.900164 0.005399 0.435517
v -68.107224 -19.150301 89.404823 0.156863 0.156863 0.156863
vn -0.833279 -0.181320 0.522272
v -65.114426 -28.126389 93.014626 0.650980 0.760784 0.850980
vn -0.740670 -0.555394 0.378082
v -60.464947 -46.123268 86.297798 0.000000 0.000000 0.000000
vn 0.874011 -0.439728 0.206746
v -9.667141 -3.602876 115.342590 0.000000 0.000000 0.000000
vn -0.898367 -0.036395 -0.437735
v -19.933125 5.844246 121.745087 0.329412 0.329412 0.329412
vn -0.904436 -0.419548 -0.077302
v -68.356499 -39.798824 64.190987 0.000000 0.000000 0.000000
vn -0.516780 -0.164960 -0.840075
v -49.594448 -26.744741 26.787678 0.000000 0.000000 0.000000
vn 0.813896 -0.123516 -0.567730
v 9.096655 -25.120020 32.508469 0.000000 0.000000 0.000000
vn 0.479620 -0.445538 0.755950
v -0.809402 -41.077255 104.515755 0.000000 0.000000 0.000000
vn -0.087660 0.963729 -0.252075
v 6.304045 -19.840878 24.613535 0.000000 0.000000 0.000000
vn -0.990416 0.077554 -0.114290
v -59.306274 -55.224167 69.758766 0.196078 0.196078 0.196078
vn -0.896827 -0.246164 0.367566
v -73.106628 -14.894567 64.707115 0.164706 0.137255 0.125490
vn 0.888753 -0.039008 0.456724
v 16.844227 -19.472845 93.653458 0.000000 0.000000 0.000000
vn 0.813357 -0.576210 -0.080204
v -21.953362 -55.574165 109.366966 0.000000 0.000000 0.000000
vn -0.761319 0.631524 0.146869
v -68.074379 -2.525544 83.776733 0.098039 0.101961 0.105882
vn -0.820724 0.076393 0.566194
v -64.374786 -15.151432 95.452606 0.317647 0.509804 0.666667
vn -0.665093 0.370775 0.648210
v -57.366287 -1.469256 99.265991 0.000000 0.349020 0.647059
vn -0.869570 -0.484296 0.096467
v -72.830650 -10.093591 72.185936 0.921569 0.839216 0.882353
vn -0.725727 0.470660 0.501796
v -59.727829 3.973493 92.332100 0.400000 0.490196 0.560784
vn -0.478188 0.472889 0.740076
v -47.812454 4.236901 103.759026 0.411765 0.411765 0.411765
vn -0.945530 -0.306571 -0.109488
v -71.623955 -12.464449 82.302704 0.796079 0.729412 0.764706
vn -0.944111 -0.287816 -0.160674
v -71.780373 -11.549573 81.471977 0.772549 0.717647 0.745098
vn -0.778636 0.616204 0.118401
v -72.966728 -6.794530 66.444885 0.925490 0.835294 0.882353
vn -0.885453 -0.295859 0.358386
v -71.586906 -12.224650 85.902168 0.925490 0.839216 0.886275
vn -0.907726 -0.352941 0.226860
v -68.682549 -36.427048 78.647209 0.000000 0.000000 0.000000
vn -0.789303 0.291050 -0.540639
v -72.417358 -10.454965 62.417187 0.407843 0.368627 0.392157
vn -0.881961 -0.444866 0.155688
v -72.063721 -10.635087 75.577843 0.533333 0.494118 0.501961
vn -0.854963 -0.508126 0.104147
v -72.111343 -10.098575 76.868889 0.917647 0.843137 0.878431
vn -0.336996 -0.222625 -0.914807
v 17.306255 -33.947529 32.896030 0.972549 0.972549 0.972549
vn 0.131059 -0.860122 0.492964
v 19.744678 -38.659950 44.006989 0.901961 0.901961 0.901961
vn -0.331331 0.566027 -0.754873
v 17.079725 -27.804232 34.302776 0.792157 0.792157 0.792157
vn -0.241181 0.739513 -0.628452
v 15.852120 -26.219896 36.285831 0.188235 0.188235 0.188235
vn 0.236174 -0.723574 0.648585
v 19.484428 -37.321819 45.993759 0.666667 0.666667 0.666667
vn -0.156290 0.828709 -0.537415
v 16.567709 -25.470894 37.115013 0.270588 0.270588 0.270588
vn 0.690790 0.629996 -0.354845
v 9.765798 11.776665 51.169312 0.000000 0.000000 0.000000
vn -0.201151 -0.865920 -0.457953
v 18.450165 -38.776054 36.339634 0.988235 0.988235 0.988235
vn 0.711290 0.332822 0.619109
v -23.337620 -43.379169 118.350861 0.000000 0.000000 0.000000
vn 0.534693 -0.831449 0.150982
v -22.240274 -54.910599 102.841103 0.000000 0.000000 0.000000
vn 0.035812 -0.795196 -0.605294
v -22.251083 -57.638836 38.081760 0.000000 0.000000 0.000000
vn -0.015096 -0.607567 -0.794125
v -24.984303 -48.621769 29.017174 0.000000 0.000000 0.000000
vn 0.254062 0.620544 0.741875
v -35.882248 28.573460 78.561630 0.635294 0.635294 0.635294
vn 0.354232 0.670511 0.651871
v -35.166454 28.760731 78.065338 0.545098 0.545098 0.545098
vn -0.261419 0.962210 -0.076245
v -38.180992 27.887327 68.354866 0.000000 0.000000 0.000000
vn -0.031561 0.815513 -0.577877
v -36.711693 29.340246 70.937256 0.301961 0.301961 0.301961
vn 0.051466 -0.884237 0.464194
v -21.863663 -62.439167 89.951683 0.000000 0.000000 0.000000
vn 0.209642 -0.015363 0.977658
v -24.577969 -34.449310 114.471077 0.000000 0.000000 0.000000
vn -0.094846 0.521010 0.848265
v -31.034416 -1.786932 106.420830 1.000000 1.000000 1.000000
vn -0.001536 -0.063218 0.997999
v -24.609270 -21.138973 116.652657 0.000000 0.000000 0.000000
vn 0.492402 0.426800 0.758539
v -5.817092 1.806401 108.001236 0.000000 0.000000 0.000000
vn 0.483893 -0.579967 0.655351
v -0.740405 -47.862659 99.392570 0.000000 0.000000 0.000000
vn 0.285181 0.865288 -0.412248
v -9.716127 23.192852 48.063465 0.000000 0.000000 0.000000
vn 0.213218 0.878688 0.427136
v -13.665760 23.868557 88.701057 0.000000 0.000000 0.000000
vn 0.561851 -0.643368 0.520001
v 3.364050 -50.346363 93.001450 0.000000 0.000000 0.000000
vn 0.393374 -0.047650 -0.918143
v -5.241669 -21.732956 22.978956 0.000000 0.000000 0.000000
vn 0.676558 -0.734720 0.049567
v 8.496811 -55.061729 69.888435 0.000000 0.000000 0.000000
vn 0.351938 0.804522 0.478419
v -7.074074 20.511665 90.829292 0.000000 0.000000 0.000000
vn 0.625384 -0.779788 0.028741
v 6.235525 -57.060551 69.352936 0.000000 0.000000 0.000000
vn 0.439029 0.782917 0.440787
v -2.833518 19.153383 89.491028 0.000000 0.000000 0.000000
vn 0.482317 0.228554 -0.845655
v 23.253271 -30.030941 33.381001 0.996078 0.996078 0.996078
vn 0.185345 0.982669 0.003010
v -16.184763 29.173555 67.751488 0.000000 0.000000 0.000000
vn 0.849740 -0.294733 0.437121
v -9.449946 0.252566 120.811615 0.000000 0.000000 0.000000
vn 0.090483 0.995776 0.015576
v -18.915977 29.560482 68.540977 0.000000 0.000000 0.000000
vn 0.286015 -0.534877 -0.795048
v -10.263772 -45.230629 29.133501 0.000000 0.000000 0.000000
vn 0.356069 -0.930614 -0.084693
v -7.264474 -64.587173 64.198593 0.000000 0.000000 0.000000
vn 0.267930 0.851121 0.451449
v -16.789024 14.836210 120.599876 0.000000 0.000000 0.000000
vn 0.402796 -0.463539 0.789232
v -15.458998 -9.832604 116.055359 0.000000 0.000000 0.000000
vn -0.675816 -0.734901 0.056513
v -32.265247 -36.223499 108.828972 0.596078 0.596078 0.596078
vn 0.192218 -0.950151 -0.245490
v -30.515570 -60.976768 108.394241 0.000000 0.000000 0.000000
vn -0.974948 0.178570 -0.132624
v -31.622568 -39.224403 116.343117 0.000000 0.000000 0.000000
vn -0.823858 0.028744 -0.566067
v -30.438761 -45.585114 115.305458 0.701961 0.701961 0.701961
vn -0.497413 0.544014 0.675743
v -36.534016 -51.365746 99.696770 0.125490 0.125490 0.125490
vn -0.408338 0.084638 0.908898
v -44.504700 -14.435506 112.071022 0.000000 0.000000 0.000000
vn -0.095517 -0.720807 0.686523
v -39.241257 -36.215462 100.845703 0.623529 0.623529 0.623529
vn -0.500243 -0.853964 0.143188
v -36.082150 -57.056129 98.663422 0.000000 0.000000 0.000000
vn -0.277430 -0.903892 -0.325595
v -35.501301 -60.241997 106.257500 0.000000 0.000000 0.000000
vn -0.292341 0.117645 0.949050
v -37.284565 -46.660896 97.201065 0.992157 0.992157 0.992157
vn -0.176588 -0.963792 -0.199804
v -32.905640 -66.099922 58.315479 0.000000 0.000000 0.000000
vn -0.250271 -0.858046 0.448467
v -36.344971 -58.787788 93.549393 0.000000 0.000000 0.000000
vn -0.449161 0.624008 0.639428
v -46.653324 10.778999 99.498680 0.000000 0.000000 0.000000
vn -0.434741 0.165191 0.885275
v -36.726650 -47.107742 97.421555 0.996078 0.996078 0.996078
vn -0.424267 0.473588 0.771824
v -46.319511 4.144195 104.751564 0.101961 0.101961 0.101961
vn -0.571519 0.305644 0.761543
v -51.743137 -4.201936 105.397865 0.549020 0.556863 0.564706
vn -0.620589 0.385116 0.683049
v -52.752789 -0.004621 102.698708 0.000000 0.352941 0.647059
vn -0.401479 -0.741493 0.537590
v -44.247620 -54.250896 95.089928 0.000000 0.000000 0.000000
vn -0.487362 -0.294053 0.822199
v -49.110889 -32.256710 107.715187 0.000000 0.000000 0.000000
vn -0.565737 0.468354 0.678665
v -52.642525 3.050034 100.909447 0.000000 0.368627 0.650980
vn -0.572609 0.266052 0.775458
v -51.585602 -6.099950 106.205841 0.254902 0.254902 0.254902
vn -0.550015 0.274664 0.788697
v -51.458042 -5.249572 106.000114 0.368627 0.368627 0.368627
vn -0.356996 -0.580868 0.731537
v -43.780243 -52.903694 96.938240 0.000000 0.000000 0.000000
vn -0.687308 0.166903 0.706931
v -57.200527 -9.954492 102.767685 0.086275 0.086275 0.086275
vn -0.742023 0.437419 0.508003
v -60.551708 2.296033 92.641815 0.321569 0.474510 0.600000
vn -0.615272 -0.681458 0.396302
v -54.237545 -52.334743 87.263153 0.000000 0.000000 0.000000
vn -0.722054 0.028836 -0.691236
v -59.377010 -18.530638 33.856995 0.011765 0.011765 0.011765
vn -0.693950 0.203717 0.690603
v -58.279991 -9.042987 101.454987 0.247059 0.247059 0.247059
vn -0.590702 -0.767568 0.248818
v -53.429066 -56.449818 79.419937 0.000000 0.000000 0.000000
vn -0.648232 -0.218364 -0.729461
v -55.987476 -29.431135 32.156567 0.000000 0.000000 0.000000
vn -0.709422 0.250759 0.658666
v -59.158344 -6.988924 99.840393 0.243137 0.478431 0.670588
vn 0.340712 0.645822 0.683249
v -7.528911 12.593886 101.101471 0.000000 0.000000 0.000000
vn 0.561922 -0.812660 0.154360
v 3.124900 -58.590794 75.694656 0.000000 0.000000 0.000000
vn 0.431408 -0.436151 -0.789721
v -3.305178 -40.181107 29.207750 0.000000 0.000000 0.000000
vn 0.530641 -0.702750 0.473880
v 2.357998 -53.066181 90.410637 0.000000 0.000000 0.000000
vn 0.569461 -0.807737 -0.152562
v 3.821556 -58.313847 60.969440 0.000000 0.000000 0.000000
vn 0.325634 0.887526 -0.325976
v -8.462199 24.360975 51.910603 0.000000 0.000000 0.000000
vn 0.252074 0.967665 0.009139
v -11.584341 28.168669 68.136993 0.000000 0.000000 0.000000
vn 0.519723 0.817785 -0.247216
v 1.103674 20.981720 55.903740 0.000000 0.000000 0.000000
vn 0.779216 -0.625726 0.035903
v 13.338171 -49.994709 69.517029 0.000000 0.000000 0.000000
vn 0.812613 0.092944 0.575344
v -10.010585 4.395378 122.733353 0.000000 0.000000 0.000000
vn 0.123938 0.989301 -0.076965
v -18.141441 29.377031 64.869934 0.000000 0.000000 0.000000
vn 0.479850 -0.867589 -0.130513
v -1.124759 -61.510895 61.665009 0.000000 0.000000 0.000000
vn 0.376211 -0.734639 0.564597
v -6.386705 -54.757488 95.811966 0.000000 0.000000 0.000000
vn 0.693498 -0.595453 0.405580
v -11.754349 -6.753323 115.437042 0.000000 0.000000 0.000000
vn 0.175550 0.593285 -0.785618
v -15.685506 10.136914 29.595428 0.000000 0.000000 0.000000
vn -0.582225 0.089496 0.808087
v -24.366388 4.404913 106.349655 0.996078 0.996078 0.996078
vn 0.030512 -0.064404 -0.997457
v -22.523664 -21.968981 19.126356 0.000000 0.000000 0.000000
vn -0.677510 0.678794 0.283229
v -22.559032 -3.397004 113.282951 0.866667 0.866667 0.866667
vn 0.218298 -0.791146 -0.571345
v -13.413588 -57.881416 40.415245 0.000000 0.000000 0.000000
vn -0.126615 -0.837125 0.532157
v -22.530928 -9.578011 118.530121 0.000000 0.000000 0.000000
vn -0.012369 0.999894 0.007697
v -25.052416 29.865801 68.363411 0.000000 0.000000 0.000000
vn -0.079949 0.966088 0.245523
v -28.289288 28.440432 78.881851 0.000000 0.000000 0.000000
vn -0.034955 0.907105 0.419451
v -26.299221 25.125160 88.698128 0.000000 0.000000 0.000000
vn -0.031508 0.336684 -0.941090
v -25.561560 -2.505301 21.853346 0.000000 0.000000 0.000000
vn -0.696426 0.709019 -0.110831
v -22.588810 -3.814420 117.628792 0.278431 0.278431 0.278431
vn -0.138911 -0.776044 0.615190
v -22.069044 -6.469461 123.507629 0.000000 0.000000 0.000000
vn 0.059798 0.008015 0.998178
v -21.348030 -13.147346 116.268524 0.000000 0.000000 0.000000
vn -0.653671 -0.059181 0.754461
v -58.975811 -58.157204 72.815491 0.996078 0.996078 0.996078
vn -0.482358 0.315636 0.817132
v -66.985336 -5.239212 89.257271 0.827451 0.760784 0.796079
vn -0.895998 0.128099 -0.425179
v -68.455673 -12.776163 47.828175 0.000000 0.000000 0.000000
vn -0.778654 -0.347845 0.522208
v -62.442028 -34.921032 93.811974 0.117647 0.117647 0.117647
vn -0.791595 -0.263595 0.551267
v -62.955887 -31.670650 94.801025 0.701961 0.698039 0.698039
vn -0.745563 0.666430 -0.002795
v -69.472931 -1.252559 59.766991 0.000000 0.000000 0.000000
vn -0.953465 0.157023 0.257389
v -59.418480 -55.985405 71.333061 0.498039 0.498039 0.498039
vn -0.738356 0.543918 -0.398727
v -68.763344 -1.444653 56.912464 0.309804 0.278431 0.294118
vn -0.847938 0.010590 0.529989
v -65.119553 -18.488848 94.608429 0.000000 0.400000 0.674510
vn -0.798984 -0.233391 0.554214
v -63.375317 -30.123980 94.886566 0.674510 0.776471 0.858824
vn -0.823062 0.267136 0.501206
v -59.298397 -56.593914 72.058403 0.658824 0.658824 0.658824
vn -0.418694 0.173029 0.891491
v -67.740471 -7.237834 89.489929 0.847059 0.788235 0.815686
vn -0.869424 0.400293 -0.289598
v -68.398758 -1.192407 56.563503 0.047059 0.043137 0.043137
vn -0.856129 0.132181 -0.499570
v -65.835510 -12.623642 42.915257 0.000000 0.000000 0.000000
vn -0.756515 -0.595066 -0.271259
v -61.532837 -47.939339 55.115540 0.000000 0.000000 0.000000
vn 0.541589 0.787644 -0.293767
v -14.680518 12.525389 106.943825 0.000000 0.000000 0.000000
vn -0.738153 0.375826 -0.560255
v -31.126270 -49.307468 114.797035 0.807843 0.807843 0.807843
vn -0.641277 -0.031935 0.766644
v -69.301346 -10.621884 88.887878 0.925490 0.835294 0.882353
vn 0.854846 -0.426153 -0.296027
v 17.338856 -39.506104 52.771233 0.000000 0.000000 0.000000
vn -0.957383 0.148715 -0.247591
v -71.814003 -14.257604 57.481239 0.000000 0.000000 0.000000
vn -0.378802 0.078240 0.922165
v -33.435627 -47.471684 123.005127 0.027451 0.027451 0.027451
vn -0.917252 0.398306 0.000786
v -70.567345 -3.549951 64.865837 0.000000 0.000000 0.000000
vn 0.777379 0.010363 -0.628947
v 7.922056 -28.303299 25.974201 0.000000 0.000000 0.000000
vn -0.781241 0.617838 0.089100
v -71.501305 -5.463732 67.700920 0.137255 0.121569 0.129412
vn -0.975102 -0.217218 -0.044640
v -72.265884 -11.126642 83.837296 0.933333 0.854902 0.894118
vn -0.792008 0.335822 0.509851
v -63.002766 -2.733332 92.752457 0.223529 0.219608 0.219608
vn -0.964954 0.073549 0.251900
v -72.510925 -8.602935 84.867081 0.925490 0.835294 0.882353
vn 0.910667 -0.125886 -0.393496
v 19.958315 -25.675842 48.405308 0.000000 0.000000 0.000000
vn -0.709108 0.081987 0.700317
v -59.011917 -15.041247 101.929665 0.380392 0.470588 0.545098
vn 0.857087 0.513020 0.047034
v -9.775521 7.899609 107.741524 0.000000 0.000000 0.000000
vn 0.581603 0.612683 -0.535124
v 3.753783 11.264995 41.735065 0.000000 0.000000 0.000000
vn 0.384100 -0.415018 0.824759
v 21.305698 -35.252537 46.855408 0.796079 0.796079 0.796079
vn 0.447115 -0.829233 0.335352
v -54.804737 -60.208076 71.370972 0.709804 0.709804 0.709804
vn 0.958450 -0.265194 0.105098
v 21.153269 -34.209217 69.765709 0.000000 0.000000 0.000000
vn -0.209882 -0.804674 -0.555383
v -34.488182 -58.596920 41.168571 0.000000 0.000000 0.000000
vn -0.173980 -0.128807 0.976289
v -32.922112 -24.222612 115.649094 0.000000 0.000000 0.000000
vn -0.913914 0.123879 -0.386542
v -58.999825 -55.264999 68.768517 0.121569 0.121569 0.121569
vn -0.755754 0.269117 0.597003
v -61.140652 -5.933880 97.076782 0.196078 0.407843 0.580392
vn -0.704142 -0.251709 0.663948
v -58.590816 -31.405619 100.281929 0.635294 0.647059 0.654902
vn -0.692763 -0.190851 0.695454
v -58.171631 -27.827990 101.851318 0.462745 0.647059 0.803922
vn 0.468421 0.353200 0.809834
v -5.419800 -0.307369 108.834900 0.000000 0.000000 0.000000
vn -0.848773 0.075050 -0.523405
v -29.796818 -45.528648 114.432076 1.000000 1.000000 1.000000
vn 0.639960 0.359145 0.679313
v 24.089321 -29.294937 45.469067 0.937255 0.937255 0.937255
vn -0.825954 -0.206646 0.524498
v -64.613441 -29.053364 93.460213 0.678431 0.772549 0.847059
vn -0.854029 -0.008213 0.520160
v -65.945450 -18.809610 93.305519 0.266667 0.505882 0.705882
vn -0.932187 -0.018730 0.361493
v -68.955376 -19.723005 87.611710 0.000000 0.000000 0.000000
vn 0.732774 0.381035 0.563786
v 11.383183 -0.079763 95.276764 0.000000 0.000000 0.000000
vn -0.444565 -0.104854 -0.889588
v -46.490448 -24.339849 24.680542 0.000000 0.000000 0.000000
vn -0.379886 -0.793769 -0.474992
v -42.461159 -58.053440 44.864491 0.000000 0.000000 0.000000
vn -0.845747 -0.492988 0.204143
v -65.583496 -43.286964 77.347733 0.000000 0.000000 0.000000
vn -0.565711 0.582856 0.583309
v -51.319813 9.627840 96.737961 0.325490 0.325490 0.325490
vn 0.633347 -0.310627 0.708789
v -17.941397 -44.041870 110.256943 0.000000 0.000000 0.000000
vn 0.796551 0.180607 0.576964
v 25.698053 -30.666203 44.489658 0.992157 0.992157 0.992157
vn -0.619076 0.281462 0.733160
v -54.852356 -4.831722 103.177109 0.164706 0.462745 0.705882
vn -0.996168 -0.043117 -0.076089
v -72.894173 -20.939190 63.557945 0.000000 0.000000 0.000000
vn -0.527694 -0.269568 -0.805526
v -49.917023 -35.717808 29.697990 0.000000 0.000000 0.000000
vn -0.878727 0.477294 -0.005328
v -72.441307 -7.788179 80.357307 0.921569 0.831373 0.878431
vn 0.971780 0.166973 0.166622
v 22.806248 -8.919935 74.864021 0.000000 0.000000 0.000000
vn 0.578978 0.578448 0.574615
v 23.970833 -27.904102 44.574242 0.929412 0.929412 0.929412
vn -0.979753 0.020041 -0.199204
v -38.153984 -58.282684 107.206871 0.000000 0.000000 0.000000
vn 0.622046 -0.518887 0.586357
v -13.431591 -3.367424 123.715363 0.000000 0.000000 0.000000
vn -0.969644 -0.192607 -0.150646
v -74.237839 -16.682392 60.333675 0.925490 0.835294 0.882353
vn -0.874781 -0.278430 0.396529
v -73.425552 -15.259922 63.643116 0.929412 0.862745 0.894118
vn -0.999245 -0.034537 -0.017809
v -72.896996 -18.352287 62.552471 0.019608 0.019608 0.015686
vn -0.972467 0.184808 -0.141961
v -74.518135 -10.309608 64.948082 0.921569 0.835294 0.878431
vn 0.537270 -0.843347 0.010291
v 2.183520 -60.014080 68.325996 0.000000 0.000000 0.000000
vn -0.402141 -0.764610 -0.503640
v 14.989944 -37.766479 37.075748 0.713726 0.713726 0.713726
vn 0.874847 -0.243735 0.418612
v 14.469597 -32.905342 92.573311 0.000000 0.000000 0.000000
vn -0.440356 -0.621055 -0.648365
v 14.202847 -36.509460 36.132626 0.600000 0.600000 0.600000
vn 0.882938 -0.343477 0.320070
v 16.239979 -40.089985 82.892387 0.000000 0.000000 0.000000
vn 0.744247 -0.072138 -0.663997
v 11.516616 -23.036570 34.941921 0.000000 0.000000 0.000000
vn 0.737487 -0.253331 0.626048
v -11.367469 0.050704 123.810837 0.000000 0.000000 0.000000
vn 0.141588 0.914860 -0.378132
v -17.594074 25.744999 49.439323 0.000000 0.000000 0.000000
vn 0.163283 0.973629 -0.159331
v -15.910951 28.492725 59.975243 0.000000 0.000000 0.000000
vn 0.732987 -0.578832 0.357330
v -11.246297 -4.195350 119.672836 0.000000 0.000000 0.000000
vn -0.331130 0.754828 0.566205
v -27.496681 -4.537968 109.836487 0.996078 0.996078 0.996078
vn 0.283665 0.629844 -0.723070
v -32.169010 22.118313 37.067650 1.000000 1.000000 1.000000
vn 0.172960 0.948487 0.265440
v -32.750381 23.456860 42.081852 0.772549 0.772549 0.772549
vn 0.285738 0.926779 0.243791
v -32.036613 23.285496 42.211842 0.639216 0.639216 0.639216
vn 0.474514 0.473945 0.741763
v 21.376625 -28.389788 46.690178 0.490196 0.490196 0.490196
vn 0.605708 -0.344964 0.717020
v 22.151037 -34.031834 46.943893 0.862745 0.862745 0.862745
vn 0.847627 0.459161 0.265893
v 17.096745 3.260305 80.973389 0.000000 0.000000 0.000000
vn 0.247763 0.954586 0.165468
v 20.329878 -24.758944 42.032875 0.564706 0.564706 0.564706
vn 0.137593 0.780646 -0.609640
v 20.289484 -26.247894 35.193287 0.952941 0.952941 0.952941
vn 0.484804 0.396267 0.779703
v 21.211946 -28.817034 47.027355 0.454902 0.454902 0.454902
vn 0.438561 -0.640161 0.630760
v 22.956890 -37.052082 44.809292 0.988235 0.988235 0.988235
vn -0.235575 0.296671 -0.925468
v -36.126781 -3.979568 22.889578 0.000000 0.000000 0.000000
vn 0.334890 0.487536 0.806323
v -34.444454 -0.477304 106.372383 0.105882 0.105882 0.105882
vn -0.067147 -0.709679 -0.701318
v -28.065968 -53.579330 33.553787 0.000000 0.000000 0.000000
vn 0.538582 -0.703191 0.464168
v -25.820744 -57.363224 116.903282 0.000000 0.000000 0.000000
vn -0.592945 0.384691 0.707410
v -39.947311 26.478806 79.348892 0.254902 0.254902 0.254902
vn 0.391153 0.468363 0.792234
v -27.531570 -42.523212 121.017387 0.000000 0.000000 0.000000
vn 0.443772 0.819537 0.362527
v -2.416909 21.070110 85.163979 0.000000 0.000000 0.000000
vn -0.754219 0.365775 -0.545309
v 2.373803 -23.201752 24.083645 0.000000 0.000000 0.000000
vn 0.078592 0.579902 -0.810887
v 2.723905 -20.169727 26.406754 0.000000 0.000000 0.000000
vn -0.019355 0.885070 -0.465056
v -24.566174 24.064785 44.740047 0.000000 0.000000 0.000000
vn 0.262633 -0.557929 0.787235
v -11.540654 -46.878639 105.824127 0.000000 0.000000 0.000000
vn -0.298739 0.712124 0.635322
v -20.152651 13.246399 123.455475 0.000000 0.000000 0.000000
vn 0.054390 0.966434 -0.251090
v -18.946484 15.954414 111.860992 0.000000 0.000000 0.000000
vn 0.245185 -0.605557 -0.757090
v -12.168279 -48.820286 31.166279 0.000000 0.000000 0.000000
vn 0.050105 0.884594 0.463663
v -21.867098 24.011639 90.911522 0.000000 0.000000 0.000000
vn 0.116244 0.952175 -0.282579
v -20.501423 14.427596 107.179352 0.000000 0.000000 0.000000
vn 0.301335 -0.929502 0.212656
v -8.671878 -64.028481 78.480446 0.000000 0.000000 0.000000
vn 0.293792 -0.462601 0.836473
v -9.295766 -41.506702 108.516457 0.000000 0.000000 0.000000
vn -0.932240 0.306992 0.191532
v -37.018215 -52.257885 120.244507 0.000000 0.000000 0.000000
vn -0.379077 -0.854296 0.355637
v -36.178024 -59.717232 114.691208 0.000000 0.000000 0.000000
vn -0.256428 0.082649 0.963023
v -37.955624 -45.862431 96.895546 0.996078 0.996078 0.996078
vn -0.384802 0.455524 0.802761
v -37.045116 -49.915295 98.519363 0.321569 0.321569 0.321569
vn -0.256990 -0.956463 -0.138325
v -36.678318 -65.670616 60.537998 0.000000 0.000000 0.000000
vn -0.374934 0.180842 0.909242
v -42.928963 -10.630441 112.201904 0.000000 0.000000 0.000000
vn -0.631601 -0.723764 -0.277934
v -36.032784 -57.330578 101.223419 0.000000 0.000000 0.000000
vn -0.363570 -0.669432 0.647826
v -36.423210 -57.463097 118.274368 0.000000 0.000000 0.000000
vn -0.450642 0.545070 0.706980
v -46.971298 7.266097 102.195450 0.090196 0.090196 0.090196
vn -0.081877 -0.956355 0.280503
v -40.825089 -32.521652 109.109856 0.000000 0.000000 0.000000
vn -0.432199 0.452966 -0.779760
v -44.705299 3.168969 29.389139 0.000000 0.000000 0.000000
vn -0.554402 -0.008635 0.832204
v -50.975357 -19.526207 108.777328 0.000000 0.000000 0.000000
vn 0.366552 -0.714408 -0.596037
v -47.760406 -44.414093 31.022701 0.749020 0.749020 0.749020
vn -0.351641 -0.932365 -0.083927
v -41.854996 -64.349380 63.693573 0.000000 0.000000 0.000000
vn -0.429512 -0.901784 -0.048005
v -45.156551 -63.079239 65.708549 0.000000 0.000000 0.000000
vn -0.521160 -0.251243 -0.815641
v -49.776676 -31.898397 28.220558 0.000000 0.000000 0.000000
vn -0.096979 -0.194032 -0.976190
v -47.048561 -39.827805 29.122009 0.098039 0.098039 0.098039
vn -0.698792 0.067801 0.712105
v -58.514423 -15.107115 102.435661 0.333333 0.352941 0.368627
vn -0.763379 0.437315 0.475403
v -61.568157 2.809919 90.616943 0.156863 0.156863 0.156863
vn -0.762301 0.371970 0.529656
v -61.442902 -0.906061 93.855270 0.133333 0.415686 0.647059
vn -0.658705 -0.134050 0.740364
v -56.847210 -25.522953 103.631523 0.470588 0.619608 0.737255
vn -0.652050 -0.218539 0.725997
v -56.313156 -29.836735 103.055969 0.498039 0.490196 0.478431
vn -0.701409 0.058969 0.710315
v -58.738918 -16.194391 102.320015 0.352941 0.509804 0.643137
vn -0.763540 0.424872 0.486304
v -61.649521 1.725321 91.469864 0.341176 0.337255 0.337255
vn -0.619058 -0.285971 0.731429
v -55.579205 -31.951744 103.009117 0.125490 0.125490 0.125490
vn -0.862259 0.085581 0.499184
v -66.331055 -15.065165 92.356529 0.149020 0.149020 0.149020
vn -0.806935 -0.270588 0.525013
v -63.861019 -31.892395 93.346634 0.549020 0.549020 0.549020
vn -0.785290 -0.493724 -0.373572
v -59.769814 -60.030045 69.221458 1.000000 1.000000 1.000000
vn -0.592159 0.804347 0.048728
v -68.403427 -2.826561 84.485809 0.921569 0.831373 0.878431
vn -0.863807 0.076469 0.497986
v -59.889507 -57.795059 71.696899 0.996078 0.996078 0.996078
vn -0.819292 -0.382137 0.427471
v -59.941856 -59.705250 71.607071 1.000000 1.000000 1.000000
vn -0.608202 0.580883 -0.540986
v -69.244873 -2.073772 56.811577 0.901961 0.811765 0.858824
vn -0.800325 -0.428044 0.419830
v -63.741814 -39.366264 88.198097 0.000000 0.000000 0.000000
vn 0.828562 -0.495840 -0.260051
v 15.866911 -43.333706 54.548870 0.000000 0.000000 0.000000
vn 0.869692 -0.050365 -0.491018
v 5.059527 -24.945440 22.440983 0.000000 0.000000 0.000000
vn 0.737861 0.236869 -0.632023
v 15.367497 -24.275953 39.914833 0.000000 0.000000 0.000000
vn -0.279306 -0.488129 0.826872
v -40.434139 -30.224985 112.281204 0.000000 0.000000 0.000000
vn -0.390718 -0.709611 -0.586337
v 14.566578 -37.290417 36.733170 0.643137 0.643137 0.643137
vn -0.889170 -0.311316 0.335349
v -73.466125 -16.790751 62.349583 0.933333 0.866667 0.894118
vn -0.380829 0.135676 -0.914637
v -43.080463 -12.288375 23.262787 0.000000 0.000000 0.000000
vn -0.988057 -0.116206 -0.101189
v -72.684219 -20.017220 60.951923 0.145098 0.098039 0.054902
vn -0.528601 0.454317 0.717061
v -50.195683 3.268629 102.716866 0.643137 0.729412 0.807843
vn -0.506069 -0.501076 0.702009
v -52.547379 -43.809128 98.993721 0.000000 0.000000 0.000000
vn -0.873538 0.344854 -0.343522
v -19.864798 1.050016 119.665504 0.874510 0.874510 0.874510
vn 0.780749 0.050130 -0.622831
v 6.626304 -25.586351 25.330929 0.000000 0.000000 0.000000
vn -0.804446 0.103567 0.584928
v -63.966358 -13.349981 95.725700 0.266667 0.270588 0.262745
vn -0.521442 0.822953 0.225489
v -49.250561 21.583887 78.646851 0.000000 0.000000 0.000000
vn 0.074666 -0.636013 0.768058
v -50.125420 -37.665043 103.794434 0.000000 0.000000 0.000000
vn -0.771048 -0.260305 0.581142
v -61.804096 -31.821228 96.316833 0.705882 0.729412 0.745098
vn -0.734617 -0.399671 -0.548272
v -60.055386 -38.790745 41.068207 0.000000 0.000000 0.000000
vn -0.735947 0.631691 -0.243615
v -22.648932 -3.323314 119.320107 0.070588 0.070588 0.070588
vn 0.164889 0.548877 0.819479
v -37.430317 29.691597 78.312393 0.996078 0.996078 0.996078
vn -0.775722 0.618759 0.124067
v -70.354828 -2.416679 61.275852 0.305882 0.274510 0.294118
vn -0.956524 -0.291593 -0.005910
v -59.395496 -53.656132 70.220680 0.003922 0.003922 0.003922
vn -0.820006 -0.307689 0.482616
v -20.525940 7.214449 111.254524 0.788235 0.788235 0.788235
vn -0.706998 0.463563 0.534101
v -58.653305 3.675035 94.080482 0.137255 0.435294 0.682353
vn -0.803620 0.010127 0.595057
v -30.888098 -45.153008 101.524651 1.000000 1.000000 1.000000
vn -0.879090 0.198173 -0.433508
v -53.073208 -39.265598 31.993359 0.501961 0.501961 0.501961
vn -0.532635 0.727269 0.432874
v -50.296486 16.280773 89.463844 0.000000 0.000000 0.000000
vn -0.528002 0.827781 -0.189718
v -33.582615 -54.044353 111.742310 0.305882 0.305882 0.305882
vn -0.948817 0.315702 0.008853
v -37.614403 -53.537197 119.042206 0.000000 0.000000 0.000000
vn 0.837435 0.323068 -0.440829
v 16.429451 -3.196871 46.041393 0.000000 0.000000 0.000000
vn -0.939668 -0.255220 -0.227788
v -31.052250 -38.897419 113.734077 0.000000 0.000000 0.000000
vn 0.180996 0.645906 0.741651
v -32.959320 -2.697602 107.509056 0.333333 0.333333 0.333333
vn -0.841333 0.068324 0.536182
v -65.360062 -15.658912 94.027870 0.364706 0.474510 0.564706
vn -0.589489 -0.796694 0.133345
v -32.508232 -36.314365 107.025185 0.996078 0.996078 0.996078
vn -0.938319 -0.345751 0.003708
v -28.888494 -41.347015 109.393982 1.000000 1.000000 1.000000
vn -0.692956 -0.473530 -0.543674
v -72.569778 -7.658496 62.711952 0.913726 0.835294 0.874510
vn -0.729472 0.654264 0.199521
v -70.992722 -3.533791 62.799400 0.705882 0.639216 0.674510
vn -0.375993 0.520643 0.766525
v -43.316792 6.182858 105.108383 0.000000 0.000000 0.000000
vn -0.210654 0.078383 0.974413
v -28.288769 4.135647 104.587364 0.917647 0.917647 0.917647
vn 0.913709 -0.260261 0.312090
v 9.955840 -25.114668 28.749981 0.000000 0.000000 0.000000
vn 0.524460 0.194386 0.828948
v 20.345493 -30.327446 48.099361 0.054902 0.054902 0.054902
vn 0.392697 0.851679 -0.347033
v -5.262723 22.902668 51.534389 0.000000 0.000000 0.000000
vn -0.582115 0.534854 -0.612432
v -73.066444 -12.316521 61.677574 0.921569 0.831373 0.878431
vn 0.911428 -0.239210 -0.334781
v 19.995495 -30.402639 50.844025 0.000000 0.000000 0.000000
vn -0.696095 -0.276776 0.662455
v -58.167084 -32.522858 100.281273 0.470588 0.470588 0.470588
vn 0.946964 0.155393 -0.281270
v 21.878546 -11.729322 53.845329 0.000000 0.000000 0.000000
vn 0.741727 0.570017 0.353443
v 25.122122 -27.329462 42.363384 0.992157 0.992157 0.992157
vn 0.842840 -0.090238 -0.530545
v 26.333508 -32.749603 35.976692 1.000000 1.000000 1.000000
vn 0.264754 -0.962516 -0.058885
v -28.936308 -58.129955 100.009903 0.000000 0.000000 0.000000
vn -0.168540 -0.401699 -0.900129
v -32.804817 -38.133533 23.724682 0.000000 0.000000 0.000000
vn -0.729842 0.065784 -0.680444
v -31.315437 -45.551682 116.345833 0.298039 0.298039 0.298039
vn -0.850727 0.524143 -0.039220
v -32.238419 -40.129055 118.017220 0.000000 0.000000 0.000000
vn 0.018567 0.336423 0.941528
v -30.920242 -43.808632 122.546326 0.015686 0.015686 0.015686
vn -0.796498 0.576592 -0.182024
v -30.785620 -51.407135 112.160706 1.000000 1.000000 1.000000
vn -0.647608 -0.751795 0.124126
v -33.164040 -35.389038 109.673569 0.129412 0.129412 0.129412
vn -0.468508 0.880688 0.069926
v -43.679012 25.620255 72.627647 0.000000 0.000000 0.000000
vn -0.466617 0.800350 0.376440
v -46.281483 20.216429 87.050400 0.000000 0.000000 0.000000
vn -0.754219 0.387773 -0.529893
v -30.750101 -49.364799 114.238380 0.972549 0.972549 0.972549
vn -0.629790 -0.694595 0.347710
v -34.112244 -35.651016 104.970619 0.996078 0.996078 0.996078
vn -0.900066 -0.013168 -0.435554
v -32.026737 -40.768349 117.011452 0.000000 0.000000 0.000000
vn 0.348377 -0.901936 -0.255236
v -27.621578 -59.768604 107.270943 0.000000 0.000000 0.000000
vn 0.223158 0.523803 0.822090
v -39.722183 -2.458049 110.303894 0.000000 0.000000 0.000000
vn -0.553635 0.005520 0.832741
v -68.274368 -11.125515 89.590996 0.749020 0.686275 0.717647
vn -0.716724 0.695290 -0.053646
v -69.822311 -4.112852 82.766655 0.909804 0.831373 0.874510
vn -0.863069 -0.070376 0.500159
v -66.717728 -21.921661 91.822052 0.513726 0.631373 0.733333
vn -0.836587 -0.160089 0.523921
v -65.618439 -26.999470 92.566559 0.611765 0.737255 0.839216
vn -0.829965 0.121288 0.544470
v -67.129478 -13.073940 90.610962 0.000000 0.000000 0.000000
vn -0.877115 0.000428 0.480280
v -66.955742 -18.703152 91.570900 0.447059 0.474510 0.498039
vn -0.797014 -0.173443 -0.578521
v -70.164368 -4.831931 56.702721 0.901961 0.827451 0.858824
vn -0.792184 0.593656 0.141483
v -70.345398 -2.690163 62.492496 0.090196 0.078431 0.082353
vn -0.822253 -0.336115 0.459268
v -64.840492 -33.401543 90.994774 0.039216 0.039216 0.039216
vn -0.701554 0.703712 0.112299
v -70.279152 -2.106906 60.209263 0.552941 0.498039 0.525490
vn -0.721865 0.682923 -0.111929
v -69.597122 -3.969717 82.223839 0.494118 0.494118 0.494118
vn 0.179803 -0.315288 0.931807
v -18.142096 -0.805189 127.271858 0.000000 0.000000 0.000000
vn -0.332920 0.092894 0.938368
v -40.182735 -13.756954 113.731239 0.000000 0.000000 0.000000
vn -0.892992 -0.025122 0.449372
v -67.794075 -19.716845 89.995285 0.321569 0.321569 0.321569
vn 0.880563 -0.361006 -0.307057
v 18.523512 -36.800552 52.658260 0.000000 0.000000 0.000000
vn 0.784456 0.403110 0.471308
v 13.986052 0.282863 91.208611 0.000000 0.000000 0.000000
vn -0.360617 0.926007 -0.111650
v -36.267548 22.242931 43.782681 0.145098 0.145098 0.145098
vn 0.660609 0.116736 0.741598
v -24.409302 -46.760361 120.602440 0.000000 0.000000 0.000000
vn -0.273420 0.959451 -0.068526
v -38.274914 27.737516 65.063950 0.000000 0.000000 0.000000
vn 0.083581 -0.971057 -0.223746
v -20.772417 -66.391708 56.710743 0.000000 0.000000 0.000000
vn 0.270179 0.782703 -0.560695
v -36.409042 30.887083 73.061050 0.941177 0.941177 0.941177
vn -0.220130 0.900160 0.375839
v -36.780109 24.636641 85.904716 0.000000 0.000000 0.000000
vn 0.072660 -0.850488 -0.520952
v -20.695478 -60.626297 42.570404 0.000000 0.000000 0.000000
vn -0.619842 0.755494 0.212193
v -36.055969 22.718719 41.638748 0.850980 0.850980 0.850980
vn -0.000406 -0.617531 0.786546
v -40.674911 -37.492527 99.561440 0.701961 0.701961 0.701961
vn -0.479430 0.499224 0.721750
v -47.602356 5.588405 102.987907 0.345098 0.345098 0.345098
vn -0.361480 -0.099176 0.927090
v -41.786858 -23.186306 113.263893 0.000000 0.000000 0.000000
vn -0.419150 0.384685 0.822393
v -38.051170 -50.223267 98.226456 0.047059 0.047059 0.047059
vn -0.484902 0.519061 0.703879
v -47.771233 6.269245 102.396240 0.317647 0.317647 0.317647
vn -0.189819 0.201664 0.960885
v -38.861023 -47.234409 96.906563 0.509804 0.509804 0.509804
vn 0.013240 -0.943730 0.330451
v -41.500595 -33.348091 105.459999 0.000000 0.000000 0.000000
vn -0.303035 -0.930179 0.207211
v -38.534725 -64.629662 77.854561 0.000000 0.000000 0.000000
vn -0.087350 0.046112 0.995110
v -39.362114 -46.046078 96.640030 0.650980 0.650980 0.650980
vn -0.253381 0.314354 0.914866
v -38.253193 -48.376038 97.382317 0.431373 0.431373 0.431373
vn -0.433676 0.441237 0.785643
v -46.401466 1.839204 106.049583 0.058824 0.058824 0.058824
vn 0.064449 -0.786918 0.613682
v -41.108913 -35.687996 101.337990 0.074510 0.074510 0.074510
vn -0.164154 -0.229748 0.959307
v -39.526398 -42.524143 96.936714 0.996078 0.996078 0.996078
vn -0.411175 0.224139 0.883571
v -44.558899 -8.010601 110.883606 0.000000 0.000000 0.000000
vn -0.124485 -0.366821 0.921925
v -39.761337 -41.525139 97.256699 0.996078 0.996078 0.996078
vn 0.639422 -0.706257 -0.303877
v 5.870848 -29.206593 29.675451 0.000000 0.000000 0.000000
vn 0.582325 0.289875 -0.759520
v 4.530013 -4.592133 31.166861 0.000000 0.000000 0.000000
vn 0.682571 -0.375268 0.627113
v 9.511310 -36.679024 98.091583 0.000000 0.000000 0.000000
vn 0.663449 -0.338507 0.667269
v 7.356179 -36.017113 100.776825 0.000000 0.000000 0.000000
vn 0.237884 -0.394175 -0.887715
v -12.775472 -38.319584 24.497383 0.000000 0.000000 0.000000
vn -0.774843 -0.442527 0.451428
v -21.299238 8.762360 111.103180 0.254902 0.254902 0.254902
vn -0.869611 0.469140 0.153899
v -22.043940 15.424219 114.917580 0.000000 0.000000 0.000000
vn -0.865039 0.244705 -0.437980
v -20.033195 2.326669 121.055077 0.545098 0.545098 0.545098
vn -0.841647 -0.428863 0.328187
v -21.229521 10.162041 112.767456 0.070588 0.070588 0.070588
vn -0.915216 0.345261 -0.207783
v -19.793468 0.789544 119.184044 0.988235 0.988235 0.988235
vn 0.242444 -0.473351 -0.846853
v -12.690216 -42.440338 26.634853 0.000000 0.000000 0.000000
vn -0.387676 0.012706 0.921708
v -20.950918 2.324596 127.803596 0.000000 0.000000 0.000000
vn -0.093394 0.991236 -0.093431
v -22.900230 14.320013 106.317497 0.000000 0.000000 0.000000
vn 0.098291 -0.056591 0.993547
v -19.223816 -21.640816 116.347015 0.000000 0.000000 0.000000
vn 0.078445 0.189189 -0.978802
v -20.907242 -9.285210 20.107864 0.000000 0.000000 0.000000
vn -0.869982 0.275020 -0.409262
v -19.953962 1.911439 120.631577 0.643137 0.643137 0.643137
vn 0.257901 -0.828169 0.497617
v -11.800893 -58.642342 93.454536 0.000000 0.000000 0.000000
vn -0.814459 -0.289282 0.502964
v -21.012671 6.975515 110.299026 0.756863 0.756863 0.756863
vn -0.636612 0.532011 0.558291
v -55.369675 7.419030 94.662407 0.584314 0.611765 0.635294
vn -0.648697 0.569930 0.504353
v -55.953537 8.572939 92.766037 0.274510 0.274510 0.274510
vn 0.245864 -0.750380 0.613580
v -48.162819 -35.665573 105.398033 0.000000 0.000000 0.000000
vn 0.136915 -0.247621 -0.959134
v -49.080612 -42.274441 29.028517 0.996078 0.996078 0.996078
vn -0.649822 -0.443499 0.617284
v -56.532745 -40.706646 97.431900 0.000000 0.000000 0.000000
vn -0.733396 0.100186 0.672378
v -59.977158 -13.861373 100.752785 0.372549 0.411765 0.447059
vn -0.756836 0.249974 0.603914
v -61.355164 -6.743788 97.159836 0.298039 0.356863 0.403922
vn -0.677614 -0.291511 0.675175
v -56.932999 -33.259792 101.221252 0.211765 0.211765 0.211765
vn -0.733518 0.225884 0.641037
v -60.293598 -8.402452 99.070808 0.278431 0.274510 0.266667
vn -0.685646 -0.167670 0.708362
v -57.580315 -27.232002 102.601173 0.470588 0.650980 0.796079
vn -0.727621 0.173224 0.663747
v -60.314053 -9.294422 99.357201 0.078431 0.078431 0.078431
vn -0.757549 0.282006 0.588721
v -61.436081 -5.356345 96.436096 0.188235 0.407843 0.584314
vn -0.667917 -0.262726 0.696321
v -56.801659 -31.923780 101.884804 0.360784 0.360784 0.360784
vn -0.730595 0.041638 0.681540
v -59.573383 -16.376423 101.491013 0.211765 0.474510 0.698039
vn -0.931020 -0.183123 0.315703
v -69.647964 -27.572716 83.966980 0.000000 0.000000 0.000000
vn -0.509471 -0.660334 -0.551724
v -55.251991 -57.068348 65.257736 0.000000 0.000000 0.000000
vn 0.672975 0.590524 -0.445404
v -29.981255 21.765989 39.171627 0.592157 0.592157 0.592157
vn -0.735034 0.466886 0.491673
v -60.142464 3.897950 91.801003 0.396078 0.411765 0.423529
vn -0.435272 -0.838668 -0.327375
v -45.866631 -59.724762 51.675850 0.000000 0.000000 0.000000
vn -0.306308 -0.059068 -0.950098
v -38.949596 -21.864506 21.309656 0.000000 0.000000 0.000000
vn 0.967609 0.249138 0.040786
v 22.765251 -6.386191 69.659599 0.000000 0.000000 0.000000
vn -0.766112 -0.159820 -0.622519
v -61.961609 -25.951799 37.550709 0.121569 0.121569 0.121569
vn 0.979549 -0.100487 -0.174314
v 23.175228 -23.983755 57.860630 0.000000 0.000000 0.000000
vn 0.498907 0.703402 0.506278
v 7.968764 -21.441717 28.836033 0.000000 0.000000 0.000000
vn 0.959377 0.001882 0.282123
v 21.415688 -13.763327 81.507385 0.000000 0.000000 0.000000
vn -0.824719 0.329249 -0.459819
v -41.196445 28.995514 73.545715 0.972549 0.972549 0.972549
vn 0.783298 -0.566457 0.256069
v 12.424755 -48.492748 80.327538 0.000000 0.000000 0.000000
vn -0.737405 -0.163612 0.655336
v -59.715260 -26.855337 100.498604 0.000000 0.356863 0.647059
vn -0.833996 0.085248 0.545146
v -64.918533 -14.830196 94.585419 0.356863 0.427451 0.490196
vn -0.910116 -0.043824 -0.412029
v -71.767494 -8.078730 61.600471 0.086275 0.078431 0.074510
vn -0.664403 0.423411 0.615866
v -56.353951 2.415752 97.819405 0.000000 0.349020 0.647059
vn -0.937704 0.331342 0.104516
v -25.175905 -6.078667 120.574280 0.000000 0.000000 0.000000
vn -0.816491 -0.238534 0.525779
v -63.890450 -30.629345 93.907661 0.721569 0.749020 0.768628
vn -0.768657 -0.639119 0.026326
v -61.457359 -50.666626 69.203247 0.000000 0.000000 0.000000
vn -0.389482 -0.757808 0.523479
v -35.813183 -35.913223 102.695763 0.913726 0.913726 0.913726
vn 0.621635 -0.757118 -0.200854
v 6.096625 -56.011055 58.404575 0.000000 0.000000 0.000000
vn -0.442953 0.140139 0.885524
v -67.788948 -8.156339 89.582916 0.576471 0.549020 0.564706
vn 0.385176 0.210867 -0.898429
v -31.662767 20.922962 36.823872 0.811765 0.811765 0.811765
vn -0.606550 0.713150 -0.351445
v -69.414886 -1.635993 57.669048 0.788235 0.705882 0.749020
vn -0.905477 0.211864 -0.367730
v -72.320236 -14.902043 58.618290 0.078431 0.066667 0.070588
vn 0.079099 -0.889049 -0.450927
v -48.966038 -45.063103 31.266758 0.996078 0.996078 0.996078
vn -0.885400 -0.464384 0.020336
v -30.199718 -38.826782 109.680832 0.996078 0.996078 0.996078
vn 0.274291 0.824878 0.494309
v -11.222354 21.605572 91.612808 0.000000 0.000000 0.000000
vn -0.813421 0.560361 -0.156020
v -20.744463 -1.649551 117.815056 1.000000 1.000000 1.000000
vn -0.853894 0.438727 -0.279972
v -41.824959 27.524693 73.555786 0.674510 0.674510 0.674510
vn -0.640117 0.295356 -0.709235
v -55.123734 -4.033328 33.024052 0.000000 0.000000 0.000000
vn -0.934362 -0.351581 -0.057950
v -19.216410 8.403316 118.113457 0.623529 0.623529 0.623529
vn -0.999535 -0.027835 -0.012454
v -73.126472 -19.682688 66.908775 0.000000 0.000000 0.000000
vn -0.688391 -0.047566 0.723779
v -58.363937 -21.456053 102.720512 0.054902 0.411765 0.678431
vn 0.793043 0.609158 -0.003042
v 14.452310 10.694429 67.675377 0.000000 0.000000 0.000000
vn -0.485060 -0.386490 -0.784437
v 15.675415 -34.887142 34.080864 0.866667 0.866667 0.866667
vn -0.931152 0.227363 -0.285065
v -72.361252 -12.124601 60.879402 0.086275 0.074510 0.082353
vn -0.735942 -0.255247 0.627087
v -60.325699 -31.139874 98.448799 0.635294 0.713726 0.784314
vn 0.484494 -0.826202 -0.287500
v -0.571917 -59.408535 54.229153 0.000000 0.000000 0.000000
vn -0.867656 -0.471722 0.157005
v -21.649059 12.643271 115.820648 0.000000 0.000000 0.000000
vn -0.952394 0.085375 -0.292673
v -70.746185 -14.880422 53.219116 0.000000 0.000000 0.000000
vn -0.828022 -0.330429 -0.452987
v -70.983681 -6.071842 58.777355 0.784314 0.725490 0.749020
vn -0.862456 -0.447882 -0.235735
v -66.811829 -40.531158 57.042240 0.000000 0.000000 0.000000
vn -0.725959 0.668493 0.161559
v -71.227097 -3.606395 62.239117 0.921569 0.831373 0.878431
vn -0.924688 -0.130191 -0.357774
v -70.790833 -6.820938 58.859043 0.000000 0.000000 0.000000
vn -0.728706 0.681381 -0.068616
v -70.624496 -5.642591 79.168648 0.247059 0.231373 0.239216
vn -0.861371 -0.238209 0.448660
v -66.307907 -31.001728 89.603333 0.172549 0.172549 0.172549
vn -0.937963 -0.004913 -0.346699
v -70.031425 -19.191759 50.670780 0.000000 0.000000 0.000000
vn -0.736337 -0.249141 0.629076
v -68.832748 -15.615366 88.277367 0.890196 0.823529 0.839216
vn -0.757867 0.641174 -0.120552
v -70.552116 -5.295475 81.111816 0.905882 0.835294 0.870588
vn 0.732953 0.455662 0.505126
v 11.268374 3.253578 92.812637 0.000000 0.000000 0.000000
vn -0.118206 -0.992476 0.031929
v 16.294947 -39.344627 41.139214 0.631373 0.631373 0.631373
vn -0.234864 -0.963097 -0.131463
v 15.739262 -39.128052 40.017818 0.635294 0.635294 0.635294
vn -0.482747 -0.385642 -0.786279
v 15.006013 -34.920177 34.508289 0.780392 0.780392 0.780392
vn 0.649854 0.580189 -0.490990
v 7.608943 10.170937 45.152107 0.000000 0.000000 0.000000
vn -0.517687 -0.230885 -0.823828
v 14.986585 -34.017159 34.146732 0.784314 0.784314 0.784314
vn 0.587450 0.164936 -0.792275
v 13.505383 -25.703535 37.722050 0.000000 0.000000 0.000000
vn -0.438558 -0.046621 -0.897493
v 14.406593 -32.075146 34.142807 0.580392 0.580392 0.580392
vn 0.034800 0.382212 -0.923419
v -32.546421 21.284145 36.475903 1.000000 1.000000 1.000000
vn -0.084619 0.678620 -0.729599
v -28.718678 14.183349 32.257763 0.000000 0.000000 0.000000
vn 0.022732 0.941688 0.335718
v -33.036758 23.457882 42.251087 0.764706 0.764706 0.764706
vn 0.142745 0.978136 -0.151241
v -33.435574 29.345661 72.671547 0.000000 0.000000 0.000000
vn 0.558045 -0.011353 0.829733
v 2.524436 -19.685431 108.616386 0.000000 0.000000 0.000000
vn 0.672948 -0.728400 0.128744
v 8.296201 -54.704273 74.426125 0.000000 0.000000 0.000000
vn 0.414887 0.014908 -0.909751
v -0.447921 -21.584061 25.264717 0.000000 0.000000 0.000000
vn 0.338762 0.879284 0.334813
v -7.722951 24.052492 83.855133 0.000000 0.000000 0.000000
vn 0.637765 -0.472960 -0.607919
v 6.557993 -41.647568 37.529564 0.000000 0.000000 0.000000
vn 0.909655 0.295436 0.291969
v 19.872009 -4.116984 82.143883 0.000000 0.000000 0.000000
vn 0.461918 0.620648 0.633584
v 22.022987 -27.685577 45.828781 0.682353 0.682353 0.682353
vn 0.883975 0.339781 -0.321150
v 18.807640 -2.362822 52.051292 0.000000 0.000000 0.000000
vn 0.318353 0.883412 0.343852
v 21.618732 -25.410097 42.871635 0.749020 0.749020 0.749020
vn 0.358559 -0.059369 0.931617
v -15.946815 2.940883 127.379349 0.000000 0.000000 0.000000
vn 0.137599 0.981980 0.129543
v -17.792606 29.049545 73.955734 0.000000 0.000000 0.000000
vn 0.172346 0.961898 0.212247
v -19.836880 14.067737 104.433311 0.000000 0.000000 0.000000
vn 0.272161 0.959574 -0.071734
v -18.299994 13.625821 105.624962 0.000000 0.000000 0.000000
vn -0.278742 0.820904 0.498417
v -38.137486 21.165987 91.973885 0.000000 0.000000 0.000000
vn -0.800067 0.597133 -0.057669
v -41.123970 30.251944 75.109009 1.000000 1.000000 1.000000
vn -0.700771 0.533839 -0.473220
v -40.810852 28.066242 72.029022 0.564706 0.564706 0.564706
vn -0.318161 0.724766 0.611137
v -39.853088 16.137623 98.018532 0.000000 0.000000 0.000000
vn -0.314329 0.883555 0.347172
v -39.129429 25.653999 81.171204 0.000000 0.000000 0.000000
vn 0.370670 0.573976 0.730175
v -36.052059 -2.073406 108.185028 0.000000 0.000000 0.000000
vn -0.076966 -0.906887 0.414285
v -28.021902 -63.123737 88.375908 0.000000 0.000000 0.000000
vn 0.554046 -0.797782 -0.237858
v -24.804806 -56.735397 103.408096 0.000000 0.000000 0.000000
vn -0.346573 0.816680 0.461433
v -41.042740 20.716656 90.847565 0.000000 0.000000 0.000000
vn -0.562537 -0.798989 0.212531
v -33.764439 -35.468964 106.424477 0.792157 0.792157 0.792157
vn -0.705774 0.611475 -0.357745
v -31.411911 -51.805710 112.736954 0.996078 0.996078 0.996078
vn -0.706396 0.470475 -0.528828
v -31.631458 -50.684685 114.424240 0.666667 0.666667 0.666667
vn -0.524271 -0.837311 0.155084
v -33.988247 -35.000591 107.840141 0.384314 0.384314 0.384314
vn -0.696378 0.230297 -0.679722
v -31.836012 -47.690784 116.396263 0.262745 0.262745 0.262745
vn -0.535641 -0.835025 0.125784
v -34.196098 -34.737213 108.693764 0.109804 0.109804 0.109804
vn -0.218090 -0.756256 0.616858
v -40.503487 -31.635513 111.134743 0.000000 0.000000 0.000000
vn -0.489947 0.488217 0.722216
v -48.290123 4.769492 103.091599 0.486275 0.486275 0.486275
vn -0.134515 0.104153 0.985423
v -39.876835 -46.819794 96.660728 0.372549 0.372549 0.372549
vn -0.892303 0.435261 -0.119765
v -38.053928 -57.106094 113.124619 0.000000 0.000000 0.000000
vn -0.793088 -0.444553 0.416393
v -37.831913 -57.046162 117.379402 0.000000 0.000000 0.000000
vn -0.716639 -0.646664 0.261256
v -37.896832 -58.456451 114.648903 0.000000 0.000000 0.000000
vn -0.494881 0.520288 0.695984
v -48.521172 6.222701 101.901939 0.458824 0.458824 0.458824
vn -0.647322 -0.755452 0.101327
v -37.780334 -59.782135 110.945175 0.000000 0.000000 0.000000
vn -0.641916 0.525519 0.558368
v -55.873329 5.824677 95.604126 0.247059 0.513726 0.729412
vn -0.136427 -0.336063 -0.931906
v -50.740421 -42.936985 29.070309 1.000000 1.000000 1.000000
vn 0.382676 -0.404106 0.830817
v -49.507759 -42.456444 100.241531 0.000000 0.000000 0.000000
vn 0.432992 -0.602216 0.670711
v -49.032944 -38.898857 102.214607 0.000000 0.000000 0.000000
vn 0.520360 -0.770261 -0.368677
v 1.046670 -56.407673 49.358875 0.000000 0.000000 0.000000
vn 0.579666 -0.630805 -0.515822
v 3.840793 -49.345192 41.937790 0.000000 0.000000 0.000000
vn 0.564777 -0.820453 0.088786
v 3.154608 -59.190392 71.299400 0.000000 0.000000 0.000000
vn 0.697252 -0.454922 -0.553972
v 10.522114 -40.408493 41.137810 0.000000 0.000000 0.000000
vn 0.268192 0.944603 -0.189202
v 5.090279 -19.852688 27.616423 0.000000 0.000000 0.000000
vn 0.525969 0.765254 -0.371138
v 1.328155 18.379169 49.604458 0.000000 0.000000 0.000000
vn 0.081236 0.971793 -0.221400
v -20.414150 28.551600 57.289810 0.000000 0.000000 0.000000
vn 0.423957 -0.856387 0.294723
v -3.308871 -60.550117 82.515663 0.000000 0.000000 0.000000
vn 0.329269 -0.461352 -0.823855
v -8.181510 -41.503048 27.629385 0.000000 0.000000 0.000000
vn 0.411755 -0.583850 -0.699698
v -4.452312 -47.601318 33.628975 0.000000 0.000000 0.000000
vn 0.177587 0.923977 0.338717
v -15.178130 25.816730 84.987328 0.000000 0.000000 0.000000
vn 0.245573 -0.381915 0.890974
v -16.848310 -40.699936 110.967278 0.000000 0.000000 0.000000
vn -0.911156 0.185653 0.367870
v -21.787100 4.209402 126.310471 0.000000 0.000000 0.000000
vn 0.139490 -0.370282 -0.918386
v -17.963076 -37.371696 23.067671 0.000000 0.000000 0.000000
vn -0.754284 0.523618 -0.396080
v -21.687300 -1.230755 120.985733 0.176471 0.176471 0.176471
vn -0.701069 -0.181914 0.689500
v -58.613163 -27.665020 101.451149 0.356863 0.584314 0.776471
vn -0.743706 0.067299 0.665111
v -60.490257 -15.295571 100.391647 0.254902 0.501961 0.705882
vn -0.742284 0.110481 0.660915
v -60.535751 -12.921370 99.983978 0.250980 0.235294 0.223529
vn -0.786140 0.307597 0.536067
v -62.554939 -3.879788 94.130302 0.301961 0.341176 0.372549
vn -0.855221 0.497726 -0.144453
v -66.035164 5.335686 60.572277 0.000000 0.000000 0.000000
vn -0.631193 -0.365297 0.684218
v -56.118439 -35.520428 101.002266 0.000000 0.000000 0.000000
vn 0.358864 -0.880003 -0.311146
v -54.329800 -59.962273 69.109749 0.431373 0.431373 0.431373
vn 0.333173 -0.910066 0.246527
v -53.914158 -59.882248 71.064247 0.431373 0.431373 0.431373
vn -0.699485 -0.126905 0.703290
v -58.532078 -25.883175 101.952103 0.117647 0.443137 0.698039
vn -0.689554 -0.576290 -0.438640
v -57.847519 -47.240562 46.388802 0.000000 0.000000 0.000000
vn -0.490610 0.025865 -0.870995
v -50.085236 -37.637035 29.871738 0.070588 0.070588 0.070588
vn -0.873637 -0.083067 -0.479436
v -66.932243 -23.523796 44.439102 0.000000 0.000000 0.000000
vn -0.745942 0.160889 0.646286
v -60.949810 -12.558697 99.457390 0.094118 0.090196 0.090196
vn 0.916921 -0.244511 0.315388
v 18.769096 -34.493389 80.568924 0.000000 0.000000 0.000000
vn -0.981476 -0.191262 -0.011079
v -38.428440 -58.877956 109.877800 0.000000 0.000000 0.000000
vn -0.483043 -0.875040 -0.031210
v -47.769093 -61.805271 67.415672 0.000000 0.000000 0.000000
vn 0.378477 -0.087922 -0.921425
v -1.458841 -24.002796 24.940533 0.000000 0.000000 0.000000
vn 0.387206 0.901782 -0.191993
v -5.433732 25.104195 58.603252 0.000000 0.000000 0.000000
vn -0.989152 -0.111395 0.095754
v -28.222427 -44.213955 108.333740 1.000000 1.000000 1.000000
vn -0.352069 0.210694 0.911951
v -27.306313 4.014960 104.876152 0.988235 0.988235 0.988235
vn 0.798417 0.385969 -0.462123
v 14.546998 0.334665 45.449066 0.000000 0.000000 0.000000
vn 0.933980 0.098814 -0.343391
v 21.313175 -14.894838 51.011753 0.000000 0.000000 0.000000
vn 0.224626 0.340086 -0.913173
v -13.358991 -1.889274 23.411760 0.000000 0.000000 0.000000
vn 0.332375 0.095652 0.938284
v -8.452250 -15.249687 113.862991 0.000000 0.000000 0.000000
vn -0.962760 -0.268065 0.035141
v -21.298855 12.582627 118.977692 0.000000 0.000000 0.000000
vn -0.926602 0.336270 0.168320
v -35.265903 -47.825901 121.287773 0.027451 0.027451 0.027451
vn 0.728205 -0.150183 0.668702
v -18.736128 -43.639496 111.186050 0.000000 0.000000 0.000000
vn -0.803309 -0.426387 0.415798
v -73.415207 -10.668522 67.024681 0.925490 0.843137 0.882353
vn -0.495408 0.363145 -0.789111
v -51.384769 -39.829582 29.721270 0.839216 0.839216 0.839216
vn 0.946606 -0.290814 0.139160
v 19.721668 -37.710590 73.335152 0.000000 0.000000 0.000000
vn 0.407486 0.779854 -0.475166
v -4.391164 19.074789 44.639023 0.000000 0.000000 0.000000
vn -0.716288 -0.134078 -0.684802
v -59.389462 -25.681553 34.530727 0.000000 0.000000 0.000000
vn 0.980471 -0.003973 -0.196623
v 23.455345 -19.707090 58.039463 0.000000 0.000000 0.000000
vn -0.763845 0.246124 -0.596628
v -52.762459 -38.736958 31.719599 0.400000 0.400000 0.400000
vn -0.748227 0.446180 0.490999
v -60.792534 2.916183 91.733337 0.400000 0.415686 0.427451
vn 0.784485 0.575025 -0.232227
v 14.119858 8.763996 56.121696 0.000000 0.000000 0.000000
vn 0.705860 0.558406 0.435826
v 10.394176 8.261338 88.706413 0.000000 0.000000 0.000000
vn 0.991071 -0.118978 0.060192
v -8.055321 0.412278 112.492355 0.000000 0.000000 0.000000
vn -0.974779 -0.098685 -0.200169
v -72.273163 -20.417156 58.705406 0.086275 0.066667 0.050980
vn -0.920017 -0.322458 -0.222689
v -36.957054 -56.729256 102.490784 0.000000 0.000000 0.000000
vn 0.429471 0.885565 0.176999
v -35.951607 31.187597 75.664177 0.996078 0.996078 0.996078
vn 0.268780 -0.696164 0.665668
v 18.099747 -36.811440 47.062920 0.113725 0.113725 0.113725
vn -0.149159 -0.936891 0.316208
v -31.358940 -64.897034 82.884140 0.000000 0.000000 0.000000
vn 0.224041 -0.735314 0.639624
v 18.130604 -37.192425 46.638046 0.258824 0.258824 0.258824
vn 0.267001 0.573226 -0.774676
v -11.654130 8.871087 29.761522 0.000000 0.000000 0.000000
vn 0.291771 -0.806681 -0.513941
v -10.289984 -58.093143 42.214878 0.000000 0.000000 0.000000
vn -0.793312 0.273260 0.544045
v -30.872757 -36.427261 115.329887 0.000000 0.000000 0.000000
vn -0.920400 -0.307573 -0.241379
v -69.412277 -33.300476 55.669220 0.000000 0.000000 0.000000
vn -0.912518 -0.405502 0.053654
v -68.842575 -38.825977 70.890724 0.000000 0.000000 0.000000
vn -0.679920 0.729050 0.078711
v -72.486443 -6.640711 68.143021 0.921569 0.831373 0.878431
vn -0.331484 -0.435489 -0.836939
v -44.751705 -40.634762 29.041172 0.000000 0.000000 0.000000
vn -0.812653 0.100197 0.574070
v -64.187370 -13.887268 95.511169 0.345098 0.384314 0.419608
vn 0.526495 -0.193162 0.827944
v 1.338588 -28.313944 108.324226 0.000000 0.000000 0.000000
vn 0.356104 0.598733 -0.717432
v -6.297880 10.135141 32.983036 0.000000 0.000000 0.000000
vn 0.575815 0.653464 0.491347
v 4.252945 12.970522 91.248604 0.000000 0.000000 0.000000
vn 0.775159 -0.630798 -0.034956
v 13.805595 -49.411079 65.749565 0.000000 0.000000 0.000000
vn 0.816122 -0.550663 0.175259
v 14.642398 -47.218788 75.454651 0.000000 0.000000 0.000000
vn 0.465373 -0.454793 0.759336
v -16.854559 -44.462318 109.165634 0.000000 0.000000 0.000000
vn 0.058010 -0.235901 0.970044
v -20.463293 -29.952133 115.246918 0.000000 0.000000 0.000000
vn -0.114623 0.973130 -0.199698
v -29.828516 28.472614 57.647865 0.000000 0.000000 0.000000
vn 0.330712 0.859535 -0.389652
v -29.499641 21.970787 40.506878 0.305882 0.305882 0.305882
vn 0.118821 -0.760123 -0.638822
v -18.954681 -56.396233 36.935894 0.000000 0.000000 0.000000
vn 0.308436 0.615060 -0.725650
v -29.344299 19.839245 37.897171 0.125490 0.125490 0.125490
vn 0.190289 -0.841615 -0.505445
v -14.554632 -60.114098 43.433586 0.000000 0.000000 0.000000
vn -0.985537 -0.162911 -0.046664
v -71.570168 -11.024607 79.087486 0.227451 0.200000 0.196078
vn -0.840323 -0.219617 -0.495607
v -72.412315 -8.129600 62.796806 0.760784 0.698039 0.729412
vn -0.843995 0.528708 0.090223
v -72.749451 -7.478715 77.847656 0.925490 0.835294 0.882353
vn -0.903575 -0.405810 0.137366
v -71.000992 -14.195765 84.566254 0.921569 0.831373 0.878431
vn 0.751052 0.544893 -0.372844
v 12.114647 7.786188 49.371658 0.000000 0.000000 0.000000
vn 0.179955 -0.983651 -0.006886
v 20.786125 -39.744232 40.024452 0.996078 0.996078 0.996078
vn 0.791633 0.599517 0.117882
v 14.166051 10.560629 73.485344 0.000000 0.000000 0.000000
vn 0.025335 -0.930714 -0.364869
v 19.358084 -39.262714 37.042332 0.992157 0.992157 0.992157
vn -0.910225 0.328911 -0.251610
v -37.223701 21.103519 39.497711 0.811765 0.811765 0.811765
vn -0.049529 0.720464 -0.691721
v -37.972546 30.477821 72.191330 0.949020 0.949020 0.949020
vn 0.088766 0.803896 -0.588108
v -37.250225 30.357706 72.085625 0.886275 0.886275 0.886275
vn 0.706620 -0.694293 -0.136548
v -23.224224 -56.945084 108.341362 0.000000 0.000000 0.000000
vn -0.185908 0.630930 -0.753237
v -37.881886 30.027920 71.773384 0.843137 0.843137 0.843137
vn 0.463431 0.524054 -0.714562
v -1.772766 6.627717 32.917419 0.000000 0.000000 0.000000
vn 0.506111 0.145495 0.850107
v -0.051873 -12.271608 109.689262 0.000000 0.000000 0.000000
vn 0.491147 0.450772 -0.745372
v -0.603952 2.815260 31.126860 0.000000 0.000000 0.000000
vn 0.428244 0.880694 0.202448
v -3.556044 24.113188 77.644073 0.000000 0.000000 0.000000
vn 0.689118 -0.496092 0.528213
v 8.866349 -43.414616 93.886597 0.000000 0.000000 0.000000
vn -0.733499 -0.006526 -0.679660
v 1.861656 -24.780218 24.217707 0.000000 0.000000 0.000000
vn 0.302208 -0.901952 0.308470
v -8.537072 -62.450111 83.584938 0.000000 0.000000 0.000000
vn 0.369655 -0.706169 0.603887
v -15.662101 -5.875460 122.794930 0.000000 0.000000 0.000000
vn 0.174766 0.038559 0.983855
v -16.284592 -16.737576 115.949142 0.000000 0.000000 0.000000
vn 0.022376 0.921869 -0.386856
v -23.261871 26.231441 49.462814 0.000000 0.000000 0.000000
vn 0.256822 -0.200843 0.945360
v -11.101946 -28.622379 113.878670 0.000000 0.000000 0.000000
vn -0.391306 0.876384 -0.280766
v -43.191017 24.093767 54.613091 0.000000 0.000000 0.000000
vn -0.746547 0.663345 -0.051400
v -31.846106 -52.974033 110.198280 0.996078 0.996078 0.996078
vn -0.679059 0.561085 -0.473353
v -32.105316 -51.585804 114.159218 0.537255 0.537255 0.537255
vn -0.454716 -0.875267 0.164743
v -35.009544 -34.493526 107.323601 0.203922 0.203922 0.203922
vn -0.466132 -0.794945 0.388309
v -35.065632 -35.538204 104.041100 0.917647 0.917647 0.917647
vn -0.498105 0.440681 0.746788
v -48.974525 2.555250 104.025970 0.627451 0.623529 0.623529
vn -0.520646 0.472257 0.711267
v -49.574512 4.035401 102.676323 0.701961 0.725490 0.741176
vn -0.515508 0.530504 0.672917
v -49.521706 6.768332 100.745308 0.580392 0.580392 0.580392
vn -0.498403 0.416832 0.760161
v -48.834240 0.935060 105.032265 0.545098 0.545098 0.545098
vn -0.469008 -0.718958 -0.512963
v -46.807236 -54.154610 42.462952 0.000000 0.000000 0.000000
vn -0.445624 0.223557 -0.866857
v -51.359737 -40.515297 29.409737 0.996078 0.996078 0.996078
vn -0.642584 0.270366 0.716930
v -55.643715 -5.269533 102.651894 0.129412 0.443137 0.694118
vn -0.668689 0.461944 0.582634
v -56.247856 4.822455 96.073959 0.000000 0.364706 0.650980
vn -0.630956 0.357420 0.688582
v -55.025875 -3.546606 102.559555 0.000000 0.352941 0.647059
vn -0.824861 0.441357 0.353281
v -64.583412 2.269256 85.455399 0.000000 0.000000 0.000000
vn -0.817633 0.264076 0.511605
v -63.342548 -5.303378 93.810219 0.043137 0.043137 0.043137
vn -0.708115 -0.257680 0.657399
v -59.018032 -31.518826 99.783997 0.647059 0.666667 0.678431
vn -0.624769 -0.722377 0.296370
v -55.060101 -54.093147 82.156311 0.000000 0.000000 0.000000
vn -0.813348 0.327896 0.480572
v -63.697189 -2.798843 91.708633 0.043137 0.043137 0.043137
vn -0.713292 -0.223002 0.664443
v -59.282612 -29.780764 100.123856 0.549020 0.701961 0.827451
vn -0.784349 0.160694 0.599144
v -62.642735 -12.393765 97.342804 0.113725 0.113725 0.109804
vn 0.226282 -0.383181 0.895527
v -12.144793 -37.148659 111.543129 0.000000 0.000000 0.000000
vn 0.843740 -0.498720 0.198449
v -21.220850 -54.222099 112.035522 0.000000 0.000000 0.000000
vn 0.665062 0.721505 0.192675
v 7.693897 16.698486 77.118866 0.000000 0.000000 0.000000
vn 0.645265 0.519309 0.560313
v 7.229124 6.606796 94.885941 0.000000 0.000000 0.000000
vn -0.935233 -0.343150 0.087105
v -18.979067 7.809976 116.842224 0.996078 0.996078 0.996078
vn -0.331561 -0.783055 0.526205
v -36.381142 -35.752048 102.537415 0.823529 0.823529 0.823529
vn 0.372015 0.922797 0.100258
v -31.908503 23.587275 40.657173 0.996078 0.996078 0.996078
vn -0.464356 -0.368392 -0.805394
v 12.824345 -34.811546 35.766537 0.066667 0.066667 0.066667
vn 0.784668 0.593270 -0.179799
v -10.913494 9.417566 108.018585 0.000000 0.000000 0.000000
vn 0.719109 0.203969 0.664288
v 11.220610 -9.540502 99.987968 0.000000 0.000000 0.000000
vn 0.926612 -0.324107 0.190644
v -20.359606 -52.006828 113.069008 0.000000 0.000000 0.000000
vn 0.650344 -0.622140 0.435885
v 7.314507 -49.083588 89.588371 0.000000 0.000000 0.000000
vn -0.832392 -0.189285 0.520859
v -30.695671 -42.868244 102.210747 1.000000 1.000000 1.000000
vn -0.560759 -0.325257 0.761418
v -51.870228 -34.312031 105.151764 0.000000 0.000000 0.000000
vn -0.716019 -0.186315 0.672758
v -59.191448 -27.653456 100.849243 0.223529 0.509804 0.733333
vn -0.691665 0.519620 0.501591
v -25.101507 13.203883 106.103935 0.000000 0.000000 0.000000
vn 0.870912 -0.339719 0.355110
v 14.779539 -39.422588 87.294403 0.000000 0.000000 0.000000
vn -0.839160 -0.001731 0.543882
v -67.950592 -14.742844 89.463005 0.000000 0.000000 0.000000
vn -0.713461 -0.698546 0.054836
v -31.725994 -36.893215 107.918884 0.996078 0.996078 0.996078
vn 0.530495 0.836052 -0.139975
v 1.405589 21.928322 60.875107 0.000000 0.000000 0.000000
vn -0.543645 0.518349 0.660124
v -50.840794 6.255031 100.096466 0.717647 0.760784 0.800000
vn -0.930902 -0.354146 -0.089451
v -71.574364 -12.782115 82.964172 0.921569 0.831373 0.878431
vn -0.872652 0.487350 -0.031111
v -29.456196 -50.126732 109.401062 1.000000 1.000000 1.000000
vn 0.480936 -0.871277 0.097865
v -1.105476 -61.690651 72.694847 0.000000 0.000000 0.000000
vn -0.713324 -0.618326 0.329911
v -31.868896 -37.978615 104.420471 1.000000 1.000000 1.000000
vn 0.572615 0.418264 -0.705101
v 3.652173 1.223591 33.273533 0.000000 0.000000 0.000000
vn 0.950383 0.051013 0.306870
v 20.256350 -12.012291 85.179367 0.000000 0.000000 0.000000
vn 0.443218 -0.848113 -0.290280
v -54.735954 -60.295837 69.512733 0.643137 0.643137 0.643137
vn 0.749863 0.609807 -0.256595
v -11.104357 11.600950 111.562836 0.000000 0.000000 0.000000
vn -0.960448 -0.263760 -0.089275
v -71.131775 -32.339108 63.590652 0.000000 0.000000 0.000000
vn -0.955420 -0.179718 0.234253
v -71.207596 -27.275585 78.631149 0.000000 0.000000 0.000000
vn -0.431529 -0.635498 -0.640254
v 16.194170 -36.954041 35.192337 0.921569 0.921569 0.921569
vn -0.365923 -0.836524 -0.407833
v 16.718773 -38.417709 36.807858 0.929412 0.929412 0.929412
vn 0.676712 0.610622 -0.411342
v 8.623857 10.376922 46.912804 0.000000 0.000000 0.000000
vn -0.453700 -0.112368 -0.884042
v 15.750917 -33.356483 33.524151 0.874510 0.874510 0.874510
vn -0.489741 0.076617 -0.868495
v 15.593511 -31.286711 33.532967 0.788235 0.788235 0.788235
vn 0.719424 0.308086 -0.622504
v 10.943770 -4.073754 37.503342 0.000000 0.000000 0.000000
vn 0.012365 -0.947529 0.319431
v 17.059937 -38.882469 44.040146 0.443137 0.443137 0.443137
vn 0.766211 0.153237 -0.624051
v 13.158787 -11.576480 37.442295 0.000000 0.000000 0.000000
vn 0.552855 0.701690 0.449425
v -34.285252 29.453411 76.457123 0.517647 0.517647 0.517647
vn 0.740552 0.257122 0.620863
v -21.919970 -40.499462 114.399406 0.000000 0.000000 0.000000
vn -0.136220 0.486417 -0.863043
v -31.275045 5.118415 25.953144 0.000000 0.000000 0.000000
vn 0.406446 0.910130 0.080400
v 22.258442 -25.142252 41.358288 0.870588 0.870588 0.870588
vn 0.478450 0.562695 0.674136
v 22.838215 -27.973825 45.465801 0.819608 0.819608 0.819608
vn 0.507603 0.459072 0.729104
v 23.172495 -28.720919 45.760139 0.866667 0.866667 0.866667
vn 0.872104 0.488217 0.032855
v 18.358030 4.705712 69.008080 0.000000 0.000000 0.000000
vn -0.309251 0.415405 -0.855455
v -39.050072 1.318808 25.927380 0.000000 0.000000 0.000000
vn -0.877433 -0.357353 -0.320016
v -29.852598 -40.908890 112.835419 0.745098 0.745098 0.745098
vn -0.042886 -0.962288 0.268631
v -26.968920 -66.011009 80.715958 0.000000 0.000000 0.000000
vn -0.901015 -0.387343 -0.195287
v -30.161068 -39.347141 111.490166 0.650980 0.650980 0.650980
vn -0.874943 -0.009903 -0.484125
v -29.528164 -44.793026 114.013504 0.996078 0.996078 0.996078
vn -0.862825 -0.481238 -0.154735
v -30.156687 -39.133076 110.887932 0.721569 0.721569 0.721569
vn -0.874869 0.465225 0.134793
v -41.922958 27.722782 75.594177 0.858824 0.858824 0.858824
vn -0.858520 -0.263596 -0.439841
v -29.594421 -42.368652 113.301231 0.866667 0.866667 0.866667
vn -0.212600 0.113949 0.970472
v -30.668938 -34.005760 114.690292 0.000000 0.000000 0.000000
vn -0.213996 0.091684 0.972522
v -35.440781 -14.185706 115.158463 0.000000 0.000000 0.000000
vn -0.112567 -0.879428 -0.462530
v -29.225290 -62.419121 46.091763 0.000000 0.000000 0.000000
vn -0.923711 0.031638 0.381782
v -29.050558 -45.776985 104.736961 1.000000 1.000000 1.000000
vn 0.219086 0.769744 0.599580
v -33.942787 -5.230996 110.676003 0.000000 0.000000 0.000000
vn -0.628378 0.495062 0.600046
v -33.381443 -50.710644 101.795021 0.996078 0.996078 0.996078
vn -0.641571 0.705924 0.300097
v -32.791725 -52.644276 105.576752 0.996078 0.996078 0.996078
vn -0.451515 0.891948 0.023728
v -46.243122 24.661442 68.421341 0.000000 0.000000 0.000000
vn -0.611550 0.770921 -0.178007
v -32.523354 -53.289341 111.871216 0.674510 0.674510 0.674510
vn -0.558380 0.829585 -0.001220
v -32.710121 -53.645992 109.990524 0.729412 0.729412 0.729412
vn -0.695896 0.365445 0.618206
v -34.084450 -49.965031 100.521896 0.996078 0.996078 0.996078
vn -0.358875 -0.870146 0.337720
v -36.305538 -34.629406 104.716072 0.403922 0.403922 0.403922
vn -0.192773 -0.979998 0.049415
v -33.130478 -66.926781 70.595695 0.000000 0.000000 0.000000
vn 0.520074 0.187462 -0.833295
v 1.022136 -9.852924 27.121847 0.000000 0.000000 0.000000
vn 0.653701 -0.395463 -0.645200
v 7.473904 -38.643997 36.385235 0.000000 0.000000 0.000000
vn -0.901466 0.076382 -0.426058
v -19.230206 4.836671 120.187737 0.882353 0.882353 0.882353
vn 0.189416 -0.648065 0.737654
v -18.801693 -10.367144 117.046379 0.000000 0.000000 0.000000
vn -0.923904 -0.051504 -0.379143
v -19.362883 5.822174 120.526123 0.666667 0.666667 0.666667
vn 0.193592 -0.859468 0.473114
v -18.549356 -9.493372 118.194344 0.000000 0.000000 0.000000
vn 0.206299 0.075893 0.975541
v -17.663082 4.397880 127.854179 0.000000 0.000000 0.000000
vn 0.387264 -0.803369 0.452356
v -16.169313 -9.058599 117.357742 0.000000 0.000000 0.000000
vn 0.137098 0.281655 -0.949671
v -17.363848 -5.533494 21.393400 0.000000 0.000000 0.000000
vn -0.859648 -0.399497 0.318447
v -19.922771 8.194235 113.452278 0.847059 0.847059 0.847059
vn 0.046662 0.950235 0.308020
v -21.654533 27.221277 83.421341 0.000000 0.000000 0.000000
vn -0.849787 -0.485382 0.205588
v -20.091805 9.603360 115.099289 0.509804 0.509804 0.509804
vn -0.529399 0.473564 0.703899
v -50.213593 3.888945 102.304436 0.658824 0.749020 0.823529
vn -0.597902 0.792205 0.122165
v -53.820896 19.514278 73.795158 0.000000 0.000000 0.000000
vn -0.336970 0.024552 0.941195
v -40.452309 -52.422543 98.066460 0.000000 0.000000 0.000000
vn -0.528780 0.497908 0.687371
v -50.076694 5.335808 101.399979 0.721569 0.752941 0.780392
vn -0.534220 0.510547 0.673759
v -50.406563 5.842867 100.769951 0.713726 0.749020 0.776471
vn -0.632119 0.189687 0.751295
v -55.300022 -8.984243 104.198624 0.168627 0.168627 0.168627
vn 0.031974 -0.489749 0.871277
v -50.387680 -43.441685 99.891670 0.000000 0.000000 0.000000
vn -0.719006 0.294087 -0.629717
v -59.400131 -4.929475 36.906895 0.000000 0.000000 0.000000
vn -0.641055 0.234200 0.730889
v -55.558823 -7.181672 103.419914 0.537255 0.576471 0.607843
vn -0.682957 0.496313 0.535951
v -58.238174 4.836002 93.596039 0.301961 0.513726 0.690196
vn 0.387059 -0.839242 0.381915
v -55.716766 -60.636051 71.656853 0.996078 0.996078 0.996078
vn -0.727347 -0.242208 0.642107
v -59.744347 -30.944469 99.201248 0.627451 0.717647 0.788235
vn -0.718527 -0.305403 0.624859
v -59.167217 -34.058208 98.485504 0.321569 0.321569 0.321569
vn -0.766440 -0.101344 0.634271
v -61.594658 -25.224838 98.756279 0.000000 0.349020 0.643137
vn -0.839308 0.403021 0.364877
v -65.503967 -0.485167 86.345436 0.050980 0.047059 0.050980
vn -0.773103 0.055664 -0.631833
v -30.054777 -45.738567 114.770660 0.917647 0.917647 0.917647
vn -0.499073 0.866559 -0.000771
v -34.071342 -54.524624 110.379051 0.254902 0.254902 0.254902
vn -0.662798 0.692365 -0.285184
v -32.097187 -52.779984 112.215927 0.819608 0.819608 0.819608
vn 0.607341 0.776747 -0.166737
v -13.230530 14.025694 112.967751 0.000000 0.000000 0.000000
vn -0.674625 0.736845 0.044061
v -71.879562 -6.181909 71.507515 0.564706 0.509804 0.537255
vn 0.598733 0.651544 -0.465843
v 4.887851 12.652794 44.777786 0.000000 0.000000 0.000000
vn -0.689492 -0.364156 -0.626092
v -57.895023 -36.582436 37.028961 0.000000 0.000000 0.000000
vn -0.733214 0.655920 0.179350
v -71.674622 -5.249531 65.754593 0.619608 0.560784 0.588235
vn -0.404973 0.369561 -0.836314
v 16.441914 -29.743565 33.516563 0.819608 0.819608 0.819608
vn -0.267871 -0.839552 0.472649
v -37.257378 -35.223152 102.826981 0.556863 0.556863 0.556863
vn -0.993159 -0.106433 0.048035
v -38.252022 -57.655014 114.517929 0.000000 0.000000 0.000000
vn -0.893470 0.134885 -0.428389
v -59.821041 -57.904118 69.085724 0.890196 0.890196 0.890196
vn -0.801172 -0.303351 0.515851
v -63.414967 -33.890812 92.942093 0.243137 0.243137 0.243137
vn 0.901250 -0.429126 -0.059992
v 19.084179 -40.869785 64.094101 0.000000 0.000000 0.000000
vn -0.727939 0.092593 0.679362
v -60.080307 -14.370947 100.714806 0.388235 0.509804 0.615686
vn -0.698318 -0.060621 -0.713215
v -58.323467 -21.617487 32.885998 0.000000 0.000000 0.000000
vn 0.126298 0.896830 0.423963
v -18.400961 24.680960 88.884796 0.000000 0.000000 0.000000
vn 0.818749 -0.473673 0.324475
v -10.438034 -5.229385 114.985229 0.000000 0.000000 0.000000
vn -0.477271 0.458751 0.749506
v -47.805729 3.536081 104.202484 0.407843 0.407843 0.407843
vn 0.458883 -0.479071 0.748276
v -48.992134 -40.355724 101.111511 0.000000 0.000000 0.000000
vn -0.560778 0.510516 0.651845
v -51.534092 5.967723 99.744476 0.584314 0.717647 0.823529
vn -0.840536 0.406638 -0.357972
v -65.304558 0.837728 50.171589 0.000000 0.000000 0.000000
vn -0.903781 0.360559 -0.230599
v -29.426802 -49.278145 111.890770 1.000000 1.000000 1.000000
vn -0.681519 -0.296315 0.669126
v -57.618023 -33.113636 100.600624 0.313726 0.313726 0.309804
vn -0.926062 -0.092063 -0.365971
v -21.263584 6.716095 124.414017 0.000000 0.000000 0.000000
vn 0.884745 -0.050696 -0.463309
v 18.039200 -21.978783 43.734112 0.000000 0.000000 0.000000
vn -0.410860 -0.003792 0.911690
v -43.932289 -18.988647 112.606026 0.000000 0.000000 0.000000
vn -0.953448 0.182747 -0.239875
v -70.090317 -5.876086 56.917084 0.047059 0.035294 0.043137
vn 0.938183 -0.091407 -0.333853
v 21.080164 -23.841440 50.587990 0.000000 0.000000 0.000000
vn -0.783535 -0.216690 0.582338
v -62.901543 -29.733932 95.720497 0.529412 0.705882 0.843137
vn -0.697487 -0.215212 0.683517
v -58.371723 -29.741865 101.099823 0.588235 0.690196 0.776471
vn 0.616318 0.575685 0.537344
v -8.066223 6.437610 106.659019 0.000000 0.000000 0.000000
vn 0.436674 -0.265206 -0.859641
v -0.302382 -29.544371 26.617104 0.000000 0.000000 0.000000
vn 0.559083 -0.319220 0.765196
v 2.451946 -34.312836 105.711540 0.000000 0.000000 0.000000
vn 0.551083 -0.586809 -0.593264
v 2.815960 -47.643250 39.109745 0.000000 0.000000 0.000000
vn 0.620291 -0.768098 0.158946
v 6.078562 -56.269600 76.118088 0.000000 0.000000 0.000000
vn 0.606842 -0.426481 0.670713
v 5.146313 -39.812885 100.724327 0.000000 0.000000 0.000000
vn -0.000979 0.964495 -0.264100
v 19.593439 -24.856548 37.921638 0.760784 0.760784 0.760784
vn 0.996389 0.063229 0.056671
v 19.278027 -27.879190 47.768639 0.000000 0.000000 0.000000
vn -0.031224 0.090018 -0.995451
v 19.374514 -31.483137 32.272797 0.992157 0.992157 0.992157
vn 0.209258 0.643464 -0.736319
v -14.735251 12.836700 32.080418 0.000000 0.000000 0.000000
vn 0.368742 -0.217797 0.903656
v -6.017880 -29.222849 111.954185 0.000000 0.000000 0.000000
vn 0.369364 -0.312643 -0.875114
v -6.810035 -34.394764 24.951199 0.000000 0.000000 0.000000
vn 0.289973 -0.133616 -0.947662
v -10.319073 -26.055330 21.602571 0.000000 0.000000 0.000000
vn 0.755951 0.511146 0.408984
v -10.678647 9.565958 121.094452 0.000000 0.000000 0.000000
vn 0.697188 0.699156 0.158462
v -11.926578 13.052114 117.104767 0.000000 0.000000 0.000000
vn 0.363598 -0.791742 -0.490858
v -6.416018 -57.620811 43.959190 0.000000 0.000000 0.000000
vn -0.770348 0.446311 -0.455379
v -38.004189 19.474640 39.902924 0.243137 0.243137 0.243137
vn 0.052145 -0.988455 -0.142263
v -21.518078 -67.220261 60.610889 0.000000 0.000000 0.000000
vn -0.006208 -0.197917 0.980199
v -26.254559 -32.057919 114.903030 0.000000 0.000000 0.000000
vn 0.165238 0.253347 0.953159
v -33.149452 2.577718 104.742203 0.239216 0.239216 0.239216
vn 0.176785 0.754546 0.631987
v -32.454529 -4.051164 108.699944 0.090196 0.090196 0.090196
vn 0.172386 0.585875 0.791854
v -32.845230 -2.133228 107.015564 0.474510 0.474510 0.474510
vn 0.180653 0.317889 0.930758
v -33.047466 1.648213 105.004166 0.419608 0.419608 0.419608
vn 0.202212 0.543580 0.814636
v -33.501419 -1.209548 106.518707 0.388235 0.388235 0.388235
vn 0.457214 0.242372 0.855693
v -26.142401 -45.681442 121.620094 0.000000 0.000000 0.000000
vn -0.318037 0.741049 -0.591353
v -38.801037 28.768993 70.890366 0.466667 0.466667 0.466667
vn 0.341194 0.433824 -0.833896
v -7.919172 2.087528 26.934019 0.000000 0.000000 0.000000
vn 0.312039 0.933619 -0.176031
v -8.821411 26.479456 59.066357 0.000000 0.000000 0.000000
vn 0.355915 0.600731 0.715854
v -9.013571 9.291098 104.636597 0.000000 0.000000 0.000000
vn 0.791580 -0.167090 -0.587778
v 5.717669 -22.645363 22.890467 0.000000 0.000000 0.000000
vn 0.523935 0.780792 0.340377
v 1.253780 19.149069 84.540459 0.000000 0.000000 0.000000
vn 0.733451 0.146631 0.663738
v -11.420910 5.613887 124.257660 0.000000 0.000000 0.000000
vn 0.185949 0.801812 -0.567909
v -15.045592 19.962088 39.841057 0.000000 0.000000 0.000000
vn 0.519543 0.807573 0.279107
v -13.690345 13.966256 119.107208 0.000000 0.000000 0.000000
vn 0.131597 0.858451 -0.495726
v -17.877174 23.288563 44.269829 0.000000 0.000000 0.000000
vn -0.965548 0.118452 -0.231703
v -21.514034 6.028555 125.270531 0.000000 0.000000 0.000000
vn -0.881097 0.467533 0.071280
v -19.955423 -0.665298 115.098381 1.000000 1.000000 1.000000
vn -0.814863 0.435086 -0.383013
v -20.745611 -0.100175 120.484581 0.505882 0.505882 0.505882
vn -0.770193 -0.300622 0.562520
v -22.015118 7.275722 109.047409 0.447059 0.447059 0.447059
vn 0.203834 -0.740698 -0.640171
v -13.986741 -55.097656 36.628727 0.000000 0.000000 0.000000
vn -0.592105 0.199007 0.780902
v -20.881100 5.863570 127.272415 0.000000 0.000000 0.000000
vn -0.816367 0.393976 -0.422289
v -20.722757 0.553776 121.099281 0.333333 0.333333 0.333333
vn -0.735264 -0.398273 0.548422
v -21.975655 8.241899 109.636093 0.235294 0.235294 0.235294
vn 0.160839 0.035141 0.986355
v -17.495955 -12.754013 115.823486 0.000000 0.000000 0.000000
vn -0.724006 0.110656 -0.680860
v -59.716881 -13.243267 34.673416 0.000000 0.000000 0.000000
vn -0.731370 0.516360 0.445501
v -59.265293 6.567766 90.375206 0.066667 0.066667 0.066667
vn -0.506736 -0.565639 0.650593
v -51.619484 -46.503246 97.536179 0.000000 0.000000 0.000000
vn -0.744949 -0.286162 0.602629
v -60.726486 -32.864059 97.211716 0.568627 0.568627 0.568627
vn -0.459420 -0.238718 0.855539
v -57.052685 -56.714584 73.859879 0.368627 0.368627 0.368627
vn -0.857102 0.046332 -0.513059
v -65.809372 -17.091467 42.162697 0.000000 0.000000 0.000000
vn -0.799251 0.324187 0.506064
v -65.159454 -3.508495 89.668587 0.082353 0.074510 0.078431
vn -0.746917 -0.657251 -0.100678
v -60.211353 -51.848076 64.026329 0.000000 0.000000 0.000000
vn -0.744465 -0.312116 0.590217
v -60.622318 -34.115593 96.722351 0.356863 0.356863 0.356863
vn -0.683689 0.653292 0.325235
v -66.037560 -1.474413 86.749161 0.843137 0.760784 0.803922
vn -0.747268 -0.366336 0.554426
v -60.661743 -35.494041 95.915359 0.090196 0.090196 0.090196
vn -0.584989 0.523878 0.619144
v -65.898117 -2.485894 88.337372 0.921569 0.835294 0.878431
vn -0.895219 0.434114 0.100637
v -68.116776 2.069591 72.753967 0.000000 0.000000 0.000000
vn -0.732944 0.590213 0.338293
v -65.858452 -1.155685 86.525017 0.658824 0.588235 0.627451
vn -0.857006 0.174220 -0.484963
v -20.496725 3.820179 122.543266 0.098039 0.098039 0.098039
vn -0.831934 -0.343785 0.435544
v -70.361702 -14.412954 86.879356 0.925490 0.835294 0.882353
vn 0.807316 -0.427751 -0.406535
v 15.622723 -39.196484 48.342304 0.000000 0.000000 0.000000
vn 0.828949 -0.559324 0.000040
v 15.883059 -46.640282 67.378410 0.000000 0.000000 0.000000
vn 0.710844 0.662257 -0.236889
v -30.470551 22.418764 39.334724 0.796079 0.796079 0.796079
vn 0.681829 0.449290 -0.577277
v -30.233488 21.136396 38.115044 0.572549 0.572549 0.572549
vn -0.487313 0.820665 0.298390
v -24.707462 -5.005115 113.120018 0.537255 0.537255 0.537255
vn -0.068460 -0.895888 0.438975
v -32.446426 -60.080032 115.809357 0.000000 0.000000 0.000000
vn -0.512768 0.848851 -0.128535
v -49.595982 22.279028 61.111080 0.000000 0.000000 0.000000
vn -0.579426 0.589080 0.563250
v -34.317730 -51.260330 101.496170 0.662745 0.662745 0.662745
vn -0.595516 0.699116 0.395724
v -33.652382 -52.616703 104.145859 0.560784 0.560784 0.560784
vn -0.562688 0.553832 0.613719
v -34.403053 -50.635445 100.815796 0.756863 0.756863 0.756863
vn -0.545966 0.529717 0.649092
v -34.415943 -50.174377 100.412346 0.913726 0.913726 0.913726
vn -0.426982 -0.133779 0.894309
v -45.001938 -25.806389 111.578819 0.000000 0.000000 0.000000
vn 0.286965 -0.413182 0.864252
v -43.438923 -39.689342 98.278389 0.047059 0.047059 0.047059
vn -0.410613 -0.312664 0.856527
v -45.416691 -31.243759 110.065331 0.000000 0.000000 0.000000
vn 0.435952 0.208410 -0.875506
v -2.626598 -8.635971 25.319532 0.000000 0.000000 0.000000
vn 0.810615 0.448225 0.376824
v 15.529015 2.521448 86.105988 0.000000 0.000000 0.000000
vn 0.161878 0.833146 -0.528832
v -36.588387 30.293926 72.133339 0.788235 0.788235 0.788235
vn -0.387085 0.863342 0.323737
v -42.852367 23.416275 83.430740 0.000000 0.000000 0.000000
vn -0.814442 -0.293356 0.500626
v -69.056068 -16.037386 87.816452 0.945098 0.890196 0.913726
vn -0.889524 -0.214708 0.403295
v -19.985584 6.752238 111.905434 0.996078 0.996078 0.996078
vn -0.382591 -0.896106 -0.224983
v -44.056423 -62.516308 57.779129 0.000000 0.000000 0.000000
vn -0.650687 -0.078947 0.755231
v -55.949425 -22.892866 104.796539 0.450980 0.525490 0.592157
vn 0.306326 -0.407540 -0.860276
v -48.192059 -42.851540 29.547770 0.874510 0.874510 0.874510
vn 0.991821 -0.105553 0.071759
v 23.707735 -21.773499 67.041458 0.000000 0.000000 0.000000
vn -0.580487 -0.018594 -0.814057
v -52.758694 -19.751453 28.162283 0.000000 0.000000 0.000000
vn -0.775140 -0.271070 0.570682
v -62.112068 -32.084274 95.778458 0.694118 0.690196 0.690196
vn -0.767056 0.398282 0.502988
v -61.687748 0.526495 92.410622 0.341176 0.431373 0.505882
vn -0.857592 -0.224844 0.462580
v -66.069115 -30.189508 90.476006 0.376471 0.376471 0.376471
vn -0.787717 0.287306 0.544938
v -30.731838 -47.891800 102.526840 1.000000 1.000000 1.000000
vn -0.278093 -0.960248 -0.024238
v -38.396652 -65.747787 67.032852 0.000000 0.000000 0.000000
vn 0.998902 0.040100 0.024221
v 24.123446 -14.649050 67.490074 0.000000 0.000000 0.000000
vn -0.800519 -0.190048 -0.568375
v -70.716476 -5.055899 57.468163 0.925490 0.839216 0.882353
vn -0.910683 -0.102658 -0.400148
v -68.768440 -23.780697 48.156948 0.000000 0.000000 0.000000
vn -0.615624 -0.187020 0.765526
v -68.725716 -13.695487 89.028893 0.858824 0.788235 0.823529
vn -0.341664 0.549737 -0.762270
v 15.460465 -27.612921 35.138123 0.392157 0.392157 0.392157
vn -0.134861 -0.990269 0.034359
v 17.367043 -39.501537 40.853981 0.847059 0.847059 0.847059
vn -0.405043 -0.245802 -0.880637
v 16.786085 -34.414829 33.243610 0.952941 0.952941 0.952941
vn -0.298717 -0.829427 -0.472037
v 17.154945 -38.346863 36.266663 0.960784 0.960784 0.960784
vn -0.151496 -0.653281 -0.741804
v 18.112648 -37.144623 34.342789 0.992157 0.992157 0.992157
vn -0.226824 -0.959707 -0.165874
v 17.551977 -39.404060 38.959610 0.929412 0.929412 0.929412
vn -0.187614 0.647387 -0.738709
v -33.873322 12.913114 32.110775 0.000000 0.000000 0.000000
vn 0.383443 0.784546 -0.487298
v -35.534271 30.408245 72.991165 0.741176 0.741176 0.741176
vn 0.162913 -0.809269 0.564396
v -21.799234 -55.961674 99.805489 0.000000 0.000000 0.000000
vn 0.617115 0.734188 0.283084
v -35.367348 30.619577 75.968208 0.941177 0.941177 0.941177
vn 0.028152 -0.934081 -0.355949
v -22.439808 -64.686440 50.782806 0.000000 0.000000 0.000000
vn 0.108216 -0.909550 0.401258
v -18.914278 -63.258289 87.713875 0.000000 0.000000 0.000000
vn -0.178852 0.838120 0.515332
v -33.332546 22.070356 92.730698 0.000000 0.000000 0.000000
vn -0.069889 -0.222723 -0.972373
v -27.913588 -30.088123 20.429230 0.000000 0.000000 0.000000
vn -0.153287 0.583076 0.797826
v -33.957966 12.571091 103.806259 0.000000 0.000000 0.000000
vn -0.223009 0.868928 0.441850
v -35.157375 23.462296 89.437355 0.000000 0.000000 0.000000
vn 0.979158 -0.094416 0.179819
v 22.873121 -22.111849 74.022552 0.000000 0.000000 0.000000
vn 0.993507 -0.104238 -0.045588
v 23.769093 -23.283880 62.436878 0.000000 0.000000 0.000000
vn 0.439009 0.813493 -0.381445
v 23.074358 -25.886927 37.157211 0.988235 0.988235 0.988235
vn 0.524309 0.817442 0.238512
v 23.678503 -26.022264 42.008377 0.945098 0.945098 0.945098
vn 0.538950 0.692403 0.479700
v 23.784674 -26.739862 43.361343 0.929412 0.929412 0.929412
vn 0.939650 0.228965 -0.254229
v 21.237438 -7.156152 54.819469 0.000000 0.000000 0.000000
vn 0.905064 0.379782 -0.191376
v 19.936026 -0.454056 58.669247 0.000000 0.000000 0.000000
vn -0.775553 -0.075099 -0.626799
v -30.218782 -43.971771 114.965645 0.580392 0.580392 0.580392
vn -0.179203 -0.230926 -0.956326
v -32.805676 -30.472178 21.156675 0.000000 0.000000 0.000000
vn -0.873346 -0.477262 -0.097404
v -31.335554 -37.504967 111.835709 0.133333 0.133333 0.133333
vn 0.130131 0.618625 0.774835
v -37.039352 -5.392693 112.033752 0.000000 0.000000 0.000000
vn -0.821634 0.555421 0.128157
v -42.556625 26.430613 75.337013 0.305882 0.305882 0.305882
vn -0.624753 0.657260 0.421537
v -34.435734 -52.945446 103.531334 0.301961 0.301961 0.301961
vn -0.304004 -0.603062 -0.737494
v -39.230938 -48.324627 31.772985 0.000000 0.000000 0.000000
vn -0.111854 -0.929097 -0.352517
v -33.120544 -59.105396 102.568863 0.000000 0.000000 0.000000
vn -0.143574 -0.984013 -0.105378
v -31.638920 -66.979126 62.562435 0.000000 0.000000 0.000000
vn -0.535789 0.836915 -0.111818
v -34.407261 -54.702042 111.184311 0.000000 0.000000 0.000000
vn -0.499784 0.497517 0.709008
v -35.442230 -50.280880 99.693718 0.619608 0.619608 0.619608
vn -0.199688 -0.704944 0.680573
v -38.015453 -36.632183 100.693275 0.917647 0.917647 0.917647
vn -0.315531 -0.322348 0.892486
v -37.046959 -41.390671 97.762764 1.000000 1.000000 1.000000
vn -0.482430 0.873927 0.059265
v -34.813278 -54.835098 108.236137 0.262745 0.262745 0.262745
vn -0.216174 -0.956581 0.195503
v -35.434025 -65.440544 77.974777 0.000000 0.000000 0.000000
vn -0.556389 0.403539 0.726352
v -51.362492 0.917381 103.248993 0.294118 0.545098 0.749020
vn -0.559940 0.570807 0.600539
v -51.984509 8.231756 97.426567 0.607843 0.607843 0.603922
vn 0.094612 0.215647 0.971877
v -42.913055 -49.691746 97.379128 0.000000 0.000000 0.000000
vn -0.549247 -0.707473 -0.444757
v -51.758480 -53.314697 46.557693 0.000000 0.000000 0.000000
vn -0.986469 -0.065427 -0.150329
v -53.837437 -40.457199 33.725269 0.450980 0.450980 0.450980
vn -0.683631 0.236986 0.690280
v -57.871582 -7.600109 101.400436 0.462745 0.556863 0.639216
vn -0.875766 -0.482121 -0.024347
v -53.433575 -42.550610 35.546555 0.282353 0.282353 0.282353
vn -0.641738 -0.160006 0.750047
v -54.276180 -28.479698 105.177856 0.196078 0.196078 0.196078
vn -0.990741 -0.134305 0.019880
v -53.680241 -41.382576 33.024742 0.788235 0.788235 0.788235
vn -0.940438 -0.338955 0.026193
v -53.446762 -42.729298 33.115448 0.996078 0.996078 0.996078
vn -0.973072 -0.135831 -0.186227
v -53.624153 -41.933426 32.526062 0.992157 0.992157 0.992157
vn -0.783139 0.506427 0.360867
v -62.672169 5.808711 85.167763 0.000000 0.000000 0.000000
vn -0.986432 -0.159811 0.037578
v -53.744583 -41.237175 33.358471 0.698039 0.698039 0.698039
vn 0.291237 0.955586 0.045120
v 8.214972 -19.916317 26.207516 0.000000 0.000000 0.000000
vn 0.203477 -0.973617 -0.103285
v -14.306275 -66.428856 61.982315 0.000000 0.000000 0.000000
vn -0.714479 0.686444 -0.135330
v -22.174982 -3.316784 117.893532 0.423529 0.423529 0.423529
vn -0.813319 0.079965 0.576297
v -22.181034 0.724456 126.853470 0.000000 0.000000 0.000000
vn 0.247752 -0.932706 0.262065
v -12.275922 -64.719627 79.998520 0.000000 0.000000 0.000000
vn 0.230573 -0.488684 0.841442
v -15.524689 -42.808289 109.540848 0.000000 0.000000 0.000000
vn -0.022121 0.528589 -0.848590
v -25.552910 7.268643 26.688089 0.000000 0.000000 0.000000
vn 0.096283 0.118554 -0.988268
v -19.689566 -13.581383 19.519836 0.000000 0.000000 0.000000
vn -0.713481 0.691740 0.111538
v -22.027353 -3.338301 114.488411 0.823529 0.823529 0.823529
vn -0.364057 -0.705192 -0.608413
v -58.100708 -61.171638 69.221710 1.000000 1.000000 1.000000
vn -0.823144 0.090221 0.560620
v -64.600754 -13.987181 94.926514 0.282353 0.286275 0.282353
vn -0.510178 -0.098322 0.854431
v -57.870300 -56.694019 73.382744 0.490196 0.490196 0.490196
vn -0.523792 0.563478 0.638854
v -67.925766 -3.804791 88.058739 0.925490 0.835294 0.882353
vn -0.777289 -0.225783 0.587234
v -62.036152 -30.475271 96.595642 0.627451 0.756863 0.866667
vn -0.490794 -0.427743 0.759050
v -58.665298 -60.029930 72.569534 1.000000 1.000000 1.000000
vn -0.786103 -0.173507 0.593243
v -62.481396 -27.859432 96.928123 0.000000 0.388235 0.666667
vn -0.597886 0.734120 0.321870
v -68.438133 -3.063159 86.405708 0.925490 0.835294 0.882353
vn -0.517902 -0.086387 -0.851067
v -58.070053 -56.959332 67.386536 0.337255 0.337255 0.337255
vn -0.745098 -0.600575 0.290067
v -60.791470 -48.137474 82.137558 0.000000 0.000000 0.000000
vn 0.917853 0.360385 -0.166338
v 8.333835 -22.789389 30.556047 0.000000 0.000000 0.000000
vn -0.558053 0.304934 -0.771746
v -35.903980 20.773685 37.258396 0.996078 0.996078 0.996078
vn -0.977136 -0.178308 0.115806
v -73.173637 -8.634263 75.814957 0.925490 0.835294 0.882353
vn -0.709077 0.029927 0.704495
v -58.891560 -17.396343 102.244354 0.223529 0.486275 0.698039
vn -0.865744 0.084898 -0.493233
v -69.481781 -4.829527 55.666794 0.168627 0.137255 0.133333
vn -0.943460 -0.249665 -0.218059
v -19.049635 7.413243 118.908188 0.721569 0.721569 0.721569
vn -0.755188 -0.546979 -0.361254
v -61.197704 -45.616249 50.059628 0.000000 0.000000 0.000000
vn 0.445899 0.445764 0.776189
v -1.840707 3.394221 104.976341 0.027451 0.027451 0.027451
vn -0.281263 -0.923336 0.261424
v -34.702480 -58.177303 96.455444 0.000000 0.000000 0.000000
vn 0.882038 -0.080504 0.464250
v 26.425034 -33.088528 43.524258 0.996078 0.996078 0.996078
vn -0.043203 -0.115260 -0.992395
v -26.252991 -24.599670 19.363558 0.000000 0.000000 0.000000
vn -0.045418 -0.380151 -0.923809
v -46.001072 -41.455315 29.686705 0.050980 0.050980 0.050980
vn -0.457800 -0.580045 -0.673770
v 15.539096 -36.538910 35.248817 0.858824 0.858824 0.858824
vn 0.895132 0.437345 0.086419
v 18.941307 -26.041025 46.236454 0.000000 0.000000 0.000000
vn 0.079549 0.949307 -0.304119
v -20.536297 27.351746 52.826191 0.000000 0.000000 0.000000
vn 0.692623 0.665480 -0.278226
v 9.677297 13.054529 53.630554 0.000000 0.000000 0.000000
vn -0.705562 -0.224675 0.672089
v -69.135300 -13.865580 88.660225 0.925490 0.839216 0.882353
vn -0.972709 -0.210216 0.098217
v -71.800842 -29.347246 72.682220 0.000000 0.000000 0.000000
vn 0.817225 0.547114 -0.181131
v 15.779634 7.530081 59.135120 0.000000 0.000000 0.000000
vn -0.237542 -0.462251 -0.854341
v -36.060844 -41.250156 25.998302 0.000000 0.000000 0.000000
vn 0.925763 -0.358831 0.119179
v 18.932232 -40.488827 71.613899 0.000000 0.000000 0.000000
vn 0.635258 -0.592340 0.495560
v 6.274611 -48.124184 92.212608 0.000000 0.000000 0.000000
vn -0.295013 -0.176237 -0.939100
v -38.689587 -28.389587 22.117455 0.000000 0.000000 0.000000
vn -0.667148 0.739434 0.090287
v -71.866539 -6.514392 74.385139 0.909804 0.823529 0.870588
vn -0.917230 -0.189277 -0.350520
v -69.288765 -28.180244 51.188789 0.000000 0.000000 0.000000
vn -0.883854 -0.446352 0.139903
v -70.521606 -14.975044 85.065742 0.764706 0.698039 0.729412
vn -0.834669 0.545545 0.075556
v -73.035530 -6.008299 64.110634 0.925490 0.835294 0.882353
vn -0.695693 0.682160 0.225098
v -72.200394 -5.861907 66.016907 0.921569 0.831373 0.878431
vn -0.890964 -0.453291 0.026657
v -67.909294 -40.963982 69.111931 0.000000 0.000000 0.000000
vn -0.868223 -0.494049 -0.045884
v -66.927734 -42.697098 65.643982 0.000000 0.000000 0.000000
vn -0.314076 -0.882947 -0.348942
v 14.226665 -38.420605 39.010162 0.294118 0.294118 0.294118
vn 0.679355 0.445889 0.582804
v 8.615017 2.691954 96.626350 0.000000 0.000000 0.000000
vn 0.788527 -0.529554 -0.312728
v 14.496237 -44.622398 52.945541 0.000000 0.000000 0.000000
vn -0.412857 0.802961 0.429886
v -25.029808 -4.477460 111.541664 0.996078 0.996078 0.996078
vn -0.099410 0.995013 -0.008190
v -29.718546 29.530302 66.503479 0.000000 0.000000 0.000000
vn 0.118902 -0.991315 -0.056191
v -18.556627 -67.422096 65.308220 0.000000 0.000000 0.000000
vn 0.768621 -0.499721 0.399375
v -18.443630 -49.261230 107.496574 0.000000 0.000000 0.000000
vn 0.125083 -0.277145 0.952652
v -18.105581 -31.662434 114.563057 0.000000 0.000000 0.000000
vn 0.461669 0.345605 0.816957
v 20.488462 -28.910278 47.530781 0.109804 0.109804 0.109804
vn 0.411287 -0.218990 0.884809
v 21.137819 -33.466858 47.634304 0.670588 0.670588 0.670588
vn 0.202302 -0.889179 0.410408
v 21.115196 -38.899006 43.251507 0.980392 0.980392 0.980392
vn 0.813622 0.542535 0.208985
v 15.578261 7.405853 77.673927 0.000000 0.000000 0.000000
vn 0.347823 0.849053 0.397655
v 19.794342 -25.256582 44.205631 0.152941 0.152941 0.152941
vn -0.275936 0.907936 -0.315455
v -38.972904 28.121674 70.161125 0.000000 0.000000 0.000000
vn -0.132411 -0.150008 -0.979778
v -31.048632 -26.715162 20.080364 0.000000 0.000000 0.000000
vn 0.176531 0.647503 0.741335
v -28.343716 -36.862103 116.490875 0.000000 0.000000 0.000000
vn 0.343508 0.551046 0.760493
v -34.493443 -1.845339 107.231033 0.007843 0.007843 0.007843
vn -0.530363 0.611326 -0.587363
v -40.131435 29.873938 72.727089 0.996078 0.996078 0.996078
vn -0.271509 0.881936 -0.385320
v -36.953709 24.120552 48.708210 0.000000 0.000000 0.000000
vn 0.404728 0.869538 0.283019
v -5.001576 23.642475 81.824333 0.000000 0.000000 0.000000
vn -0.687735 -0.060644 -0.723424
v 3.153726 -24.812975 21.945578 0.000000 0.000000 0.000000
vn -0.109632 0.991600 -0.068633
v -20.160297 16.449949 114.470306 0.000000 0.000000 0.000000
vn 0.060082 0.765509 0.640614
v -18.813116 13.172871 123.796890 0.000000 0.000000 0.000000
vn 0.314530 -0.628769 0.711140
v -9.457636 -49.825356 102.656197 0.000000 0.000000 0.000000
vn 0.162733 -0.306799 -0.937759
v -16.007292 -33.381210 21.936440 0.000000 0.000000 0.000000
vn 0.059060 0.477945 -0.876402
v -21.216442 5.038984 25.412029 0.000000 0.000000 0.000000
vn 0.143030 0.048086 -0.988550
v -17.987648 -16.292675 19.485670 0.000000 0.000000 0.000000
vn -0.185030 -0.900101 -0.394438
v -33.399250 -62.838947 48.349007 0.000000 0.000000 0.000000
vn -0.439377 -0.509293 0.739979
v -36.456882 -55.291027 120.155396 0.000000 0.000000 0.000000
vn -0.188895 -0.511060 0.838532
v -38.433662 -38.966076 98.688438 1.000000 1.000000 1.000000
vn -0.314035 -0.943745 -0.103575
v -35.872650 -60.653198 108.836555 0.000000 0.000000 0.000000
vn -0.356474 -0.386748 -0.850501
v -42.115845 -38.040615 26.548504 0.000000 0.000000 0.000000
vn -0.456439 0.367700 -0.810223
v -47.006573 -0.719987 28.680695 0.000000 0.000000 0.000000
vn -0.574158 0.541786 0.613849
v -52.979435 6.815952 97.743187 0.549020 0.686275 0.800000
vn -0.591980 0.488062 0.641370
v -52.935184 5.112906 99.173737 0.176471 0.466667 0.705882
vn 0.242588 -0.319585 -0.915978
v -47.094486 -42.001663 29.658720 0.454902 0.454902 0.454902
vn -0.358449 -0.881522 0.307299
v -41.620819 -61.977131 83.257927 0.000000 0.000000 0.000000
vn -0.574277 0.485091 0.659464
v -52.238335 4.699238 100.109528 0.188235 0.482353 0.717647
vn -0.535307 -0.220354 0.815408
v -50.538300 -29.281628 107.742538 0.000000 0.000000 0.000000
vn -0.609382 0.792833 -0.008333
v -54.511272 19.415766 67.338310 0.000000 0.000000 0.000000
vn -0.786112 0.602354 -0.138556
v -62.960308 9.993449 60.606998 0.000000 0.000000 0.000000
vn -0.677195 0.058142 0.733503
v -57.369549 -16.002867 103.618324 0.274510 0.278431 0.278431
vn -0.734275 0.436983 0.519506
v -60.120136 1.728743 93.737320 0.098039 0.415686 0.670588
vn -0.646365 -0.148592 0.748421
v -55.565346 -26.385828 104.596237 0.505882 0.517647 0.525490
vn -0.785380 -0.232208 0.573810
v -62.608223 -30.372232 95.860077 0.647059 0.768628 0.862745
vn -0.681104 0.164843 0.713390
v -58.921791 -57.243782 72.663872 0.811765 0.811765 0.811765
vn -0.501985 -0.167467 -0.848508
v -58.758556 -59.266315 68.039223 0.992157 0.992157 0.992157
vn -0.830321 0.050432 0.554998
v -64.836678 -16.640018 94.931709 0.196078 0.466667 0.694118
vn -0.648914 0.753519 0.105453
v -67.881821 -2.422982 84.662109 0.866667 0.784314 0.827451
vn -0.809713 -0.109083 0.576599
v -64.563133 -25.463598 94.694221 0.000000 0.356863 0.647059
vn -0.545657 0.194373 0.815155
v -66.959747 -7.031677 89.832268 0.145098 0.137255 0.141176
vn 0.640257 0.082645 -0.763702
v 6.668671 -15.732901 30.247589 0.000000 0.000000 0.000000
vn -0.773253 0.296057 0.560741
v -62.140793 -4.673820 95.153549 0.258824 0.392157 0.501961
vn 0.572889 -0.809966 -0.125511
v -24.877003 -58.582146 109.412857 0.000000 0.000000 0.000000
vn -0.801702 -0.118037 -0.585953
v -63.095856 -24.783092 38.784695 0.066667 0.066667 0.066667
vn 0.968009 -0.244441 0.056625
v 21.710390 -33.375889 65.770874 0.000000 0.000000 0.000000
vn -0.856361 0.420697 -0.299433
v -35.881279 -49.866028 119.654381 0.007843 0.007843 0.007843
vn 0.986837 0.000208 0.161716
v -7.810370 3.661062 116.703888 0.000000 0.000000 0.000000
vn -0.960175 -0.010069 -0.279220
v -28.499043 -44.752209 111.987854 1.000000 1.000000 1.000000
vn 0.752991 -0.009506 0.657963
v -19.703142 -42.730499 112.449982 0.000000 0.000000 0.000000
vn 0.444210 0.137588 0.885295
v -2.907988 -12.814322 111.294510 0.000000 0.000000 0.000000
vn -0.185282 0.769259 0.611483
v -37.096775 27.173788 79.918411 0.152941 0.152941 0.152941
vn -0.341286 -0.855726 -0.388918
v 15.410402 -38.384151 37.866581 0.741176 0.741176 0.741176
vn -0.538154 0.421381 0.729951
v -50.504547 1.580906 103.514824 0.533333 0.678431 0.800000
vn 0.422677 0.446227 -0.788813
v -3.821318 3.430408 29.580179 0.000000 0.000000 0.000000
vn -0.810165 0.089310 0.579359
v -63.900124 -14.883825 96.080688 0.309804 0.513726 0.678431
vn 0.987746 0.057937 0.144920
v 27.334684 -31.649601 41.024868 1.000000 1.000000 1.000000
vn 0.058250 0.642025 -0.764467
v -21.068743 12.173739 30.348783 0.000000 0.000000 0.000000
vn -0.856401 0.511895 -0.067387
v -66.083565 6.103310 64.500053 0.000000 0.000000 0.000000
vn 0.670566 0.456794 -0.584534
v 25.031080 -28.565735 35.593761 1.000000 1.000000 1.000000
vn 0.253577 0.735376 -0.628428
v -11.403010 16.722023 37.150867 0.000000 0.000000 0.000000
vn -0.714916 -0.608777 -0.343928
v 3.731529 -28.189491 22.967661 0.000000 0.000000 0.000000
vn 0.751349 0.642553 -0.150336
v 11.926167 12.991863 60.861103 0.000000 0.000000 0.000000
vn 0.458485 0.707826 -0.537377
v 22.840029 -26.774561 35.516541 0.996078 0.996078 0.996078
vn -0.255628 -0.940784 -0.222666
v 15.171313 -38.920860 39.685982 0.521569 0.521569 0.521569
vn -0.904479 -0.389163 0.174555
v -19.709814 8.975733 115.421143 0.717647 0.717647 0.717647
vn -0.763931 -0.202158 0.612815
v -21.758327 6.647031 109.089066 0.658824 0.658824 0.658824
vn 0.853045 0.196813 0.483301
v 16.836414 -8.949656 91.977234 0.000000 0.000000 0.000000
vn -0.685444 0.385268 -0.617847
v -72.935112 -15.364022 59.165287 0.913726 0.823529 0.870588
vn -0.678779 0.433845 -0.592484
v -73.021713 -14.460320 59.862804 0.917647 0.827451 0.874510
vn -0.961351 -0.131986 -0.241627
v -71.309288 -25.398640 56.096291 0.000000 0.000000 0.000000
vn 0.372764 0.702044 0.606779
v -5.214830 15.026012 97.208427 0.000000 0.000000 0.000000
vn 0.914064 -0.213072 0.345090
v 17.613277 -25.162428 89.978806 0.000000 0.000000 0.000000
vn -0.271708 0.178366 -0.945706
v 17.043608 -31.197971 32.830162 0.929412 0.929412 0.929412
vn 0.707249 0.694558 0.131860
v 10.398934 14.714005 74.567055 0.000000 0.000000 0.000000
vn -0.061293 -0.797432 -0.600288
v 18.957563 -38.279636 35.385357 0.996078 0.996078 0.996078
vn 0.007517 -0.993359 -0.114810
v 19.524960 -39.754330 39.155804 0.988235 0.988235 0.988235
vn 0.756638 0.625674 0.189818
v 12.352617 11.967656 76.862358 0.000000 0.000000 0.000000
vn 0.351081 -0.481632 0.802978
v -8.263309 -41.972042 107.799576 0.000000 0.000000 0.000000
vn 0.280100 -0.028149 0.959558
v -9.986862 -21.037848 114.473106 0.000000 0.000000 0.000000
vn 0.096092 0.811046 0.577036
v -19.298073 20.402925 96.301636 0.000000 0.000000 0.000000
vn -0.036806 0.038078 0.998597
v -25.516928 -17.177258 116.625473 0.000000 0.000000 0.000000
vn 0.030617 -0.960950 -0.275024
v -23.509499 -66.087280 55.028702 0.000000 0.000000 0.000000
vn 0.562622 0.498600 0.659435
v -24.176413 -38.799770 115.640999 0.000000 0.000000 0.000000
vn -0.138798 0.067011 0.988051
v -28.295792 -10.918975 115.948441 0.000000 0.000000 0.000000
vn -0.131917 -0.037472 -0.990552
v -30.497089 -20.771160 19.415569 0.000000 0.000000 0.000000
vn 0.334947 0.585326 0.738380
v -36.274452 29.835316 77.769218 0.956863 0.956863 0.956863
vn -0.122600 0.279955 -0.952152
v -30.261131 -5.539932 21.248049 0.000000 0.000000 0.000000
vn 0.939979 0.274744 0.202376
v 21.302526 -4.343476 76.841492 0.000000 0.000000 0.000000
vn 0.679459 0.457258 0.573803
v 24.957106 -28.772470 44.335575 0.976471 0.976471 0.976471
vn 0.746707 0.654116 -0.120671
v 25.011393 -26.678585 39.205051 0.996078 0.996078 0.996078
vn 0.946319 0.274880 -0.170064
v 21.582504 -4.782874 59.099483 0.000000 0.000000 0.000000
vn -0.013426 -0.864754 0.502016
v -27.574402 -59.220398 95.383987 0.000000 0.000000 0.000000
vn -0.375309 0.926242 -0.034922
v -42.899227 26.138342 66.281776 0.000000 0.000000 0.000000
vn -0.758552 0.053217 -0.649435
v -30.710348 -45.457829 115.633484 0.556863 0.556863 0.556863
vn -0.384029 0.667286 -0.638163
v -43.626564 13.207409 36.611301 0.000000 0.000000 0.000000
vn -0.662974 -0.738585 0.122303
v -32.673000 -35.952198 108.054817 0.694118 0.694118 0.694118
vn -0.260312 -0.256817 -0.930743
v -37.348087 -31.137913 22.357582 0.000000 0.000000 0.000000
vn -0.384358 0.380419 -0.841160
v -43.352699 -0.207238 26.971575 0.000000 0.000000 0.000000
vn -0.436616 0.753854 -0.490989
v -45.130356 18.621223 44.663807 0.000000 0.000000 0.000000
vn 0.063055 0.012678 0.997930
v -31.537231 -47.854935 123.334015 0.015686 0.015686 0.015686
vn -0.273916 -0.909793 0.311844
v -38.138649 -32.711063 110.215126 0.000000 0.000000 0.000000
vn -0.429606 0.530943 0.730437
v -46.754490 6.232728 103.107498 0.105882 0.105882 0.105882
vn -0.047148 -0.899198 0.434995
v -39.388580 -34.518070 103.025246 0.000000 0.000000 0.000000
vn -0.694165 0.063109 0.717044
v -37.613235 -53.815723 99.906281 0.000000 0.000000 0.000000
vn -0.187446 -0.973006 0.134622
v -33.214333 -66.566193 74.233505 0.000000 0.000000 0.000000
vn 0.288955 0.946876 0.141178
v -9.978020 27.180964 74.739700 0.000000 0.000000 0.000000
vn 0.516465 -0.544570 -0.660838
v 0.307965 -45.959023 35.406624 0.000000 0.000000 0.000000
vn 0.553219 -0.783415 -0.283214
v 2.521090 -57.375874 53.983818 0.000000 0.000000 0.000000
vn 0.578530 0.416205 0.701482
v 4.157290 1.043864 102.080070 0.000000 0.000000 0.000000
vn 0.534975 0.491201 0.687404
v 1.639932 5.269140 101.364861 0.000000 0.000000 0.000000
vn 0.208238 0.131707 -0.969170
v -14.237836 -11.958869 20.570839 0.000000 0.000000 0.000000
vn 0.196919 0.419268 -0.886249
v -14.707455 1.054196 24.366655 0.000000 0.000000 0.000000
vn 0.837180 -0.456562 0.301133
v -9.858777 -2.394892 119.109131 0.000000 0.000000 0.000000
vn -0.804614 -0.430048 0.409458
v -20.982409 8.855033 111.772324 0.364706 0.364706 0.364706
vn 0.325141 -0.918872 -0.223510
v -8.152873 -63.818954 57.149052 0.000000 0.000000 0.000000
vn 0.025564 0.846605 0.531607
v -23.193253 22.695313 93.317123 0.000000 0.000000 0.000000
vn -0.885801 -0.197097 -0.420130
v -19.912476 7.392213 121.390152 0.086275 0.086275 0.086275
vn -0.006757 0.970144 0.242436
v -24.594713 28.489983 79.331795 0.000000 0.000000 0.000000
vn -0.896948 0.258899 -0.358406
v -19.778292 1.839685 120.179985 0.776471 0.776471 0.776471
vn -0.840885 -0.155658 0.518346
v -20.671595 6.272604 110.479225 0.996078 0.996078 0.996078
vn 0.207090 -0.037040 0.977621
v -14.025946 -21.237717 115.535843 0.000000 0.000000 0.000000
vn 0.018966 0.961233 0.275083
v -22.814781 14.403182 104.379723 0.000000 0.000000 0.000000
vn 0.255884 -0.941915 -0.217530
v -11.848685 -65.133514 57.867611 0.000000 0.000000 0.000000
vn 0.219673 -0.678087 -0.701385
v -47.616570 -44.029186 30.708984 0.705882 0.705882 0.705882
vn -0.568292 0.271757 0.776655
v -52.045475 -5.403401 105.630005 0.443137 0.439216 0.439216
vn -0.691443 0.035397 0.721563
v -57.998268 -17.268356 103.120209 0.372549 0.494118 0.592157
vn -0.690723 0.000376 0.723120
v -57.850288 -19.041281 103.294884 0.294118 0.509804 0.690196
vn -0.656259 -0.181690 0.732334
v -56.427013 -27.612242 103.563896 0.552941 0.603922 0.647059
vn -0.697415 0.038366 0.715639
v -58.274796 -17.092615 102.838943 0.352941 0.513726 0.643137
vn -0.820460 0.559207 0.118884
v -64.337654 8.185196 74.395592 0.000000 0.000000 0.000000
vn -0.683123 0.127942 0.719009
v -58.564507 -14.117559 102.290665 0.113725 0.109804 0.105882
vn -0.605298 -0.641815 0.470837
v -53.950222 -50.281967 90.824875 0.000000 0.000000 0.000000
vn -0.638198 -0.216041 0.738938
v -55.892765 -30.018833 103.375221 0.396078 0.396078 0.396078
vn -0.166975 -0.972512 -0.162294
v -52.654030 -59.521248 68.363541 0.000000 0.000000 0.000000
vn -0.873374 0.447753 0.191663
v -59.938709 -57.358669 71.250809 0.901961 0.901961 0.901961
vn -0.764813 -0.215348 0.607195
v -61.476238 -29.977720 97.504539 0.498039 0.678431 0.823529
vn 0.643276 0.660833 0.386646
v -12.498247 12.421307 120.464203 0.000000 0.000000 0.000000
vn -0.767664 0.342915 0.541389
v -61.883717 -2.192070 94.071434 0.196078 0.419608 0.607843
vn -0.835986 -0.261387 -0.482497
v -30.302143 -41.832863 114.295319 0.482353 0.482353 0.482353
vn 0.771082 0.332410 -0.543080
v 13.297804 -2.762208 41.243118 0.000000 0.000000 0.000000
vn 0.819181 0.042445 -0.571963
v 15.664516 -16.604977 39.887932 0.000000 0.000000 0.000000
vn 0.007219 -0.278951 0.960278
v -40.709427 -42.249836 96.950142 0.698039 0.698039 0.698039
vn -0.251725 0.255030 0.933592
v -37.713745 -47.435059 97.252480 0.733333 0.733333 0.733333
vn -0.998910 0.022511 0.040898
v -73.114517 -17.889433 69.906853 0.000000 0.000000 0.000000
vn -0.543505 0.528881 0.651834
v -50.664200 6.822188 99.790421 0.709804 0.717647 0.721569
vn 0.875390 0.452701 -0.169568
v 18.542667 2.807249 59.377563 0.000000 0.000000 0.000000
vn 0.097495 -0.272865 -0.957099
v 20.484791 -34.200878 32.547848 0.996078 0.996078 0.996078
vn 0.621820 0.586246 0.519284
v 5.959888 9.644485 93.338791 0.000000 0.000000 0.000000
vn -0.925237 -0.204480 0.319571
v -69.607697 -16.450592 85.922874 0.141176 0.125490 0.113725
vn 0.364177 0.924992 -0.108469
v -6.644664 26.164982 62.123592 0.000000 0.000000 0.000000
vn -0.530263 0.443676 0.722477
v -50.006496 2.741323 103.187050 0.650980 0.737255 0.803922
vn -0.602267 0.029760 0.797740
v -54.892052 -18.353315 105.882309 0.062745 0.062745 0.062745
vn 0.786393 0.453266 -0.419685
v 14.232654 2.747357 47.172577 0.000000 0.000000 0.000000
vn -0.645754 0.759387 -0.079582
v -23.187172 -4.422990 117.228676 0.066667 0.066667 0.066667
vn -0.312627 -0.760075 -0.569693
v -51.351284 -44.483047 30.560497 1.000000 1.000000 1.000000
vn -0.880083 0.344623 0.326632
v -33.975891 -43.925846 121.201111 0.000000 0.000000 0.000000
vn 0.989142 0.127432 0.073200
v 23.724907 -11.749032 71.226021 0.000000 0.000000 0.000000
vn 0.525222 0.050242 0.849481
v 21.869913 -31.530792 47.408791 0.745098 0.745098 0.745098
vn 0.124977 0.672281 -0.729671
v 20.978828 -27.106556 34.347698 0.988235 0.988235 0.988235
vn 0.158900 0.980567 0.115061
v 21.203983 -24.856943 41.347588 0.756863 0.756863 0.756863
vn 0.349775 0.852607 0.388224
v 20.732250 -25.499340 43.865292 0.470588 0.470588 0.470588
vn 0.433036 -0.497602 0.751580
v 23.471668 -36.099255 45.276768 0.984314 0.984314 0.984314
vn 0.975097 -0.180550 -0.128789
v 22.695219 -28.518061 59.082401 0.000000 0.000000 0.000000
vn 0.154687 0.987958 -0.003363
v 20.857292 -24.663055 39.863472 0.780392 0.780392 0.780392
vn 0.383236 -0.255126 0.887717
v -27.190151 -50.975193 122.112846 0.000000 0.000000 0.000000
vn -0.376260 0.757496 0.533506
v -39.289875 26.431448 79.898788 0.078431 0.078431 0.078431
vn 0.526810 -0.808231 -0.263121
v -25.893044 -58.631618 106.451035 0.000000 0.000000 0.000000
vn 0.294183 0.338193 0.893914
v -28.422636 -43.687592 121.952103 0.000000 0.000000 0.000000
vn -0.239542 0.722250 0.648826
v -36.435108 16.292704 99.350067 0.000000 0.000000 0.000000
vn 0.428394 0.433890 0.792602
v -36.377968 0.283451 106.775238 0.000000 0.000000 0.000000
vn -0.062438 -0.770530 -0.634338
v -27.219423 -56.742348 37.034649 0.000000 0.000000 0.000000
vn -0.560308 0.692336 -0.454670
v -40.181408 28.057518 71.236366 0.384314 0.384314 0.384314
vn -0.598331 0.286184 0.748397
v -53.460224 -5.272192 104.502632 0.568627 0.650980 0.721569
vn 0.313930 -0.559572 -0.767025
v -48.508736 -43.659824 29.858032 0.988235 0.988235 0.988235
vn -0.584335 0.262567 0.767862
v -52.717335 -5.351820 105.102814 0.521569 0.525490 0.533333
vn -0.654112 0.649889 0.387015
v -56.042133 12.566391 87.459526 0.000000 0.000000 0.000000
vn -0.579750 0.245155 0.777039
v -52.727081 -7.066654 105.680511 0.266667 0.266667 0.266667
vn 0.673451 -0.119586 0.729495
v 8.112320 -23.879538 104.007813 0.000000 0.000000 0.000000
vn 0.789953 -0.541907 -0.286899
v 6.952727 -28.495901 30.644274 0.000000 0.000000 0.000000
vn 0.668768 0.018045 0.743253
v 8.239958 -18.322662 104.230247 0.000000 0.000000 0.000000
vn 0.586828 0.193318 -0.786296
v 4.549480 -9.211087 29.662228 0.000000 0.000000 0.000000
vn 0.764591 -0.503513 0.402336
v 11.549954 -45.041180 87.910530 0.000000 0.000000 0.000000
vn 0.732101 -0.332621 0.594468
v 10.350368 -35.455471 97.877426 0.000000 0.000000 0.000000
vn 0.563789 0.348515 -0.748785
v 3.330980 -1.947173 31.367779 0.000000 0.000000 0.000000
vn -0.749930 0.552374 -0.363988
v -21.420918 -1.441917 120.125389 0.400000 0.400000 0.400000
vn -0.782383 0.541847 -0.307048
v -21.013731 -1.340760 119.337097 0.654902 0.654902 0.654902
vn 0.264008 -0.909946 -0.319839
v -11.943163 -63.450016 51.821526 0.000000 0.000000 0.000000
vn 0.185494 -0.125528 0.974595
v -15.700212 -25.074286 115.528748 0.000000 0.000000 0.000000
vn -0.765793 0.634833 -0.102705
v -21.289751 -2.454394 117.434311 0.835294 0.835294 0.835294
vn -0.112595 0.877540 0.466097
v -24.647627 14.457837 103.926895 0.000000 0.000000 0.000000
vn -0.416796 -0.167035 0.893521
v -21.492407 -0.275709 127.317932 0.000000 0.000000 0.000000
vn -0.752511 0.442699 0.487591
v -21.410715 -0.249414 110.904480 1.000000 1.000000 1.000000
vn -0.709982 -0.168223 0.683833
v -23.000854 6.325710 107.636002 0.427451 0.427451 0.427451
vn -0.693468 -0.103136 0.713067
v -58.092899 -23.632397 102.754684 0.129412 0.443137 0.698039
vn -0.622525 -0.314051 0.716822
v -56.175041 -33.723114 101.778389 0.043137 0.043137 0.043137
vn -0.736974 0.231778 0.634940
v -60.327267 -7.779662 98.810562 0.325490 0.349020 0.372549
vn -0.720611 0.083096 0.688342
v -59.446671 -15.184114 101.501129 0.364706 0.517647 0.643137
vn -0.776903 0.360109 0.516472
v -62.052174 -1.724391 93.518509 0.274510 0.431373 0.560784
vn -0.785010 0.394540 -0.477596
v -62.454014 0.870331 44.654568 0.000000 0.000000 0.000000
vn -0.690436 -0.110863 0.714848
v -57.459652 -24.397655 103.263542 0.356863 0.576471 0.756863
vn -0.629451 -0.542810 -0.556011
v -55.108334 -44.709000 40.028606 0.000000 0.000000 0.000000
vn -0.798689 0.414019 0.436674
v -62.370197 1.403664 90.581604 0.109804 0.109804 0.109804
vn -0.746230 0.241636 0.620284
v -60.438038 -7.293199 98.496094 0.298039 0.384314 0.462745
vn -0.830447 0.094832 -0.548967
v -70.048019 -4.315843 56.358276 0.933333 0.858824 0.894118
vn -0.745603 0.662757 -0.069497
v -70.259476 -1.990031 59.134727 0.917647 0.827451 0.874510
vn -0.942696 0.188435 -0.275349
v -70.055267 -9.253781 53.827477 0.000000 0.000000 0.000000
vn -0.838216 -0.113119 0.533478
v -65.708855 -24.446970 93.121498 0.325490 0.560784 0.760784
vn -0.869408 0.000008 0.494094
v -66.659393 -18.831316 92.095192 0.450980 0.533333 0.596078
vn -0.466740 0.102128 0.878478
v -68.482300 -8.508732 89.279068 0.913726 0.847059 0.882353
vn -0.649743 0.758702 -0.046960
v -69.176277 -3.441283 83.657104 0.905882 0.823529 0.866667
vn -0.822445 -0.231910 0.519424
v -64.608513 -30.175383 92.993759 0.709804 0.717647 0.721569
vn -0.668915 -0.025826 0.742891
v -57.436825 -19.695803 103.692581 0.329412 0.513726 0.662745
vn -0.657784 -0.492472 -0.569905
v -54.426937 -42.783848 37.645962 0.000000 0.000000 0.000000
vn -0.598139 0.597419 0.534154
v -23.306856 -2.514504 110.594002 1.000000 1.000000 1.000000
vn -0.472183 -0.223330 -0.852741
v 14.262423 -33.875698 34.532455 0.631373 0.631373 0.631373
vn -0.305566 -0.900236 -0.310167
v 15.104983 -38.613857 38.711784 0.623529 0.623529 0.623529
vn -0.457980 -0.000318 -0.888962
v 13.789040 -31.754225 34.461422 0.368627 0.368627 0.368627
vn -0.438524 -0.660399 -0.609566
v 14.757350 -36.853397 36.088898 0.717647 0.717647 0.717647
vn 0.768466 0.067977 -0.636270
v 12.851141 -15.144801 36.416489 0.000000 0.000000 0.000000
vn 0.646895 -0.692580 0.319155
v -19.378448 -51.749695 105.420013 0.000000 0.000000 0.000000
vn -0.403833 -0.557127 0.725622
v -26.026756 -9.325056 117.375900 0.000000 0.000000 0.000000
vn 0.047193 -0.551781 -0.832653
v -21.839607 -45.672764 27.041447 0.000000 0.000000 0.000000
vn -0.137536 0.900807 0.411862
v -31.162054 25.047871 87.873749 0.000000 0.000000 0.000000
vn 0.139174 -0.981307 0.132915
v -17.620138 -66.795120 75.047173 0.000000 0.000000 0.000000
vn 0.896232 0.140124 0.420872
v -20.661524 -46.027451 115.389374 0.000000 0.000000 0.000000
vn -0.306922 0.834422 0.457754
v -27.057261 -5.431056 111.491409 0.639216 0.639216 0.639216
vn -0.072481 -0.584803 0.807930
v -40.060955 -38.276344 98.968079 0.996078 0.996078 0.996078
vn -0.636639 0.740202 -0.216313
v -37.205467 -56.143211 112.782799 0.000000 0.000000 0.000000
vn -0.480977 -0.772136 -0.415292
v -36.705864 -59.061451 104.908501 0.000000 0.000000 0.000000
vn -0.619203 0.686304 -0.381543
v -37.156548 -55.084229 114.999710 0.000000 0.000000 0.000000
vn 0.470410 0.713855 0.518773
v -14.705874 12.946093 122.139488 0.000000 0.000000 0.000000
vn 0.421134 -0.147631 0.894903
v 21.567423 -33.024078 47.476868 0.709804 0.709804 0.709804
vn -0.897971 -0.353699 -0.261811
v -19.750973 8.532479 120.312859 0.078431 0.078431 0.078431
vn -0.790760 -0.606887 0.079920
v -59.843033 -52.481796 70.711830 0.000000 0.000000 0.000000
vn -0.844379 -0.534887 0.030337
v -65.519348 -45.147785 69.093239 0.000000 0.000000 0.000000
vn -0.826348 0.199309 -0.526712
v -30.180052 -47.372173 114.571442 0.996078 0.996078 0.996078
vn -0.727712 -0.331288 -0.600569
v -54.451214 -39.597790 35.001583 0.000000 0.000000 0.000000
vn -0.753379 0.626282 -0.200478
v -21.500277 -2.547622 118.004562 0.678431 0.678431 0.678431
vn -0.645006 -0.161068 0.747010
v -55.880058 -27.004343 104.194641 0.529412 0.552941 0.576471
vn 0.871565 -0.488955 0.036020
v -20.027023 -52.142189 107.480362 0.000000 0.000000 0.000000
vn -0.482657 0.355830 0.800267
v -33.326839 -44.175755 122.195526 0.015686 0.015686 0.015686
f 323//323 3014//3014 3058//3058
f 1528//1528 359//359 1644//1644
f 359//359 348//348 1644//1644
f 3603//3603 427//427 1305//1305
f 354//354 1112//1112 318//318
f 325//325 3728//3728 3052//3052
f 10//10 775//775 348//348
f 3063//3063 316//316 3056//3056
f 3732//3732 3964//3964 361//361
f 358//358 3598//3598 3053//3053
f 431//431 444//444 356//356
f 3006//3006 1182//1182 3461//3461
f 444//444 3376//3376 344//344
f 1305//1305 2636//2636 3603//3603
f 1184//1184 345//345 437//437
f 319//319 3726//3726 5//5
f 3058//3058 3014//3014 430//430
f 347//347 320//320 1192//1192
f 354//354 2786//2786 350//350
f 2786//2786 314//314 350//350
f 3451//3451 1//1 345//345
f 317//317 9//9 351//351
f 7//7 1575//1575 355//355
f 4084//4084 755//755 2842//2842
f 1080//1080 1942//1942 2962//2962
f 2532//2532 1122//1122 2461//2461
f 594//594 3582//3582 2188//2188
f 2191//2191 12//12 2190//2190
f 12//12 3254//3254 2190//2190
f 3059//3059 14//14 3456//3456
f 2194//2194 15//15 1329//1329
f 3896//3896 965//965 1122//1122
f 1940//1940 2040//2040 3730//3730
f 1072//1072 1942//1942 207//207
f 3254//3254 12//12 2015//2015
f 3360//3360 1621//1621 832//832
f 1943//1943 3357//3357 592//592
f 2548//2548 2542//2542 3332//3332
f 1624//1624 3067//3067 2198//2198
f 3067//3067 1947//1947 2198//2198
f 3590//3590 23//23 31//31
f 21//21 3851//3851 29//29
f 2198//2198 1947//1947 22//22
f 2546//2546 31//31 23//23
f 1946//1946 1950//1950 19//19
f 4058//4058 602//602 3233//3233
f 4127//4127 798//798 3074//3074
f 1627//1627 3075//3075 1473//1473
f 1546//1546 605//605 24//24
f 2199//2199 1142//1142 757//757
f 2904//2904 2468//2468 1314//1314
f 2546//2546 715//715 2203//2203
f 2855//2855 2546//2546 2203//2203
f 3901//3901 714//714 3524//3524
f 3067//3067 1624//1624 26//26
f 554//554 1595//1595 32//32
f 605//605 1546//1546 1946//1946
f 1546//1546 1945//1945 1946//1946
f 1546//1546 24//24 4058//4058
f 24//24 1272//1272 4058//4058
f 1721//1721 976//976 3525//3525
f 973//973 1061//1061 1095//1095
f 2205//2205 27//27 1061//1061
f 30//30 1082//1082 28//28
f 1726//1726 2542//2542 600//600
f 3529//3529 1138//1138 3070//3070
f 561//561 605//605 1946//1946
f 598//598 608//608 3529//3529
f 3070//3070 1138//1138 3739//3739
f 973//973 2160//2160 3233//3233
f 543//543 597//597 2464//2464
f 1595//1595 3526//3526 2464//2464
f 3526//3526 543//543 2464//2464
f 2623//2623 36//36 48//48
f 1279//1279 239//239 34//34
f 2818//2818 1967//1967 228//228
f 2623//2623 3235//3235 36//36
f 3096//3096 49//49 1955//1955
f 239//239 1279//1279 2332//2332
f 45//45 2807//2807 3100//3100
f 3285//3285 41//41 3215//3215
f 2113//2113 523//523 36//36
f 1004//1004 2113//2113 36//36
f 3696//3696 562//562 50//50
f 37//37 1545//1545 3793//3793
f 1795//1795 2523//2523 234//234
f 3096//3096 47//47 2116//2116
f 43//43 2114//2114 2363//2363
f 44//44 1350//1350 1959//1959
f 2116//2116 49//49 3096//3096
f 1350//1350 2112//2112 1959//1959
f 3793//3793 1545//1545 46//46
f 47//47 3793//3793 46//46
f 1545//1545 2110//2110 46//46
f 48//48 3251//3251 45//45
f 2110//2110 2116//2116 47//47
f 3235//3235 1004//1004 36//36
f 2674//2674 2523//2523 1795//1795
f 37//37 228//228 3592//3592
f 41//41 42//42 3215//3215
f 2332//2332 3279//3279 33//33
f 3284//3284 2623//2623 48//48
f 3278//3278 2523//2523 2674//2674
f 45//45 3284//3284 48//48
f 2110//2110 47//47 46//46
f 63//63 61//61 2985//2985
f 2657//2657 2222//2222 1848//1848
f 65//65 68//68 2988//2988
f 1847//1847 644//644 2229//2229
f 3979//3979 3798//3798 2558//2558
f 69//69 2224//2224 2987//2987
f 2765//2765 2139//2139 2228//2228
f 1848//1848 2222//2222 59//59
f 1850//1850 1159//1159 644//644
f 3708//3708 67//67 1849//1849
f 2556//2556 557//557 62//62
f 3979//3979 2558//2558 3537//3537
f 2990//2990 3979//3979 3537//3537
f 64//64 3507//3507 2220//2220
f 3291//3291 56//56 632//632
f 51//51 3291//3291 632//632
f 3708//3708 1849//1849 3977//3977
f 635//635 3904//3904 60//60
f 3536//3536 3978//3978 3981//3981
f 2635//2635 4057//4057 3486//3486
f 59//59 639//639 62//62
f 1847//1847 2229//2229 63//63
f 2985//2985 1847//1847 63//63
f 2984//2984 60//60 3904//3904
f 4044//4044 2635//2635 3486//3486
f 3218//3218 2616//2616 1806//1806
f 230//230 52//52 2230//2230
f 1159//1159 1850//1850 1160//1160
f 1367//1367 67//67 2227//2227
f 1850//1850 2986//2986 1160//1160
f 639//639 2556//2556 62//62
f 635//635 3980//3980 3535//3535
f 2220//2220 3509//3509 2987//2987
f 2765//2765 1359//1359 3971//3971
f 1854//1854 1846//1846 3981//3981
f 2251//2251 1861//1861 72//72
f 92//92 76//76 3800//3800
f 1863//1863 662//662 2252//2252
f 1397//1397 3986//3986 3804//3804
f 663//663 669//669 759//759
f 3297//3297 3540//3540 3539//3539
f 2998//2998 1859//1859 1165//1165
f 2251//2251 72//72 672//672
f 2567//2567 3955//3955 1376//1376
f 1172//1172 3234//3234 1871//1871
f 88//88 1869//1869 87//87
f 2828//2828 2249//2249 1865//1865
f 759//759 2995//2995 2168//2168
f 1176//1176 72//72 93//93
f 72//72 1861//1861 93//93
f 1857//1857 1865//1865 77//77
f 666//666 1683//1683 3912//3912
f 1390//1390 2248//2248 664//664
f 3293//3293 80//80 2246//2246
f 3717//3717 3899//3899 2876//2876
f 91//91 2939//2939 2123//2123
f 3431//3431 2397//2397 673//673
f 665//665 1163//1163 90//90
f 2254//2254 2248//2248 3001//3001
f 2871//2871 83//83 831//831
f 669//669 2567//2567 1376//1376
f 2993//2993 2247//2247 82//82
f 1396//1396 2245//2245 1855//1855
f 1373//1373 3719//3719 1083//1083
f 1381//1381 2186//2186 2881//2881
f 88//88 1864//1864 664//664
f 1638//1638 653//653 233//233
f 871//871 3167//3167 73//73
f 1829//1829 2828//2828 86//86
f 408//408 2359//2359 81//81
f 1865//1865 3865//3865 2828//2828
f 87//87 1864//1864 88//88
f 2255//2255 3542//3542 3540//3540
f 3001//3001 2248//2248 1390//1390
f 1172//1172 1871//1871 1868//1868
f 1869//1869 655//655 89//89
f 92//92 3800//3800 2701//2701
f 1685//1685 3802//3802 656//656
f 660//660 2876//2876 3899//3899
f 1396//1396 1053//1053 2245//2245
f 1829//1829 83//83 2504//2504
f 3806//3806 3424//3424 1860//1860
f 671//671 650//650 1377//1377
f 2122//2122 2074//2074 3991//3991
f 1376//1376 759//759 669//669
f 673//673 2968//2968 3541//3541
f 1864//1864 1390//1390 664//664
f 1039//1039 3990//3990 3234//3234
f 665//665 3297//3297 3539//3539
f 3300//3300 2939//2939 91//91
f 90//90 3297//3297 665//665
f 650//650 2250//2250 1377//1377
f 104//104 1312//1312 1639//1639
f 100//100 1052//1052 1461//1461
f 2666//2666 880//880 105//105
f 279//279 2666//2666 105//105
f 3010//3010 99//99 3012//3012
f 1641//1641 3774//3774 3642//3642
f 1052//1052 3958//3958 3545//3545
f 105//105 3548//3548 802//802
f 1807//1807 2900//2900 3369//3369
f 1120//1120 3411//3411 329//329
f 2217//2217 3010//3010 3012//3012
f 1186//1186 2942//2942 4054//4054
f 1461//1461 3774//3774 100//100
f 2216//2216 3172//3172 3548//3548
f 103//103 884//884 2666//2666
f 3009//3009 3011//3011 2369//2369
f 525//525 3702//3702 2733//2733
f 3519//3519 3543//3543 326//326
f 1274//1274 1118//1118 883//883
f 3136//3136 2650//2650 4061//4061
f 1104//1104 1875//1875 3354//3354
f 3873//3873 107//107 3131//3131
f 3136//3136 4061//4061 3354//3354
f 3261//3261 1605//1605 108//108
f 3320//3320 3459//3459 3326//3326
f 1133//1133 1195//1195 111//111
f 119//119 3181//3181 2243//2243
f 3181//3181 119//119 117//117
f 3648//3648 568//568 1664//1664
f 1199//1199 3916//3916 3019//3019
f 2696//2696 3715//3715 3511//3511
f 1464//1464 364//364 1200//1200
f 2083//2083 896//896 899//899
f 902//902 3961//3961 2000//2000
f 2231//2231 895//895 3550//3550
f 2231//2231 3550//3550 115//115
f 2000//2000 1732//1732 2239//2239
f 441//441 3919//3919 1198//1198
f 2744//2744 2240//2240 3917//3917
f 898//898 363//363 3984//3984
f 2476//2476 2243//2243 114//114
f 895//895 2236//2236 2026//2026
f 897//897 363//363 898//898
f 3019//3019 903//903 1199//1199
f 1666//1666 1471//1471 1132//1132
f 113//113 2026//2026 2236//2236
f 3915//3915 118//118 2234//2234
f 3549//3549 446//446 848//848
f 3549//3549 117//117 3458//3458
f 3685//3685 120//120 3179//3179
f 2692//2692 464//464 3174//3174
f 112//112 3072//3072 3016//3016
f 3920//3920 4015//4015 1776//1776
f 3437//3437 1885//1885 121//121
f 1762//1762 3434//3434 3268//3268
f 2076//2076 809//809 243//243
f 3438//3438 3436//3436 124//124
f 911//911 415//415 2722//2722
f 271//271 1888//1888 135//135
f 2720//2720 3621//3621 4002//4002
f 2429//2429 3999//3999 2146//2146
f 1891//1891 1211//1211 1882//1882
f 1887//1887 3095//3095 133//133
f 3433//3433 300//300 124//124
f 2354//2354 137//137 128//128
f 4003//4003 2354//2354 128//128
f 3265//3265 1885//1885 125//125
f 1543//1543 1316//1316 905//905
f 2426//2426 3623//3623 3508//3508
f 400//400 3636//3636 3270//3270
f 129//129 1888//1888 2417//2417
f 404//404 1893//1893 123//123
f 3777//3777 2422//2422 422//422
f 3239//3239 2259//2259 680//680
f 2265//2265 688//688 1408//1408
f 2262//2262 3266//3266 3274//3274
f 1765//1765 3636//3636 3997//3997
f 1890//1890 426//426 298//298
f 2268//2268 3275//3275 3022//3022
f 3276//3276 420//420 3820//3820
f 572//572 125//125 2266//2266
f 138//138 3432//3432 132//132
f 3438//3438 3269//3269 1882//1882
f 3434//3434 2482//2482 3268//3268
f 777//777 121//121 298//298
f 1420//1420 187//187 3430//3430
f 271//271 135//135 3276//3276
f 1402//1402 4145//4145 3267//3267
f 126//126 1831//1831 127//127
f 1831//1831 539//539 127//127
f 3289//3289 2423//2423 2487//2487
f 2264//2264 404//404 123//123
f 2482//2482 1831//1831 126//126
f 404//404 2723//2723 1893//1893
f 1887//1887 133//133 1890//1890
f 133//133 417//417 1890//1890
f 1892//1892 4001//4001 2075//2075
f 3435//3435 3095//3095 127//127
f 3435//3435 1828//1828 3095//3095
f 3597//3597 140//140 3268//3268
f 129//129 135//135 1888//1888
f 1876//1876 4145//4145 1402//1402
f 1993//1993 1881//1881 3433//3433
f 470//470 3441//3441 2656//2656
f 147//147 934//934 1109//1109
f 3440//3440 2272//2272 142//142
f 565//565 943//943 3766//3766
f 1904//1904 698//698 1021//1021
f 4046//4046 3315//3315 701//701
f 142//142 2272//2272 2974//2974
f 3444//3444 3446//3446 3184//3184
f 2086//2086 475//475 2087//2087
f 149//149 4131//4131 2270//2270
f 465//465 3311//3311 156//156
f 4008//4008 473//473 2010//2010
f 2274//2274 3304//3304 1897//1897
f 473//473 2089//2089 2010//2010
f 3766//3766 943//943 2579//2579
f 698//698 936//936 1021//1021
f 2270//2270 475//475 2086//2086
f 3306//3306 3309//3309 3441//3441
f 3440//3440 3302//3302 2522//2522
f 2088//2088 3229//3229 2498//2498
f 2522//2522 3305//3305 3445//3445
f 2591//2591 1909//1909 143//143
f 1902//1902 261//261 3312//3312
f 924//924 1689//1689 222//222
f 542//542 3314//3314 936//936
f 3655//3655 2498//2498 564//564
f 3302//3302 3305//3305 2522//2522
f 4133//4133 1906//1906 524//524
f 3243//3243 1443//1443 2662//2662
f 2087//2087 701//701 216//216
f 3831//3831 3308//3308 478//478
f 1452//1452 1415//1415 933//933
f 465//465 1778//1778 1901//1901
f 3823//3823 2442//2442 1306//1306
f 2274//2274 466//466 4008//4008
f 3313//3313 3315//3315 4046//4046
f 468//468 154//154 1689//1689
f 2662//2662 1688//1688 3243//3243
f 1416//1416 1306//1306 3516//3516
f 2276//2276 2271//2271 153//153
f 2089//2089 2594//2594 1693//1693
f 2088//2088 1223//1223 2749//2749
f 3229//3229 564//564 2498//2498
f 3314//3314 1021//1021 936//936
f 1060//1060 1415//1415 1449//1449
f 236//236 3442//3442 2337//2337
f 3687//3687 1299//1299 2974//2974
f 3439//3439 2275//2275 3192//3192
f 703//703 150//150 4046//4046
f 1907//1907 477//477 2273//2273
f 697//697 1904//1904 1901//1901
f 2091//2091 3126//3126 1445//1445
f 701//701 2087//2087 475//475
f 3687//3687 476//476 2927//2927
f 3184//3184 1434//1434 3444//3444
f 3315//3315 216//216 701//701
f 2271//2271 144//144 153//153
f 1908//1908 2092//2092 155//155
f 2665//2665 152//152 942//942
f 149//149 2270//2270 2086//2086
f 2662//2662 3443//3443 1688//1688
f 4132//4132 3442//3442 2662//2662
f 3033//3033 2591//2591 700//700
f 2656//2656 4046//4046 150//150
f 155//155 145//145 1908//1908
f 146//146 3306//3306 3441//3441
f 150//150 470//470 2656//2656
f 578//578 3187//3187 1899//1899
f 1921//1921 158//158 2299//2299
f 186//186 4081//4081 2298//2298
f 821//821 162//162 487//487
f 830//830 3784//3784 841//841
f 2100//2100 2164//2164 3476//3476
f 2096//2096 3448//3448 3337//3337
f 162//162 2017//2017 2301//2301
f 2798//2798 950//950 2011//2011
f 765//765 742//742 485//485
f 2096//2096 4078//4078 1003//1003
f 3374//3374 2096//2096 1003//1003
f 2305//2305 2300//2300 4077//4077
f 3337//3337 3448//3448 2301//2301
f 1919//1919 2307//2307 2102//2102
f 3038//3038 730//730 2304//2304
f 2295//2295 2340//2340 164//164
f 157//157 2303//2303 2094//2094
f 2305//2305 2802//2802 534//534
f 2518//2518 1709//1709 835//835
f 3132//3132 160//160 1923//1923
f 3335//3335 1926//1926 159//159
f 159//159 1926//1926 4080//4080
f 956//956 3198//3198 3134//3134
f 2097//2097 2300//2300 2098//2098
f 2300//2300 2302//2302 2098//2098
f 1487//1487 728//728 1496//1496
f 2802//2802 2305//2305 4077//4077
f 164//164 2102//2102 2295//2295
f 2307//2307 2295//2295 2102//2102
f 2095//2095 1705//1705 3449//3449
f 2299//2299 2306//2306 510//510
f 1921//1921 2299//2299 510//510
f 2306//2306 157//157 510//510
f 2457//2457 3134//3134 3476//3476
f 521//521 3132//3132 1923//1923
f 481//481 3230//3230 3336//3336
f 2301//2301 483//483 162//162
f 2103//2103 2503//2503 516//516
f 172//172 501//501 292//292
f 3341//3341 182//182 175//175
f 1938//1938 3473//3473 2109//2109
f 2941//2941 1746//1746 1000//1000
f 2104//2104 2313//2313 3474//3474
f 3497//3497 1802//1802 3684//3684
f 3574//3574 3478//3478 3344//3344
f 3934//3934 3470//3470 3962//3962
f 2914//2914 753//753 3470//3470
f 958//958 3046//3046 3571//3571
f 3473//3473 1938//1938 180//180
f 499//499 3473//3473 180//180
f 1604//1604 2023//2023 3946//3946
f 2310//2310 811//811 2336//2336
f 511//511 174//174 2473//2473
f 495//495 4038//4038 497//497
f 3934//3934 2914//2914 3470//3470
f 550//550 3699//3699 169//169
f 490//490 1802//1802 3497//3497
f 183//183 3744//3744 1802//1802
f 2310//2310 3355//3355 3497//3497
f 3118//3118 2104//2104 3474//3474
f 3475//3475 2323//2323 1498//1498
f 3472//3472 497//497 2109//2109
f 3467//3467 3683//3683 181//181
f 173//173 560//560 3340//3340
f 3338//3338 1568//1568 168//168
f 4106//4106 1319//1319 2528//2528
f 3340//3340 3345//3345 2023//2023
f 1070//1070 3469//3469 171//171
f 508//508 4038//4038 495//495
f 173//173 3340//3340 2023//2023
f 175//175 3692//3692 3471//3471
f 3341//3341 175//175 3471//3471
f 3692//3692 509//509 3471//3471
f 178//178 177//177 504//504
f 3692//3692 182//182 169//169
f 3744//3744 183//183 1932//1932
f 181//181 3339//3339 2151//2151
f 2620//2620 3690//3690 2329//2329
f 3744//3744 3047//3047 1802//1802
f 4034//4034 586//586 1766//1766
f 511//511 2473//2473 180//180
f 1741//1741 2107//2107 1766//1766
f 1982//1982 2528//2528 1786//1786
f 560//560 488//488 226//226
f 3473//3473 3472//3472 2109//2109
f 1503//1503 2912//2912 1994//1994
f 178//178 3843//3843 1936//1936
f 2106//2106 2329//2329 3690//3690
f 3692//3692 175//175 182//182
f 2032//2032 499//499 180//180
f 3475//3475 1498//1498 167//167
f 171//171 3469//3469 2108//2108
f 3345//3345 255//255 2023//2023
f 176//176 167//167 2451//2451
f 172//172 3683//3683 3467//3467
f 192//192 1319//1319 4106//4106
f 226//226 3340//3340 560//560
f 586//586 1741//1741 1766//1766
f 3471//3471 1337//1337 3338//3338
f 255//255 3946//3946 2023//2023
f 1843//1843 2956//2956 3280//3280
f 2139//2139 203//203 57//57
f 2406//2406 387//387 393//393
f 289//289 1954//1954 2115//2115
f 249//249 1533//1533 2008//2008
f 3954//3954 240//240 791//791
f 3438//3438 3557//3557 2261//2261
f 1284//1284 1534//1534 2019//2019
f 2413//2413 1547//1547 3810//3810
f 3292//3292 66//66 3399//3399
f 191//191 3498//3498 3356//3356
f 4139//4139 2115//2115 188//188
f 1836//1836 1244//1244 1554//1554
f 3215//3215 1255//1255 582//582
f 309//309 1349//1349 3532//3532
f 3004//3004 1183//1183 439//439
f 2343//2343 2645//2645 189//189
f 1818//1818 2343//2343 189//189
f 18//18 1991//1991 1458//1458
f 1181//1181 3712//3712 2379//2379
f 3026//3026 3695//3695 3289//3289
f 202//202 3249//3249 399//399
f 3285//3285 582//582 259//259
f 2584//2584 2727//2727 3580//3580
f 14//14 2846//2846 2845//2845
f 2501//2501 2683//2683 2496//2496
f 627//627 2627//2627 3348//3348
f 1814//1814 1007//1007 567//567
f 281//281 1576//1576 2374//2374
f 3910//3910 271//271 3429//3429
f 2965//2965 2776//2776 1512//1512
f 1961//1961 3214//3214 43//43
f 2036//2036 2192//2192 1124//1124
f 211//211 299//299 816//816
f 1071//1071 2210//2210 2630//2630
f 2411//2411 388//388 2063//2063
f 388//388 3417//3417 2063//2063
f 2352//2352 3122//3122 4115//4115
f 1827//1827 2130//2130 2612//2612
f 1279//1279 34//34 2111//2111
f 1024//1024 4005//4005 1428//1428
f 732//732 945//945 3499//3499
f 2814//2814 961//961 3663//3663
f 3842//3842 1250//1250 1244//1244
f 3319//3319 3705//3705 2738//2738
f 1409//1409 3819//3819 1414//1414
f 1578//1578 1826//1826 3881//3881
f 1258//1258 3747//3747 2663//2663
f 2656//2656 3309//3309 198//198
f 3309//3309 1784//1784 198//198
f 2580//2580 3634//3634 3639//3639
f 1302//1302 3250//3250 1031//1031
f 834//834 3784//3784 1330//1330
f 3283//3283 3791//3791 4108//4108
f 2178//2178 4143//4143 4032//4032
f 3107//3107 1939//1939 4101//4101
f 432//432 3461//3461 1182//1182
f 630//630 1044//1044 1614//1614
f 550//550 1566//1566 3699//3699
f 2378//2378 3128//3128 2117//2117
f 1816//1816 4110//4110 1968//1968
f 1958//1958 2769//2769 1962//1962
f 710//710 828//828 3643//3643
f 1318//1318 806//806 220//220
f 391//391 299//299 211//211
f 776//776 394//394 632//632
f 3471//3471 3588//3588 4099//4099
f 1595//1595 20//20 32//32
f 4//4 1670//1670 3//3
f 3346//3346 4099//4099 206//206
f 3771//3771 3303//3303 3695//3695
f 3085//3085 3089//3089 208//208
f 157//157 2306//2306 482//482
f 2983//2983 3796//3796 1849//1849
f 3796//3796 2687//2687 1849//1849
f 3981//3981 3905//3905 3536//3536
f 3403//3403 3674//3674 3608//3608
f 3674//3674 1564//1564 3608//3608
f 3475//3475 489//489 3870//3870
f 1740//1740 3351//3351 210//210
f 2499//2499 1740//1740 210//210
f 1606//1606 2779//2779 1009//1009
f 3466//3466 3589//3589 506//506
f 3453//3453 3011//3011 3053//3053
f 3785//3785 3231//3231 3938//3938
f 3231//3231 3858//3858 3938//3938
f 1809//1809 3121//3121 1285//1285
f 3023//3023 3274//3274 3266//3266
f 2009//2009 778//778 1967//1967
f 3888//3888 3792//3792 1100//1100
f 646//646 520//520 1661//1661
f 573//573 1547//1547 215//215
f 3519//3519 11//11 522//522
f 3943//3943 2170//2170 1343//1343
f 3221//3221 2551//2551 2549//2549
f 3380//3380 2173//2173 535//535
f 4021//4021 1472//1472 4137//4137
f 2366//2366 2824//2824 2629//2629
f 1240//1240 2366//2366 2629//2629
f 2126//2126 2663//2663 3785//3785
f 1339//1339 3008//3008 1528//1528
f 2025//2025 3758//3758 1771//1771
f 3131//3131 1873//1873 3993//3993
f 2613//2613 995//995 1297//1297
f 3248//3248 1881//1881 218//218
f 2977//2977 618//618 611//611
f 771//771 1254//1254 2132//2132
f 842//842 442//442 3733//3733
f 2752//2752 1101//1101 219//219
f 1920//1920 250//250 740//740
f 3995//3995 3816//3816 1047//1047
f 3516//3516 1306//1306 2442//2442
f 2060//2060 2319//2319 2053//2053
f 257//257 573//573 215//215
f 2173//2173 3653//3653 3969//3969
f 3868//3868 1834//1834 1794//1794
f 3209//3209 1963//1963 3681//3681
f 777//777 426//426 221//221
f 3558//3558 2432//2432 3273//3273
f 39//39 3787//3787 2129//2129
f 4129//4129 1576//1576 2491//2491
f 990//990 505//505 1063//1063
f 1093//1093 1048//1048 2773//2773
f 39//39 2120//2120 35//35
f 861//861 368//368 26//26
f 1280//1280 3084//3084 843//843
f 998//998 559//559 220//220
f 1128//1128 3894//3894 970//970
f 1094//1094 3012//3012 99//99
f 2215//2215 3702//3702 525//525
f 2067//2067 909//909 2561//2561
f 2744//2744 2938//2938 2240//2240
f 1553//1553 724//724 1734//1734
f 4100//4100 4107//4107 226//226
f 355//355 1670//1670 256//256
f 3947//3947 3275//3275 4071//4071
f 3442//3442 3679//3679 2662//2662
f 3686//3686 2958//2958 3153//3153
f 1845//1845 3124//3124 840//840
f 1025//1025 3242//3242 1206//1206
f 3345//3345 3116//3116 1930//1930
f 2311//2311 181//181 2151//2151
f 2889//2889 1201//1201 1213//1213
f 1152//1152 795//795 2054//2054
f 2826//2826 456//456 1303//1303
f 3412//3412 1983//1983 3704//3704
f 518//518 3935//3935 1738//1738
f 2888//2888 1569//1569 1218//1218
f 3203//3203 4143//4143 2507//2507
f 172//172 3467//3467 501//501
f 1303//1303 2137//2137 1062//1062
f 1480//1480 1920//1920 569//569
f 3343//3343 3118//3118 1566//1566
f 2445//2445 3238//3238 1242//1242
f 3396//3396 3792//3792 305//305
f 3200//3200 3107//3107 3205//3205
f 3156//3156 3581//3581 3409//3409
f 3522//3522 2035//2035 1621//1621
f 2933//2933 1818//1818 196//196
f 3735//3735 3693//3693 3758//3758
f 1605//1605 3960//3960 413//413
f 3377//3377 2908//2908 235//235
f 1057//1057 3377//3377 235//235
f 2726//2726 1202//1202 693//693
f 3712//3712 1181//1181 2235//2235
f 2659//2659 3223//3223 1815//1815
f 1937//1937 3225//3225 2148//2148
f 3882//3882 797//797 3501//3501
f 161//161 3746//3746 730//730
f 3090//3090 3370//3370 263//263
f 2197//2197 603//603 1096//1096
f 885//885 1338//1338 3705//3705
f 341//341 3479//3479 242//242
f 656//656 3802//3802 1633//1633
f 2877//2877 1868//1868 1346//1346
f 3666//3666 987//987 244//244
f 1716//1716 1715//1715 245//245
f 411//411 2954//2954 574//574
f 1792//1792 2734//2734 2573//2573
f 2281//2281 3490//3490 1468//1468
f 357//357 3700//3700 1556//1556
f 3700//3700 3728//3728 1556//1556
f 3530//3530 1820//1820 1561//1561
f 4129//4129 1143//1143 280//280
f 3273//3273 218//218 1881//1881
f 1167//1167 2417//2417 650//650
f 1783//1783 3123//3123 238//238
f 2788//2788 576//576 581//581
f 1018//1018 3427//3427 1860//1860
f 833//833 3385//3385 3098//3098
f 1805//1805 3136//3136 3992//3992
f 2255//2255 3776//3776 1395//1395
f 2700//2700 2255//2255 1395//1395
f 1034//1034 1820//1820 1992//1992
f 2976//2976 1034//1034 1992//1992
f 2600//2600 145//145 1232//1232
f 3377//3377 1725//1725 2908//2908
f 1661//1661 520//520 249//249
f 391//391 3536//3536 1649//1649
f 1077//1077 3856//3856 996//996
f 1920//1920 3933//3933 250//250
f 1974//1974 3680//3680 2520//2520
f 3680//3680 770//770 2520//2520
f 4045//4045 520//520 646//646
f 938//938 3780//3780 2448//2448
f 2214//2214 2213//2213 2479//2479
f 2159//2159 3959//3959 2970//2970
f 4123//4123 2033//2033 3613//3613
f 3418//3418 1660//1660 1796//1796
f 2500//2500 1126//1126 2897//2897
f 3816//3816 1038//1038 3418//3418
f 3951//3951 1972//1972 2786//2786
f 1145//1145 2860//2860 3763//3763
f 2506//2506 238//238 2014//2014
f 1279//1279 2506//2506 2014//2014
f 3499//3499 2457//2457 732//732
f 1621//1621 3148//3148 832//832
f 1518//1518 526//526 254//254
f 1204//1204 2093//2093 564//564
f 818//818 3149//3149 1124//1124
f 2752//2752 1791//1791 544//544
f 345//345 3452//3452 1645//1645
f 205//205 3512//3512 1414//1414
f 854//854 2688//2688 2791//2791
f 2042//2042 66//66 3502//3502
f 2343//2343 1844//1844 267//267
f 3142//3142 2343//2343 267//267
f 106//106 2461//2461 965//965
f 1937//1937 3338//3338 3225//3225
f 1777//1777 2837//2837 2955//2955
f 189//189 196//196 1818//1818
f 3237//3237 3333//3333 4024//4024
f 3484//3484 3249//3249 227//227
f 3076//3076 3233//3233 3847//3847
f 3891//3891 2977//2977 312//312
f 2558//2558 1088//1088 642//642
f 1660//1660 3244//3244 3486//3486
f 2086//2086 2087//2087 3923//3923
f 144//144 141//141 153//153
f 2209//2209 3759//3759 3880//3880
f 919//919 410//410 792//792
f 410//410 2419//2419 792//792
f 1520//1520 3090//3090 263//263
f 1501//1501 3500//3500 3045//3045
f 3477//3477 1761//1761 997//997
f 3971//3971 1359//1359 2559//2559
f 1261//1261 2922//2922 3862//3862
f 834//834 2806//2806 3784//3784
f 3014//3014 3016//3016 3421//3421
f 2059//2059 2058//2058 4063//4063
f 1526//1526 3812//3812 2712//2712
f 2084//2084 2788//2788 581//581
f 2981//2981 2384//2384 1304//1304
f 2209//2209 2978//2978 3759//3759
f 1879//1879 300//300 4000//4000
f 3810//3810 2770//2770 2060//2060
f 1832//1832 382//382 3614//3614
f 4137//4137 461//461 1307//1307
f 2551//2551 1606//1606 1009//1009
f 2316//2316 3035//3035 3311//3311
f 2084//2084 1303//1303 1583//1583
f 2115//2115 4139//4139 289//289
f 2609//2609 2613//2613 2309//2309
f 1583//1583 535//535 1798//1798
f 1358//1358 1298//1298 2029//2029
f 2167//2167 3779//3779 2745//2745
f 2475//2475 1968//1968 1514//1514
f 4137//4137 1307//1307 4021//4021
f 4105//4105 1574//1574 4117//4117
f 1786//1786 2528//2528 3572//3572
f 2885//2885 3950//3950 2577//2577
f 3484//3484 758//758 3632//3632
f 1427//1427 1434//1434 3765//3765
f 3661//3661 1927//1927 3379//3379
f 1071//1071 2630//2630 2960//2960
f 3882//3882 2763//2763 3966//3966
f 1524//1524 1263//1263 1513//1513
f 3066//3066 3510//3510 441//441
f 1151//1151 1658//1658 2863//2863
f 2900//2900 1035//1035 199//199
f 1812//1812 2130//2130 278//278
f 518//518 1738//1738 4116//4116
f 3487//3487 249//249 3260//3260
f 2107//2107 3962//3962 1766//1766
f 3393//3393 1354//1354 2617//2617
f 423//423 1884//1884 680//680
f 3761//3761 3521//3521 1127//1127
f 2791//2791 754//754 2478//2478
f 3326//3326 3017//3017 983//983
f 3094//3094 2031//2031 1662//1662
f 1547//1547 2770//2770 3810//3810
f 2785//2785 2514//2514 4040//4040
f 3962//3962 1103//1103 1766//1766
f 2524//2524 3491//3491 1446//1446
f 3910//3910 3429//3429 2879//2879
f 13//13 1720//1720 2928//2928
f 2223//2223 2989//2989 3879//3879
f 3404//3404 3402//3402 282//282
f 227//227 3249//3249 284//284
f 1411//1411 572//572 3274//3274
f 2857//2857 1590//1590 1143//1143
f 719//719 584//584 1736//1736
f 220//220 806//806 998//998
f 806//806 3574//3574 998//998
f 1865//1865 2641//2641 77//77
f 3382//3382 1935//1935 2313//2313
f 2680//2680 2217//2217 3414//3414
f 220//220 2311//2311 1318//1318
f 2842//2842 773//773 3584//3584
f 2204//2204 1952//1952 533//533
f 3892//3892 3514//3514 2960//2960
f 3495//3495 54//54 1074//1074
f 2418//2418 3622//3622 3626//3626
f 3622//3622 3624//3624 3626//3626
f 1583//1583 2788//2788 2084//2084
f 711//711 1051//1051 828//828
f 4054//4054 1119//1119 1186//1186
f 3390//3390 2617//2617 212//212
f 2373//2373 96//96 3411//3411
f 2008//2008 3418//3418 3815//3815
f 3280//3280 4111//4111 2506//2506
f 2983//2983 67//67 1367//1367
f 2344//2344 545//545 583//583
f 3939//3939 3079//3079 2921//2921
f 2345//2345 259//259 1963//1963
f 1815//1815 3223//3223 267//267
f 2641//2641 566//566 91//91
f 2338//2338 1100//1100 1570//1570
f 1186//1186 275//275 2942//2942
f 1242//1242 3936//3936 1249//1249
f 3189//3189 4133//4133 3505//3505
f 3775//3775 3292//3292 57//57
f 3495//3495 3884//3884 230//230
f 3796//3796 1068//1068 3609//3609
f 3471//3471 491//491 1337//1337
f 2155//2155 2945//2945 3705//3705
f 523//523 43//43 2363//2363
f 212//212 1356//1356 311//311
f 2505//2505 774//774 3479//3479
f 1724//1724 1837//1837 804//804
f 4041//4041 3733//3733 4135//4135
f 986//986 1968//1968 2475//2475
f 1683//1683 128//128 1677//1677
f 2285//2285 2284//2284 252//252
f 1303//1303 535//535 1583//1583
f 3215//3215 582//582 3285//3285
f 2829//2829 949//949 947//947
f 434//434 2729//2729 709//709
f 2578//2578 2575//2575 3638//3638
f 1279//1279 2014//2014 3279//3279
f 657//657 1768//1768 2954//2954
f 121//121 756//756 298//298
f 1112//1112 346//346 318//318
f 3900//3900 2185//2185 2481//2481
f 2343//2343 1818//1818 2933//2933
f 2966//2966 2343//2343 2933//2933
f 2167//2167 1466//1466 4018//4018
f 2364//2364 1781//1781 2865//2865
f 2736//2736 1188//1188 279//279
f 3965//3965 2736//2736 279//279
f 591//591 618//618 3143//3143
f 1879//1879 3269//3269 300//300
f 1512//1512 3236//3236 2965//2965
f 2579//2579 943//943 3933//3933
f 2381//2381 1349//1349 3887//3887
f 1349//1349 1352//1352 3887//3887
f 3348//3348 1353//1353 1525//1525
f 2800//2800 1357//1357 312//312
f 1081//1081 2207//2207 3890//3890
f 262//262 3887//3887 304//304
f 1954//1954 3893//3893 577//577
f 307//307 3890//3890 3891//3891
f 1357//1357 3891//3891 312//312
f 1357//1357 3676//3676 3891//3891
f 1592//1592 2177//2177 3363//3363
f 3396//3396 3389//3389 1816//1816
f 1347//1347 2800//2800 310//310
f 304//304 3673//3673 310//310
f 262//262 304//304 310//310
f 1970//1970 1106//1106 2030//2030
f 1347//1347 1357//1357 2800//2800
f 307//307 1081//1081 3890//3890
f 3888//3888 1970//1970 2030//2030
f 1350//1350 2029//2029 1267//1267
f 3887//3887 1348//1348 304//304
f 1348//1348 3673//3673 304//304
f 3676//3676 307//307 3891//3891
f 1352//1352 1348//1348 3887//3887
f 3673//3673 1347//1347 310//310
f 1193//1193 359//359 1528//1528
f 2379//2379 3008//3008 1181//1181
f 1575//1575 3055//3055 3//3
f 1560//1560 343//343 2135//2135
f 438//438 548//548 3503//3503
f 355//355 1575//1575 3//3
f 3144//3144 3453//3453 3598//3598
f 430//430 1180//1180 4010//4010
f 5//5 3726//3726 1084//1084
f 443//443 8//8 3005//3005
f 431//431 330//330 444//444
f 7//7 353//353 1573//1573
f 3519//3519 3510//3510 11//11
f 321//321 360//360 1185//1185
f 316//316 3387//3387 4012//4012
f 3376//3376 444//444 330//330
f 4//4 3//3 3007//3007
f 322//322 3063//3063 3056//3056
f 3510//3510 1121//1121 319//319
f 3964//3964 522//522 11//11
f 324//324 3700//3700 1981//1981
f 1591//1591 3954//3954 791//791
f 450//450 358//358 3053//3053
f 3006//3006 3376//3376 2680//2680
f 1121//1121 3958//3958 3726//3726
f 3727//3727 323//323 4054//4054
f 1640//1640 2789//2789 2509//2509
f 3052//3052 1115//1115 1283//1283
f 3519//3519 326//326 1121//1121
f 99//99 330//330 3975//3975
f 3053//3053 3011//3011 3704//3704
f 3544//3544 240//240 3954//3954
f 3482//3482 2216//2216 302//302
f 3975//3975 3052//3052 1283//1283
f 302//302 880//880 3701//3701
f 3705//3705 1338//1338 1183//1183
f 3703//3703 4011//4011 327//327
f 789//789 3053//3053 3704//3704
f 1117//1117 1264//1264 433//433
f 1264//1264 1189//1189 1642//1642
f 330//330 99//99 3010//3010
f 3794//3794 340//340 2036//2036
f 3403//3403 3608//3608 1364//1364
f 2124//2124 1618//1618 242//242
f 860//860 3401//3401 332//332
f 333//333 860//860 332//332
f 3956//3956 336//336 2389//2389
f 340//340 2690//2690 1301//1301
f 3606//3606 2667//2667 3876//3876
f 850//850 3402//3402 3384//3384
f 337//337 3400//3400 857//857
f 844//844 3760//3760 334//334
f 1621//1621 2035//2035 341//341
f 2844//2844 268//268 2635//2635
f 3406//3406 2390//2390 1822//1822
f 339//339 3794//3794 2036//2036
f 2037//2037 2391//2391 2846//2846
f 2496//2496 2667//2667 2501//2501
f 2685//2685 3405//3405 1065//1065
f 1364//1364 268//268 1125//1125
f 2496//2496 3607//3607 336//336
f 3606//3606 2501//2501 2667//2667
f 857//857 3612//3612 337//337
f 855//855 2689//2689 773//773
f 201//201 3401//3401 860//860
f 2038//2038 2496//2496 336//336
f 1564//1564 2989//2989 3608//3608
f 1365//1365 334//334 1368//1368
f 3097//3097 2183//2183 3216//3216
f 850//850 800//800 3876//3876
f 2392//2392 3216//3216 2183//2183
f 3609//3609 2678//2678 1822//1822
f 335//335 2039//2039 337//337
f 341//341 242//242 3148//3148
f 1854//1854 2040//2040 2393//2393
f 2678//2678 3384//3384 3404//3404
f 3400//3400 3401//3401 201//201
f 3384//3384 800//800 850//850
f 769//769 2986//2986 339//339
f 2673//2673 3401//3401 3400//3400
f 339//339 3405//3405 769//769
f 439//439 1183//1183 2963//2963
f 360//360 321//321 438//438
f 349//349 427//427 342//342
f 2823//2823 1076//1076 3711//3711
f 3004//3004 451//451 4//4
f 11//11 361//361 3964//3964
f 2636//2636 3108//3108 3583//3583
f 2135//2135 3152//3152 2//2
f 429//429 3710//3710 317//317
f 1763//1763 438//438 2811//2811
f 8//8 3151//3151 343//343
f 1112//1112 3015//3015 346//346
f 775//775 3488//3488 5//5
f 427//427 3603//3603 342//342
f 314//314 3713//3713 350//350
f 430//430 3421//3421 1180//1180
f 2811//2811 346//346 1763//1763
f 3510//3510 3709//3709 11//11
f 2153//2153 444//444 344//344
f 3063//3063 322//322 352//352
f 851//851 428//428 3460//3460
f 3510//3510 3066//3066 3709//3709
f 351//351 2693//2693 2232//2232
f 342//342 842//842 3714//3714
f 1//1 3451//3451 445//445
f 4017//4017 1763//1763 346//346
f 447//447 1184//1184 437//437
f 440//440 438//438 2958//2958
f 3460//3460 315//315 2767//2767
f 2767//2767 315//315 447//447
f 2150//2150 1236//1236 791//791
f 3732//3732 443//443 2509//2509
f 4012//4012 3387//3387 2237//2237
f 4041//4041 3713//3713 314//314
f 1133//1133 432//432 448//448
f 438//438 1763//1763 2958//2958
f 437//437 2696//2696 2691//2691
f 568//568 2782//2782 2242//2242
f 3982//3982 2232//2232 2693//2693
f 453//453 1665//1665 2242//2242
f 1666//1666 447//447 2691//2691
f 1673//1673 3182//3182 2693//2693
f 892//892 3984//3984 2153//2153
f 2238//2238 1671//1671 2234//2234
f 1135//1135 902//902 3066//3066
f 2658//2658 1529//1529 2240//2240
f 1529//1529 2658//2658 439//439
f 3062//3062 3152//3152 2944//2944
f 4016//4016 3488//3488 1200//1200
f 453//453 4135//4135 2510//2510
f 1196//1196 3732//3732 2239//2239
f 3153//3153 2694//2694 3065//3065
f 2692//2692 443//443 3734//3734
f 3150//3150 366//366 2236//2236
f 2767//2767 447//447 1666//1666
f 901//901 1776//1776 1137//1137
f 2140//2140 1671//1671 1136//1136
f 2396//2396 3001//3001 369//369
f 1379//1379 4130//4130 1635//1635
f 376//376 1379//1379 1635//1635
f 2048//2048 3000//3000 1821//1821
f 1627//1627 2122//2122 3991//3991
f 2854//2854 1389//1389 1862//1862
f 1821//1821 1372//1372 3615//3615
f 2399//2399 2698//2698 3407//3407
f 2545//2545 3408//3408 3800//3800
f 73//73 2994//2994 1628//1628
f 2045//2045 371//371 873//873
f 280//280 1808//1808 4129//4129
f 3807//3807 3874//3874 1140//1140
f 2859//2859 877//877 3154//3154
f 2202//2202 75//75 608//608
f 3809//3809 3806//3806 4127//4127
f 281//281 3585//3585 1576//1576
f 3296//3296 1397//1397 2543//2543
f 1380//1380 376//376 1630//1630
f 379//379 1380//1380 1630//1630
f 371//371 2045//2045 2404//2404
f 609//609 374//374 384//384
f 2051//2051 377//377 383//383
f 2543//2543 3717//3717 3296//3296
f 1856//1856 1859//1859 3410//3410
f 861//861 2045//2045 873//873
f 2049//2049 2399//2399 3407//3407
f 845//845 4125//4125 384//384
f 75//75 3299//3299 608//608
f 3000//3000 1372//1372 1821//1821
f 2402//2402 874//874 2405//2405
f 1635//1635 2044//2044 376//376
f 1633//1633 4124//4124 2397//2397
f 2701//2701 29//29 3616//3616
f 2395//2395 2172//2172 378//378
f 2172//2172 382//382 378//378
f 3807//3807 1140//1140 233//233
f 1625//1625 570//570 875//875
f 3802//3802 1371//1371 2852//2852
f 378//378 3410//3410 2395//2395
f 2874//2874 1374//1374 25//25
f 2044//2044 1630//1630 376//376
f 1633//1633 3802//3802 2852//2852
f 1149//1149 370//370 3616//3616
f 1314//1314 4124//4124 1633//1633
f 2403//2403 2401//2401 3409//3409
f 2401//2401 1378//1378 3409//3409
f 863//863 2047//2047 2545//2545
f 2412//2412 556//556 761//761
f 3617//3617 390//390 3419//3419
f 1067//1067 3617//3617 3419//3419
f 3812//3812 2058//2058 2059//2059
f 2677//2677 3417//3417 388//388
f 2816//2816 385//385 3419//3419
f 385//385 1067//1067 3419//3419
f 1997//1997 1648//1648 2647//2647
f 2063//2063 2409//2409 2411//2411
f 2816//2816 2677//2677 385//385
f 2410//2410 2864//2864 1995//1995
f 392//392 1657//1657 888//888
f 390//390 3617//3617 2055//2055
f 2064//2064 2412//2412 389//389
f 2816//2816 3417//3417 2677//2677
f 1995//1995 2864//2864 3013//3013
f 1159//1159 1997//1997 2059//2059
f 1088//1088 2410//2410 1789//1789
f 389//389 2406//2406 393//393
f 3617//3617 2647//2647 386//386
f 2063//2063 387//387 2409//2409
f 886//886 4066//4066 3164//3164
f 191//191 248//248 3697//3697
f 3620//3620 391//391 1649//1649
f 890//890 2059//2059 1997//1997
f 2055//2055 3617//3617 386//386
f 642//642 2407//2407 2065//2065
f 2412//2412 826//826 389//389
f 2079//2079 3428//3428 3777//3777
f 1998//1998 3426//3426 2783//2783
f 138//138 1018//1018 1860//1860
f 1678//1678 2265//2265 3717//3717
f 3114//3114 651//651 2414//2414
f 3267//3267 1410//1410 4072//4072
f 3428//3428 4070//4070 397//397
f 574//574 3425//3425 2342//2342
f 817//817 403//403 200//200
f 3820//3820 420//420 1168//1168
f 3165//3165 2074//2074 1203//1203
f 1012//1012 76//76 1780//1780
f 1342//1342 3484//3484 1769//1769
f 78//78 3631//3631 2721//2721
f 2247//2247 78//78 2721//2721
f 3432//3432 2079//2079 2425//2425
f 2414//2414 407//407 3630//3630
f 814//814 3426//3426 1998//1998
f 410//410 411//411 2419//2419
f 3424//3424 2079//2079 3432//3432
f 3947//3947 1403//1403 3275//3275
f 681//681 3167//3167 4075//4075
f 2077//2077 3263//3263 1685//1685
f 2879//2879 3429//3429 1886//1886
f 403//403 817//817 1686//1686
f 817//817 232//232 1686//1686
f 1769//1769 3484//3484 3632//3632
f 4074//4074 396//396 1888//1888
f 404//404 3168//3168 2723//2723
f 2359//2359 3997//3997 3295//3295
f 1780//1780 92//92 2870//2870
f 2570//2570 3427//3427 1405//1405
f 3264//3264 653//653 1169//1169
f 1674//1674 400//400 2415//2415
f 401//401 1863//1863 405//405
f 399//399 402//402 3952//3952
f 420//420 1681//1681 1168//1168
f 1860//1860 3424//3424 138//138
f 650//650 2417//2417 396//396
f 647//647 2069//2069 1589//1589
f 2422//2422 3777//3777 3428//3428
f 2783//2783 1674//1674 2415//2415
f 410//410 919//919 200//200
f 400//400 3295//3295 3997//3997
f 3170//3170 412//412 4072//4072
f 3629//3629 3512//3512 2073//2073
f 3432//3432 138//138 3424//3424
f 4075//4075 82//82 681//681
f 1162//1162 2416//2416 1167//1167
f 1175//1175 1403//1403 3947//3947
f 2495//2495 2421//2421 2420//2420
f 406//406 3717//3717 2265//2265
f 397//397 3169//3169 232//232
f 1787//1787 411//411 410//410
f 1012//1012 916//916 76//76
f 409//409 1998//1998 398//398
f 2872//2872 667//667 3629//3629
f 2073//2073 2872//2872 3629//3629
f 4070//4070 3169//3169 397//397
f 397//397 2422//2422 3428//3428
f 409//409 2342//2342 3425//3425
f 1683//1683 2866//2866 128//128
f 1978//1978 202//202 399//399
f 2262//2262 421//421 2577//2577
f 695//695 3635//3635 836//836
f 2434//2434 695//695 836//836
f 2482//2482 418//418 1831//1831
f 418//418 2932//2932 1831//1831
f 1762//1762 3671//3671 418//418
f 3671//3671 2431//2431 418//418
f 3437//3437 777//777 2494//2494
f 836//836 1973//1973 2434//2434
f 1288//1288 3671//3671 1762//1762
f 4145//4145 3099//3099 136//136
f 686//686 1211//1211 1891//1891
f 3825//3825 3031//3031 2265//2265
f 134//134 3113//3113 2721//2721
f 2261//2261 2433//2433 416//416
f 4060//4060 4145//4145 1876//1876
f 2259//2259 2480//2480 1327//1327
f 1828//1828 2430//2430 417//417
f 2430//2430 426//426 417//417
f 416//416 2260//2260 2261//2261
f 909//909 3222//3222 1203//1203
f 2435//2435 1973//1973 836//836
f 140//140 2427//2427 3555//3555
f 1288//1288 1762//1762 3555//3555
f 3113//3113 681//681 82//82
f 419//419 3557//3557 3438//3438
f 425//425 1893//1893 1889//1889
f 3556//3556 691//691 3435//3435
f 2721//2721 3921//3921 134//134
f 3434//3434 1762//1762 418//418
f 424//424 2260//2260 416//416
f 1878//1878 677//677 1889//1889
f 686//686 1891//1891 243//243
f 3273//3273 424//424 3558//3558
f 2425//2425 3777//3777 3271//3271
f 3435//3435 539//539 3556//3556
f 539//539 1831//1831 3556//3556
f 3437//3437 2494//2494 2266//2266
f 2590//2590 905//905 4009//4009
f 1884//1884 3634//3634 3788//3788
f 3634//3634 2435//2435 2679//2679
f 3631//3631 2267//2267 3921//3921
f 3435//3435 691//691 2430//2430
f 1828//1828 3435//3435 2430//2430
f 428//428 4011//4011 315//315
f 2232//2232 2963//2963 351//351
f 3054//3054 433//433 851//851
f 1189//1189 3054//3054 2830//2830
f 3052//3052 356//356 325//325
f 450//450 789//789 353//353
f 2215//2215 317//317 351//351
f 1184//1184 447//447 315//315
f 3053//3053 3598//3598 3453//3453
f 3108//3108 1981//1981 357//357
f 2218//2218 3964//3964 3732//3732
f 3008//3008 1193//1193 1528//1528
f 3710//3710 429//429 6//6
f 323//323 2//2 3152//3152
f 1184//1184 315//315 3452//3452
f 3728//3728 1116//1116 2668//2668
f 323//323 3727//3727 2//2
f 330//330 3010//3010 3376//3376
f 1560//1560 2135//2135 2//2
f 430//430 1118//1118 3058//3058
f 3007//3007 331//331 4//4
f 450//450 3053//3053 789//789
f 317//317 2215//2215 429//429
f 789//789 1573//1573 353//353
f 4011//4011 3703//3703 315//315
f 428//428 433//433 4011//4011
f 1180//1180 432//432 883//883
f 3702//3702 2215//2215 351//351
f 3004//3004 331//331 2155//2155
f 319//319 1121//1121 3726//3726
f 1453//1453 436//436 3172//3172
f 3009//3009 1586//1586 3412//3412
f 1643//1643 98//98 2739//2739
f 2628//2628 2901//2901 3543//3543
f 3172//3172 104//104 1453//1453
f 2278//2278 3173//3173 1817//1817
f 1325//1325 1807//1807 1457//1457
f 2731//2731 3496//3496 435//435
f 1458//1458 3546//3546 3913//3913
f 1983//1983 1460//1460 2080//2080
f 2729//2729 434//434 3914//3914
f 95//95 2278//2278 1817//1817
f 1//1 437//437 345//345
f 352//352 322//322 3144//3144
f 1192//1192 320//320 1591//1591
f 3728//3728 325//325 1556//1556
f 3710//3710 9//9 317//317
f 2379//2379 1193//1193 3008//3008
f 3489//3489 1591//1591 791//791
f 360//360 2150//2150 1185//1185
f 3151//3151 8//8 443//443
f 2830//2830 1672//1672 1189//1189
f 3732//3732 2509//2509 2218//2218
f 2237//2237 3451//3451 4012//4012
f 3460//3460 428//428 315//315
f 1189//1189 3711//3711 1076//1076
f 349//349 342//342 3714//3714
f 3014//3014 3062//3062 3016//3016
f 3672//3672 442//442 842//842
f 3489//3489 791//791 1236//1236
f 1181//1181 2823//2823 2235//2235
f 3006//3006 892//892 344//344
f 2958//2958 4017//4017 3153//3153
f 4017//4017 3015//3015 452//452
f 352//352 3144//3144 3598//3598
f 439//439 451//451 3004//3004
f 3686//3686 546//546 440//440
f 5//5 364//364 319//319
f 362//362 2695//2695 316//316
f 362//362 316//316 3063//3063
f 2695//2695 2237//2237 3387//3387
f 842//842 3733//3733 3714//3714
f 3458//3458 450//450 353//353
f 3711//3711 1189//1189 1672//1672
f 453//453 350//350 1190//1190
f 3451//3451 2237//2237 445//445
f 1112//1112 3731//3731 449//449
f 360//360 546//546 1236//1236
f 4016//4016 5//5 3488//3488
f 2695//2695 3387//3387 316//316
f 4041//4041 3714//3714 3733//3733
f 446//446 353//353 7//7
f 3983//3983 893//893 1192//1192
f 540//540 2823//2823 3711//3711
f 2830//2830 3054//3054 3459//3459
f 2150//2150 360//360 1236//1236
f 439//439 2963//2963 2232//2232
f 1134//1134 350//350 453//453
f 454//454 3020//3020 3645//3645
f 1733//1733 3878//3878 3552//3552
f 1529//1529 722//722 3175//3175
f 457//457 1798//1798 3969//3969
f 4022//4022 1588//1588 3652//3652
f 1664//1664 2083//2083 2740//2740
f 2740//2740 459//459 1664//1664
f 3869//3869 461//461 1320//1320
f 718//718 1669//1669 3553//3553
f 3179//3179 120//120 1588//1588
f 1199//1199 462//462 3176//3176
f 1729//1729 898//898 3984//3984
f 1465//1465 1196//1196 1732//1732
f 3984//3984 4020//4020 1729//1729
f 3550//3550 726//726 460//460
f 463//463 118//118 2280//2280
f 118//118 3915//3915 2280//2280
f 3739//3739 1471//1471 1666//1666
f 3064//3064 2744//2744 1469//1469
f 2288//2288 2944//2944 3457//3457
f 1798//1798 3779//3779 1583//1583
f 3457//3457 1721//1721 2288//2288
f 3288//3288 113//113 458//458
f 1673//1673 3575//3575 722//722
f 1468//1468 462//462 1199//1199
f 1473//1473 1464//1464 3650//3650
f 3852//3852 3330//3330 2082//2082
f 3176//3176 1607//1607 2083//2083
f 975//975 2243//2243 3181//3181
f 3549//3549 3181//3181 117//117
f 1489//1489 469//469 470//470
f 564//564 2093//2093 3655//3655
f 2273//2273 704//704 696//696
f 156//156 2273//2273 696//696
f 146//146 1231//1231 2274//2274
f 1431//1431 2953//2953 940//940
f 1227//1227 2591//2591 143//143
f 3219//3219 3773//3773 2951//2951
f 2091//2091 1905//1905 2277//2277
f 1431//1431 1091//1091 152//152
f 3445//3445 479//479 467//467
f 2274//2274 1231//1231 3656//3656
f 476//476 3559//3559 1300//1300
f 2927//2927 476//476 1300//1300
f 472//472 2270//2270 2085//2085
f 2272//2272 3440//3440 2441//2441
f 3440//3440 474//474 2441//2441
f 467//467 2436//2436 474//474
f 3925//3925 1416//1416 3516//3516
f 579//579 2276//2276 700//700
f 1901//1901 1778//1778 697//697
f 3032//3032 1693//1693 1482//1482
f 197//197 3126//3126 1330//1330
f 705//705 3561//3561 2269//2269
f 2598//2598 701//701 475//475
f 474//474 3445//3445 467//467
f 472//472 151//151 145//145
f 579//579 2271//2271 2276//2276
f 477//477 3562//3562 704//704
f 261//261 3307//3307 2748//2748
f 3312//3312 261//261 1478//1478
f 479//479 148//148 3561//3561
f 2274//2274 1897//1897 146//146
f 155//155 3312//3312 1478//1478
f 2441//2441 3560//3560 2272//2272
f 538//538 197//197 830//830
f 699//699 467//467 479//479
f 1223//1223 2088//2088 2498//2498
f 2444//2444 2100//2100 1910//1910
f 2453//2453 2444//2444 1910//1910
f 2011//2011 952//952 2798//2798
f 2306//2306 2299//2299 2447//2447
f 837//837 3932//3932 480//480
f 2340//2340 2502//2502 163//163
f 2298//2298 2098//2098 2302//2302
f 487//487 3564//3564 2449//2449
f 2299//2299 158//158 734//734
f 2447//2447 2299//2299 734//734
f 2526//2526 2502//2502 2307//2307
f 1248//1248 2304//2304 730//730
f 2164//2164 2457//2457 3476//3476
f 3663//3663 2445//2445 165//165
f 2302//2302 2300//2300 484//484
f 2946//2946 483//483 2301//2301
f 2164//2164 2100//2100 2444//2444
f 2459//2459 2305//2305 534//534
f 728//728 1487//1487 1508//1508
f 2307//2307 1919//1919 1002//1002
f 3663//3663 165//165 3447//3447
f 3565//3565 1334//1334 3132//3132
f 2297//2297 2294//2294 959//959
f 487//487 3494//3494 2453//2453
f 1910//1910 487//487 2453//2453
f 159//159 4080//4080 763//763
f 3563//3563 1915//1915 2451//2451
f 534//534 3132//3132 1334//1334
f 162//162 483//483 3564//3564
f 487//487 162//162 3564//3564
f 2295//2295 2307//2307 2502//2502
f 2946//2946 3564//3564 483//483
f 3688//3688 1531//1531 3449//3449
f 2300//2300 2305//2305 484//484
f 2304//2304 589//589 288//288
f 1310//1310 2303//2303 2341//2341
f 3230//3230 3450//3450 2893//2893
f 3447//3447 1310//1310 2341//2341
f 157//157 482//482 2303//2303
f 2101//2101 486//486 161//161
f 2449//2449 3494//3494 487//487
f 841//841 3784//3784 2806//2806
f 834//834 3198//3198 956//956
f 2454//2454 163//163 2829//2829
f 2459//2459 484//484 2305//2305
f 2301//2301 3448//3448 2946//2946
f 2455//2455 763//763 4080//4080
f 959//959 516//516 2297//2297
f 506//506 3573//3573 3699//3699
f 3573//3573 3117//3117 3699//3699
f 495//495 2309//2309 508//508
f 743//743 174//174 498//498
f 2472//2472 3602//3602 492//492
f 507//507 3259//3259 3117//3117
f 1980//1980 509//509 507//507
f 744//744 992//992 2032//2032
f 505//505 560//560 173//173
f 1297//1297 170//170 3349//3349
f 746//746 497//497 3472//3472
f 2311//2311 749//749 494//494
f 181//181 2311//2311 494//494
f 497//497 747//747 495//495
f 747//747 745//745 495//495
f 1252//1252 1568//1568 3338//3338
f 3046//3046 1571//1571 3571//3571
f 1604//1604 2312//2312 500//500
f 1980//1980 491//491 509//509
f 492//492 3602//3602 3472//3472
f 3473//3473 492//492 3472//3472
f 3569//3569 500//500 2312//2312
f 2308//2308 3699//3699 3117//3117
f 4034//4034 1766//1766 504//504
f 2323//2323 3232//3232 1574//1574
f 2182//2182 3111//3111 499//499
f 1318//1318 3478//3478 496//496
f 1932//1932 1000//1000 1746//1746
f 492//492 3473//3473 3111//3111
f 503//503 494//494 749//749
f 3111//3111 2472//2472 492//492
f 3572//3572 2528//2528 1319//1319
f 3361//3361 3589//3589 502//502
f 3473//3473 499//499 3111//3111
f 924//924 265//265 1689//1689
f 1337//1337 491//491 244//244
f 4017//4017 346//346 3015//3015
f 122//122 2262//2262 683//683
f 3084//3084 2643//2643 513//513
f 2643//2643 3286//3286 513//513
f 4014//4014 2638//2638 820//820
f 719//719 3590//3590 584//584
f 2934//2934 203//203 2139//2139
f 783//783 1303//1303 456//456
f 3698//3698 1265//1265 1287//1287
f 3590//3590 719//719 2909//2909
f 2095//2095 3660//3660 486//486
f 3183//3183 3950//3950 3243//3243
f 1050//1050 2163//2163 713//713
f 2022//2022 3775//3775 1344//1344
f 950//950 2450//2450 2011//2011
f 3860//3860 3858//3858 4040//4040
f 2786//2786 354//354 318//318
f 3354//3354 1875//1875 2355//2355
f 4124//4124 1139//1139 3900//3900
f 3915//3915 1671//1671 3177//3177
f 1872//1872 1805//1805 782//782
f 3841//3841 1244//1244 1836//1836
f 569//569 1741//1741 586//586
f 244//244 1980//1980 3666//3666
f 3522//3522 3360//3360 2163//2163
f 757//757 3067//3067 26//26
f 49//49 3277//3277 1956//1956
f 3277//3277 2521//2521 1956//1956
f 2889//2889 2887//2887 1442//1442
f 1303//1303 3579//3579 535//535
f 1002//1002 4117//4117 1602//1602
f 2750//2750 935//935 3654//3654
f 3471//3471 4099//4099 3341//3341
f 292//292 2313//2313 1935//1935
f 763//763 3843//3843 159//159
f 2982//2982 1582//1582 2384//2384
f 1974//1974 2520//2520 526//526
f 2520//2520 254//254 526//526
f 3375//3375 284//284 202//202
f 1513//1513 3082//3082 1524//1524
f 770//770 1086//1086 4039//4039
f 961//961 2814//2814 2973//2973
f 1868//1868 2877//2877 571//571
f 2937//2937 1442//1442 2795//2795
f 3512//3512 917//917 1414//1414
f 2794//2794 1980//1980 507//507
f 1064//1064 2517//2517 1331//1331
f 1971//1971 1789//1789 1399//1399
f 2769//2769 2950//2950 3247//3247
f 2154//2154 2769//2769 3247//3247
f 1934//1934 4032//4032 3203//3203
f 3350//3350 596//596 3763//3763
f 2551//2551 1009//1009 3140//3140
f 2549//2549 2551//2551 3140//3140
f 2641//2641 3538//3538 566//566
f 3098//3098 4110//4110 3389//3389
f 2786//2786 1972//1972 1557//1557
f 2838//2838 2013//2013 2214//2214
f 3879//3879 2763//2763 2223//2223
f 531//531 2204//2204 533//533
f 3103//3103 1770//1770 2387//2387
f 3779//3779 2788//2788 1583//1583
f 1474//1474 1468//1468 3490//3490
f 2395//2395 2704//2704 866//866
f 531//531 533//533 4125//4125
f 3188//3188 3314//3314 542//542
f 3077//3077 2204//2204 979//979
f 4043//4043 204//204 1549//1549
f 804//804 581//581 1066//1066
f 1542//1542 110//110 888//888
f 27//27 1082//1082 1061//1061
f 750//750 3570//3570 3665//3665
f 2235//2235 2823//2823 540//540
f 3049//3049 174//174 2919//2919
f 66//66 2022//2022 2682//2682
f 2643//2643 3084//3084 1280//1280
f 2636//2636 2158//2158 1981//1981
f 3108//3108 2636//2636 1981//1981
f 2973//2973 1501//1501 961//961
f 3526//3526 2949//2949 543//543
f 1614//1614 1611//1611 616//616
f 1676//1676 2067//2067 3989//3989
f 3466//3466 3474//3474 502//502
f 3945//3945 1072//1072 207//207
f 1429//1429 2277//2277 1905//1905
f 2040//2040 18//18 3730//3730
f 1283//1283 1115//1115 2821//2821
f 637//637 3694//3694 641//641
f 277//277 2210//2210 1106//1106
f 244//244 1541//1541 1337//1337
f 1434//1434 3443//3443 3444//3444
f 51//51 2183//2183 3291//3291
f 2509//2509 2789//2789 2218//2218
f 360//360 440//440 546//546
f 2353//2353 3510//3510 3519//3519
f 329//329 3411//3411 96//96
f 3069//3069 1945//1945 3853//3853
f 2615//2615 3084//3084 1043//1043
f 1687//1687 1170//1170 1552//1552
f 182//182 3346//3346 550//550
f 1331//1331 2969//2969 530//530
f 2671//2671 2158//2158 1557//1557
f 2669//2669 2136//2136 294//294
f 386//386 2061//2061 2055//2055
f 548//548 438//438 321//321
f 949//949 2601//2601 2366//2366
f 1801//1801 1782//1782 2637//2637
f 750//750 1842//1842 2794//2794
f 1565//1565 314//314 2786//2786
f 2719//2719 1876//1876 2420//2420
f 4061//4061 573//573 257//257
f 3738//3738 3970//3970 3742//3742
f 3392//3392 48//48 36//36
f 3340//3340 4107//4107 552//552
f 1087//1087 1801//1801 4043//4043
f 3106//3106 1085//1085 3877//3877
f 1035//1035 1127//1127 199//199
f 624//624 3396//3396 1601//1601
f 3731//3731 354//354 350//350
f 2787//2787 1284//1284 2176//2176
f 1604//1604 500//500 173//173
f 3359//3359 814//814 409//409
f 814//814 1998//1998 409//409
f 140//140 836//836 3635//3635
f 3121//3121 2707//2707 3619//3619
f 1440//1440 1694//1694 1436//1436
f 3787//3787 35//35 2618//2618
f 997//997 1761//1761 3749//3749
f 661//661 2186//2186 374//374
f 618//618 1302//1302 612//612
f 417//417 426//426 1890//1890
f 3140//3140 1815//1815 2549//2549
f 3742//3742 3970//3970 1311//1311
f 1872//1872 782//782 3358//3358
f 2469//2469 4093//4093 1724//1724
f 2465//2465 270//270 4090//4090
f 270//270 4089//4089 4090//4090
f 3093//3093 1957//1957 217//217
f 4048//4048 1292//1292 2645//2645
f 1523//1523 285//285 3085//3085
f 2181//2181 1523//1523 3085//3085
f 3161//3161 1579//1579 1154//1154
f 1684//1684 3359//3359 409//409
f 3425//3425 1684//1684 409//409
f 1409//1409 1414//1414 1797//1797
f 2020//2020 1540//1540 2318//2318
f 4023//4023 2020//2020 2318//2318
f 933//933 1415//1415 1487//1487
f 3857//3857 1959//1959 2112//2112
f 545//545 1322//1322 3383//3383
f 2106//2106 753//753 2329//2329
f 2010//2010 575//575 2795//2795
f 2249//2249 2641//2641 1865//1865
f 2925//2925 2605//2605 995//995
f 998//998 3228//3228 559//559
f 436//436 3914//3914 3172//3172
f 1479//1479 1484//1484 1711//1711
f 1416//1416 3883//3883 1029//1029
f 3088//3088 1287//1287 1976//1976
f 2741//2741 1600//1600 1323//1323
f 2366//2366 1836//1836 947//947
f 2937//2937 2795//2795 3505//3505
f 3897//3897 605//605 561//561
f 1532//1532 3791//3791 562//562
f 3886//3886 4001//4001 1905//1905
f 1078//1078 1555//1555 2807//2807
f 819//819 2607//2607 1530//1530
f 2525//2525 819//819 1530//1530
f 2625//2625 891//891 3620//3620
f 2328//2328 2628//2628 3519//3519
f 2535//2535 338//338 3520//3520
f 529//529 3281//3281 2375//2375
f 2661//2661 2208//2208 563//563
f 264//264 2980//2980 308//308
f 524//524 1906//1906 3138//3138
f 3354//3354 2633//2633 1104//1104
f 172//172 3347//3347 4101//4101
f 1598//1598 2365//2365 2018//2018
f 3290//3290 767//767 38//38
f 586//586 4034//4034 177//177
f 3487//3487 1661//1661 249//249
f 3260//3260 2492//2492 3487//3487
f 3766//3766 258//258 565//565
f 1100//1100 2338//2338 2757//2757
f 3316//3316 2896//2896 4083//4083
f 1323//1323 3653//3653 2741//2741
f 2654//2654 611//611 2515//2515
f 2296//2296 2914//2914 3934//3934
f 1675//1675 3426//3426 2071//2071
f 2368//2368 2043//2043 2197//2197
f 2510//2510 4135//4135 3019//3019
f 1739//1739 552//552 2157//2157
f 3653//3653 1323//1323 2743//2743
f 1323//1323 1600//1600 2743//2743
f 3047//3047 3744//3744 841//841
f 2287//2287 2279//2279 3325//3325
f 2279//2279 3226//3226 3325//3325
f 1691//1691 3303//3303 2438//2438
f 357//357 3583//3583 3108//3108
f 1238//1238 2913//2913 210//210
f 1778//1778 922//922 547//547
f 3859//3859 3079//3079 3213//3213
f 1047//1047 1875//1875 1104//1104
f 100//100 1084//1084 1052//1052
f 300//300 1881//1881 4000//4000
f 1898//1898 3310//3310 4047//4047
f 290//290 2934//2934 2484//2484
f 3265//3265 125//125 572//572
f 3355//3355 490//490 3497//3497
f 1429//1429 3925//3925 928//928
f 2057//2057 2127//2127 1647//1647
f 482//482 2341//2341 2303//2303
f 2645//2645 2343//2343 3381//3381
f 3084//3084 513//513 1043//1043
f 3283//3283 50//50 3791//3791
f 1134//1134 3731//3731 350//350
f 1645//1645 106//106 1457//1457
f 1745//1745 2178//2178 4032//4032
f 4127//4127 3074//3074 607//607
f 2945//2945 2155//2155 331//331
f 923//923 4049//4049 705//705
f 3992//3992 2012//2012 803//803
f 3100//3100 1804//1804 2836//2836
f 3793//3793 3880//3880 768//768
f 3004//3004 4//4 331//331
f 1131//1131 1236//1236 546//546
f 2024//2024 1956//1956 2131//2131
f 3513//3513 2210//2210 1071//1071
f 4120//4120 1620//1620 580//580
f 2428//2428 685//685 3558//3558
f 1988//1988 1494//1494 1929//1929
f 671//671 1167//1167 650//650
f 1605//1605 3994//3994 108//108
f 226//226 3342//3342 4100//4100
f 204//204 588//588 3622//3622
f 1255//1255 1252//1252 582//582
f 3134//3134 955//955 956//956
f 383//383 597//597 2861//2861
f 1967//1967 3592//3592 228//228
f 2824//2824 1602//1602 2629//2629
f 1829//1829 2347//2347 2828//2828
f 159//159 734//734 3335//3335
f 1297//1297 2605//2605 1994//1994
f 2812//2812 2819//2819 3735//3735
f 3238//3238 1504//1504 1242//1242
f 1535//1535 1251//1251 4038//4038
f 3836//3836 2655//2655 544//544
f 2378//2378 1608//1608 3863//3863
f 812//812 1295//1295 1031//1031
f 1295//1295 1302//1302 1031//1031
f 852//852 3585//3585 2253//2253
f 1350//1350 1267//1267 537//537
f 2281//2281 2825//2825 3490//3490
f 3737//3737 2467//2467 3741//3741
f 2467//2467 1276//1276 3741//3741
f 808//808 1736//1736 584//584
f 2144//2144 3611//3611 2194//2194
f 1125//1125 268//268 2844//2844
f 2214//2214 1353//1353 2627//2627
f 3859//3859 1544//1544 3079//3079
f 1219//1219 1912//1912 1489//1489
f 2765//2765 2684//2684 1359//1359
f 2191//2191 3864//3864 12//12
f 3864//3864 1080//1080 12//12
f 2794//2794 1842//1842 3666//3666
f 3093//3093 1767//1767 291//291
f 613//613 4048//4048 2831//2831
f 272//272 193//193 1572//1572
f 780//780 3762//3762 1148//1148
f 687//687 3640//3640 690//690
f 3788//3788 2348//2348 3632//3632
f 204//204 2637//2637 588//588
f 3570//3570 3117//3117 3573//3573
f 1833//1833 2959//2959 2766//2766
f 2959//2959 4021//4021 2766//2766
f 3889//3889 3533//3533 590//590
f 3965//3965 279//279 802//802
f 3945//3945 15//15 1072//1072
f 1329//1329 2144//2144 2194//2194
f 3520//3520 338//338 2463//2463
f 2392//2392 1035//1035 969//969
f 2842//2842 3584//3584 2500//2500
f 2191//2191 2190//2190 1558//1558
f 972//972 3582//3582 2772//2772
f 3674//3674 2675//2675 1564//1564
f 2365//2365 2846//2846 3594//3594
f 2533//2533 2040//2040 1940//1940
f 2508//2508 2195//2195 237//237
f 2839//2839 209//209 1720//1720
f 209//209 964//964 1720//1720
f 2844//2844 251//251 2462//2462
f 592//592 2191//2191 1558//1558
f 2534//2534 18//18 2040//2040
f 2791//2791 1598//1598 754//754
f 972//972 2188//2188 3582//3582
f 3897//3897 561//561 595//595
f 3233//3233 602//602 3365//3365
f 973//973 3233//3233 3365//3365
f 3130//3130 3462//3462 606//606
f 2203//2203 1729//1729 2855//2855
f 533//533 1952//1952 28//28
f 2196//2196 978//978 1628//1628
f 1058//1058 543//543 2949//2949
f 3329//3329 1737//1737 3002//3002
f 1950//1950 4118//4118 595//595
f 3078//3078 380//380 373//373
f 596//596 3350//3350 2949//2949
f 2198//2198 22//22 2538//2538
f 1144//1144 3524//3524 714//714
f 3523//3523 3130//3130 2537//2537
f 2541//2541 610//610 24//24
f 720//720 1371//1371 2548//2548
f 3527//3527 3739//3739 1138//1138
f 1150//1150 601//601 3898//3898
f 3849//3849 1735//1735 2547//2547
f 602//602 4058//4058 609//609
f 1946//1946 595//595 561//561
f 2198//2198 2538//2538 1624//1624
f 3350//3350 1058//1058 2949//2949
f 2854//2854 604//604 3464//3464
f 598//598 2202//2202 608//608
f 24//24 605//605 2539//2539
f 780//780 2926//2926 543//543
f 3078//3078 3985//3985 1737//1737
f 2490//2490 596//596 3528//3528
f 2539//2539 2541//2541 24//24
f 2201//2201 2398//2398 1628//1628
f 1061//1061 973//973 2205//2205
f 973//973 3365//3365 2205//2205
f 984//984 597//597 383//383
f 2544//2544 2538//2538 22//22
f 2331//2331 619//619 2645//2645
f 620//620 1612//1612 3257//3257
f 3504//3504 305//305 3974//3974
f 1111//1111 1616//1616 629//629
f 1616//1616 624//624 629//629
f 3373//3373 621//621 626//626
f 615//615 1613//1613 623//623
f 3513//3513 1537//1537 2030//2030
f 1845//1845 840//840 613//613
f 625//625 1845//1845 613//613
f 840//840 1284//1284 613//613
f 1616//1616 1111//1111 622//622
f 1611//1611 2515//2515 616//616
f 626//626 3973//3973 614//614
f 1615//1615 626//626 614//614
f 1612//1612 1610//1610 3257//3257
f 620//620 2550//2550 628//628
f 1601//1601 305//305 3504//3504
f 3373//3373 622//622 621//621
f 3972//3972 626//626 621//621
f 612//612 1295//1295 628//628
f 3257//3257 1610//1610 615//615
f 1302//1302 1295//1295 612//612
f 2654//2654 3866//3866 2381//2381
f 623//623 1613//1613 614//614
f 3973//3973 623//623 614//614
f 2654//2654 2515//2515 1611//1611
f 2331//2331 630//630 619//619
f 1613//1613 1615//1615 614//614
f 3493//3493 630//630 616//616
f 1111//1111 621//621 622//622
f 1610//1610 1613//1613 615//615
f 1615//1615 3373//3373 626//626
f 3373//3373 1616//1616 622//622
f 631//631 2222//2222 64//64
f 2226//2226 2792//2792 64//64
f 2792//2792 631//631 64//64
f 2560//2560 2505//2505 54//54
f 1155//1155 638//638 55//55
f 2220//2220 2555//2555 2226//2226
f 2554//2554 53//53 1825//1825
f 2554//2554 643//643 53//53
f 638//638 2936//2936 55//55
f 3904//3904 636//636 2984//2984
f 639//639 59//59 633//633
f 1652//1652 4057//4057 3534//3534
f 634//634 1825//1825 1806//1806
f 2227//2227 67//67 4051//4051
f 631//631 3903//3903 2222//2222
f 645//645 2984//2984 636//636
f 1853//1853 643//643 1157//1157
f 3244//3244 4044//4044 3486//3486
f 641//641 1154//1154 637//637
f 2557//2557 642//642 3537//3537
f 1153//1153 2555//2555 2220//2220
f 2558//2558 2557//2557 3537//3537
f 3708//3708 4051//4051 67//67
f 3535//3535 3980//3980 642//642
f 634//634 1092//1092 637//637
f 3980//3980 3537//3537 642//642
f 59//59 2222//2222 633//633
f 4045//4045 646//646 1551//1551
f 645//645 640//640 69//69
f 1806//1806 1092//1092 634//634
f 1853//1853 53//53 643//643
f 3535//3535 2187//2187 635//635
f 1577//1577 2229//2229 644//644
f 69//69 58//58 645//645
f 1855//1855 3633//3633 71//71
f 2256//2256 2565//2565 2246//2246
f 1174//1174 2994//2994 3167//3167
f 2504//2504 83//83 2572//2572
f 1173//1173 3718//3718 1632//1632
f 2250//2250 2569//2569 3719//3719
f 1373//1373 2250//2250 3719//3719
f 2865//2865 647//647 2364//2364
f 2253//2253 2257//2257 852//852
f 2347//2347 670//670 659//659
f 670//670 1538//1538 659//659
f 667//667 652//652 3000//3000
f 2079//2079 3424//3424 3809//3809
f 1049//1049 663//663 2168//2168
f 3165//3165 370//370 3991//3991
f 3541//3541 3431//3431 673//673
f 3246//3246 664//664 3721//3721
f 3723//3723 2254//2254 649//649
f 1176//1176 1166//1166 72//72
f 3424//3424 3806//3806 3809//3809
f 1039//1039 3234//3234 657//657
f 1177//1177 2255//2255 658//658
f 79//79 2867//2867 658//658
f 2255//2255 79//79 658//658
f 2565//2565 1683//1683 2246//2246
f 2250//2250 650//650 2569//2569
f 1169//1169 869//869 2994//2994
f 3542//3542 1687//1687 3539//3539
f 667//667 3000//3000 3718//3718
f 1170//1170 2255//2255 1177//1177
f 2867//2867 79//79 3725//3725
f 79//79 2998//2998 3725//3725
f 664//664 3246//3246 88//88
f 3723//3723 2563//2563 2248//2248
f 2245//2245 3633//3633 1855//1855
f 1381//1381 2881//2881 1681//1681
f 1683//1683 3293//3293 2246//2246
f 672//672 1166//1166 649//649
f 647//647 648//648 2364//2364
f 2504//2504 2572//2572 654//654
f 670//670 2504//2504 654//654
f 904//904 1374//1374 2874//2874
f 2873//2873 2252//2252 662//662
f 1053//1053 655//655 3720//3720
f 2877//2877 1346//1346 1163//1163
f 672//672 72//72 1166//1166
f 566//566 3538//3538 659//659
f 3246//3246 655//655 88//88
f 665//665 3539//3539 1179//1179
f 1053//1053 89//89 655//655
f 1308//1308 2256//2256 659//659
f 2256//2256 566//566 659//659
f 1172//1172 657//657 3234//3234
f 2572//2572 83//83 2871//2871
f 912//912 2572//2572 2871//2871
f 1681//1681 2875//2875 1381//1381
f 3298//3298 85//85 2079//2079
f 2248//2248 2254//2254 3723//3723
f 2564//2564 2495//2495 1102//1102
f 2247//2247 3299//3299 78//78
f 2186//2186 661//661 2881//2881
f 1374//1374 904//904 408//408
f 71//71 1168//1168 661//661
f 871//871 2993//2993 4075//4075
f 3538//3538 2347//2347 659//659
f 1866//1866 660//660 1383//1383
f 1381//1381 407//407 3988//3988
f 3542//3542 2255//2255 1170//1170
f 648//648 2571//2571 2253//2253
f 2563//2563 3721//3721 2248//2248
f 1023//1023 1282//1282 2587//2587
f 3289//3289 3630//3630 2423//2423
f 692//692 2314//2314 691//691
f 796//796 2427//2427 140//140
f 693//693 1884//1884 423//423
f 1405//1405 1017//1017 2634//2634
f 1105//1105 1878//1878 1883//1883
f 2424//2424 3638//3638 3637//3637
f 1765//1765 1309//1309 3766//3766
f 2431//2431 682//682 674//674
f 682//682 2583//2583 674//674
f 2585//2585 2428//2428 675//675
f 2268//2268 3022//3022 676//676
f 905//905 1316//1316 4009//4009
f 685//685 2428//2428 2585//2585
f 3289//3289 2725//2725 3630//3630
f 2432//2432 3558//3558 685//685
f 695//695 694//694 2121//2121
f 1026//1026 129//129 2416//2416
f 421//421 2885//2885 2577//2577
f 2263//2263 3033//3033 1405//1405
f 3033//3033 1017//1017 1405//1405
f 2578//2578 3638//3638 2427//2427
f 135//135 129//129 420//420
f 3671//3671 3637//3637 682//682
f 3637//3637 2652//2652 682//682
f 1204//1204 422//422 684//684
f 3556//3556 692//692 691//691
f 2432//2432 2587//2587 1282//1282
f 421//421 2266//2266 2885//2885
f 695//695 2588//2588 3635//3635
f 3099//3099 1883//1883 4004//4004
f 2264//2264 3765//3765 1438//1438
f 1878//1878 1105//1105 677//677
f 2088//2088 3271//3271 3777//3777
f 422//422 2088//2088 3777//3777
f 131//131 3222//3222 909//909
f 3640//3640 675//675 690//690
f 3921//3921 147//147 134//134
f 796//796 140//140 1800//1800
f 140//140 3635//3635 1800//1800
f 690//690 3557//3557 687//687
f 1016//1016 2434//2434 2589//2589
f 2434//2434 1973//1973 2589//2589
f 132//132 2425//2425 3271//3271
f 1884//1884 693//693 3634//3634
f 676//676 3824//3824 2268//2268
f 2586//2586 1010//1010 1438//1438
f 2314//2314 2004//2004 691//691
f 683//683 2262//2262 2577//2577
f 4004//4004 136//136 3099//3099
f 3765//3765 2264//2264 123//123
f 3368//3368 2587//2587 2432//2432
f 675//675 2433//2433 690//690
f 137//137 1309//1309 3554//3554
f 686//686 243//243 3219//3219
f 685//685 3580//3580 2432//2432
f 2430//2430 2004//2004 2314//2314
f 2424//2424 2427//2427 3638//3638
f 2266//2266 2494//2494 2885//2885
f 911//911 681//681 1452//1452
f 692//692 2431//2431 674//674
f 704//704 1332//1332 696//696
f 1332//1332 944//944 696//696
f 3187//3187 1225//1225 1899//1899
f 469//469 3834//3834 1231//1231
f 703//703 4046//4046 2599//2599
f 4046//4046 701//701 2599//2599
f 3657//3657 467//467 3658//3658
f 1321//1321 2439//2439 4055//4055
f 696//696 922//922 465//465
f 703//703 2599//2599 1489//1489
f 3561//3561 705//705 699//699
f 705//705 3595//3595 699//699
f 472//472 145//145 2600//2600
f 2439//2439 3560//3560 4055//4055
f 3560//3560 3224//3224 4055//4055
f 3772//3772 472//472 2600//2600
f 471//471 930//930 923//923
f 1904//1904 697//697 1235//1235
f 704//704 3562//3562 297//297
f 3930//3930 3308//3308 1422//1422
f 2598//2598 2270//2270 3772//3772
f 2275//2275 2748//2748 3307//3307
f 4049//4049 3595//3595 705//705
f 2592//2592 2357//2357 468//468
f 258//258 2595//2595 565//565
f 2270//2270 472//472 3772//3772
f 2441//2441 2436//2436 3560//3560
f 2436//2436 3654//3654 3560//3560
f 467//467 699//699 3658//3658
f 939//939 3654//3654 2436//2436
f 702//702 930//930 471//471
f 3655//3655 2093//2093 3933//3933
f 1300//1300 3559//3559 2437//2437
f 2437//2437 920//920 1300//1300
f 1778//1778 465//465 922//922
f 3595//3595 3658//3658 699//699
f 1490//1490 2594//2594 473//473
f 3729//3729 709//709 971//971
f 4085//4085 1461//1461 3317//3317
f 435//435 247//247 3456//3456
f 1598//1598 2018//2018 275//275
f 2964//2964 1463//1463 1459//1459
f 2799//2799 3059//3059 247//247
f 2928//2928 3319//3319 4087//4087
f 4084//4084 2739//2739 4082//4082
f 4087//4087 3318//3318 2738//2738
f 2896//2896 3316//3316 1462//1462
f 16//16 2638//2638 4014//4014
f 2809//2809 4086//4086 2902//2902
f 2736//2736 1455//1455 967//967
f 1455//1455 3101//3101 967//967
f 2895//2895 1462//1462 2935//2935
f 4088//4088 296//296 3600//3600
f 2928//2928 964//964 2733//2733
f 2188//2188 3643//3643 828//828
f 971//971 709//709 708//708
f 1050//1050 713//713 1586//1586
f 2935//2935 2736//2736 967//967
f 246//246 4087//4087 2738//2738
f 3454//3454 3415//3415 3643//3643
f 1274//1274 1598//1598 275//275
f 455//455 3529//3529 3511//3511
f 723//723 1057//1057 2648//2648
f 2287//2287 723//723 2648//2648
f 1097//1097 458//458 3327//3327
f 1467//1467 3328//3328 719//719
f 723//723 1837//1837 1057//1057
f 3970//3970 2632//2632 721//721
f 725//725 3326//3326 983//983
f 1465//1465 1732//1732 20//20
f 717//717 3647//3647 460//460
f 2200//2200 3575//3575 718//718
f 721//721 1311//1311 3970//3970
f 1471//1471 2201//2201 3178//3178
f 1469//1469 1722//1722 720//720
f 464//464 20//20 3174//3174
f 2201//2201 978//978 3178//3178
f 4094//4094 4026//4026 715//715
f 3737//3737 2283//2283 2648//2648
f 2283//2283 2287//2287 2648//2648
f 20//20 1732//1732 1626//1626
f 804//804 1837//1837 3736//3736
f 804//804 3736//3736 581//581
f 2696//2696 3070//3070 3739//3739
f 1291//1291 4096//4096 1066//1066
f 2284//2284 2283//2283 1276//1276
f 3917//3917 2904//2904 1722//1722
f 4092//4092 4025//4025 3329//3329
f 2280//2280 719//719 2289//2289
f 984//984 3552//3552 3174//3174
f 3377//3377 1057//1057 1837//1837
f 2444//2444 2453//2453 1281//1281
f 2814//2814 3663//3663 733//733
f 834//834 727//727 2806//2806
f 3448//3448 4059//4059 2184//2184
f 1242//1242 1249//1249 3566//3566
f 3745//3745 735//735 2447//2447
f 586//586 1709//1709 569//569
f 2829//2829 1554//1554 2454//2454
f 303//303 3494//3494 954//954
f 3494//3494 2449//2449 954//954
f 3566//3566 2445//2445 1242//1242
f 2149//2149 484//484 3662//3662
f 2448//2448 1913//1913 2446//2446
f 3225//3225 161//161 1246//1246
f 2971//2971 960//960 3567//3567
f 2502//2502 741//741 2601//2601
f 2459//2459 2460//2460 2603//2603
f 4056//4056 2604//2604 2602//2602
f 959//959 2294//2294 739//739
f 2148//2148 3230//3230 481//481
f 1919//1919 728//728 1002//1002
f 732//732 2444//2444 1281//1281
f 741//741 2526//2526 1002//1002
f 2449//2449 3564//3564 954//954
f 3230//3230 2148//2148 1531//1531
f 303//303 1281//1281 2453//2453
f 2502//2502 2601//2601 2829//2829
f 3352//3352 2448//2448 2452//2452
f 3835//3835 3563//3563 2451//2451
f 2304//2304 1248//1248 589//589
f 2459//2459 2603//2603 737//737
f 3662//3662 2459//2459 737//737
f 1281//1281 945//945 732//732
f 486//486 1246//1246 161//161
f 3661//3661 3379//3379 736//736
f 484//484 2149//2149 1341//1341
f 2453//2453 3494//3494 303//303
f 734//734 3745//3745 2447//2447
f 482//482 735//735 729//729
f 736//736 2458//2458 731//731
f 738//738 3563//3563 3835//3835
f 2174//2174 3602//3602 2472//2472
f 3349//3349 2309//2309 2613//2613
f 748//748 751//751 744//744
f 988//988 2472//2472 2471//2471
f 3664//3664 988//988 2471//2471
f 1257//1257 493//493 1262//1262
f 994//994 3664//3664 2182//2182
f 822//822 3962//3962 3470//3470
f 3664//3664 3111//3111 2182//2182
f 498//498 179//179 1277//1277
f 1257//1257 292//292 501//501
f 1319//1319 3568//3568 3668//3668
f 3756//3756 504//504 1766//1766
f 1812//1812 3750//3750 3572//3572
f 166//166 1994//1994 1767//1767
f 489//489 167//167 176//176
f 178//178 2614//2614 3568//3568
f 3571//3571 1571//1571 1256//1256
f 747//747 497//497 746//746
f 744//744 2473//2473 748//748
f 744//744 751//751 992//992
f 495//495 745//745 2309//2309
f 752//752 994//994 2182//2182
f 3750//3750 3569//3569 3572//3572
f 183//183 1802//1802 997//997
f 746//746 3472//3472 2174//2174
f 3472//3472 3602//3602 2174//2174
f 2514//2514 3665//3665 2474//2474
f 1262//1262 493//493 2324//2324
f 3111//3111 3664//3664 2471//2471
f 2473//2473 743//743 748//748
f 730//730 3746//3746 1248//1248
f 1979//1979 3682//3682 230//230
f 366//366 2782//2782 113//113
f 1781//1781 1808//1808 3294//3294
f 3060//3060 2369//2369 199//199
f 3592//3592 2110//2110 1545//1545
f 37//37 3592//3592 1545//1545
f 3574//3574 990//990 3228//3228
f 998//998 3574//3574 3228//3228
f 2124//2124 242//242 774//774
f 747//747 1261//1261 745//745
f 3783//3783 2413//2413 2027//2027
f 2682//2682 2022//2022 1846//1846
f 2676//2676 4123//4123 1065//1065
f 3930//3930 2294//2294 2297//2297
f 3323//3323 2020//2020 3331//3331
f 2020//2020 4023//4023 3331//3331
f 3775//3775 2022//2022 66//66
f 1990//1990 3087//3087 1756//1756
f 3011//3011 3144//3144 102//102
f 2513//2513 2911//2911 1500//1500
f 202//202 284//284 3249//3249
f 659//659 2568//2568 1308//1308
f 986//986 2475//2475 1000//1000
f 3244//3244 2021//2021 4044//4044
f 549//549 889//889 3121//3121
f 2147//2147 1782//1782 3819//3819
f 1318//1318 2311//2311 3468//3468
f 1195//1195 3421//3421 760//760
f 3354//3354 4061//4061 2633//2633
f 3855//3855 3228//3228 990//990
f 529//529 3855//3855 990//990
f 4099//4099 3588//3588 3207//3207
f 2063//2063 2057//2057 3158//3158
f 1831//1831 2932//2932 3556//3556
f 291//291 577//577 1957//1957
f 3397//3397 2661//2661 228//228
f 1309//1309 137//137 1435//1435
f 468//468 1689//1689 765//765
f 3881//3881 1585//1585 2831//2831
f 1617//1617 2124//2124 2225//2225
f 1986//1986 3533//3533 1110//1110
f 2176//2176 1986//1986 1110//1110
f 2640//2640 3128//3128 2378//2378
f 1110//1110 3596//3596 2176//2176
f 2633//2633 3790//3790 2175//2175
f 3975//3975 1283//1283 1094//1094
f 2642//2642 311//311 1356//1356
f 1830//1830 3125//3125 3895//3895
f 3094//3094 1191//1191 2031//2031
f 4056//4056 2602//2602 1278//1278
f 3490//3490 3388//3388 1600//1600
f 1096//1096 808//808 584//584
f 3238//3238 2445//2445 2143//2143
f 1425//1425 3831//3831 3508//3508
f 3543//3543 3519//3519 2628//2628
f 3082//3082 2179//2179 3681//3681
f 2843//2843 2844//2844 2635//2635
f 1326//1326 2387//2387 2978//2978
f 1034//1034 2388//2388 1820//1820
f 2661//2661 3778//3778 2208//2208
f 2450//2450 1927//1927 3661//3661
f 2742//2742 2346//2346 1466//1466
f 1094//1094 293//293 3012//3012
f 1353//1353 3348//3348 2627//2627
f 303//303 1101//1101 1281//1281
f 1101//1101 945//945 1281//1281
f 2889//2889 2888//2888 1201//1201
f 1384//1384 3776//3776 3540//3540
f 1250//1250 1791//1791 219//219
f 1791//1791 2752//2752 219//219
f 963//963 1080//1080 2962//2962
f 878//878 2619//2619 3801//3801
f 1384//1384 878//878 3801//3801
f 3160//3160 1344//1344 3775//3775
f 4136//4136 4062//4062 1658//1658
f 1950//1950 804//804 4118//4118
f 2764//2764 1245//1245 2451//2451
f 3506//3506 1387//1387 1584//1584
f 1387//1387 3803//3803 1584//1584
f 2708//2708 2803//2803 1398//1398
f 2719//2719 205//205 1406//1406
f 2527//2527 1036//1036 2175//2175
f 1887//1887 1890//1890 779//779
f 3437//3437 121//121 777//777
f 2342//2342 2358//2358 2419//2419
f 1978//1978 399//399 3952//3952
f 2808//2808 1978//1978 3952//3952
f 756//756 1412//1412 779//779
f 1890//1890 756//756 779//779
f 754//754 2534//2534 2478//2478
f 3737//3737 1728//1728 2467//2467
f 3256//3256 1640//1640 3057//3057
f 689//689 1327//1327 1824//1824
f 3688//3688 1705//1705 3450//3450
f 456//456 2317//2317 783//783
f 3927//3927 283//283 2751//2751
f 781//781 2560//2560 3112//3112
f 914//914 1401//1401 786//786
f 781//781 1659//1659 2560//2560
f 3813//3813 2711//2711 799//799
f 2484//2484 3601//3601 290//290
f 1038//1038 3816//3816 3995//3995
f 500//500 505//505 173//173
f 2399//2399 381//381 788//788
f 209//209 2839//2839 1617//1617
f 295//295 3778//3778 790//790
f 1752//1752 3091//3091 1514//1514
f 3881//3881 1826//1826 810//810
f 786//786 1041//1041 792//792
f 1835//1835 786//786 792//792
f 1546//1546 3076//3076 793//793
f 1842//1842 750//750 794//794
f 750//750 3665//3665 794//794
f 1425//1425 1420//1420 1422//1422
f 1584//1584 2703//2703 1384//1384
f 2489//2489 1584//1584 1384//1384
f 1811//1811 4112//4112 2014//2014
f 1964//1964 1794//1794 4110//4110
f 1794//1794 1514//1514 4110//4110
f 2352//2352 3209//3209 3366//3366
f 3122//3122 2352//2352 3366//3366
f 3340//3340 226//226 4107//4107
f 2923//2923 3362//3362 3247//3247
f 3490//3490 2741//2741 1056//1056
f 3905//3905 1846//1846 1344//1344
f 1652//1652 3534//3534 797//797
f 249//249 2008//2008 3260//3260
f 3788//3788 2679//2679 2348//2348
f 1320//1320 461//461 4137//4137
f 1615//1615 833//833 3373//3373
f 1029//1029 1306//1306 1416//1416
f 3092//3092 1932//1932 183//183
f 240//240 1792//1792 791//791
f 1906//1906 3480//3480 3138//3138
f 3517//3517 3228//3228 3855//3855
f 2520//2520 770//770 1313//1313
f 1656//1656 1647//1647 2931//2931
f 874//874 864//864 2405//2405
f 112//112 3062//3062 2944//2944
f 1668//1668 4091//4091 1603//1603
f 838//838 641//641 3694//3694
f 2082//2082 4015//4015 3852//3852
f 2034//2034 3876//3876 801//801
f 856//856 2967//2967 859//859
f 1021//1021 1026//1026 1904//1904
f 2505//2505 3479//3479 54//54
f 109//109 110//110 2161//2161
f 1799//1799 3380//3380 1320//1320
f 3217//3217 1454//1454 709//709
f 2544//2544 1948//1948 603//603
f 1660//1660 3418//3418 3244//3244
f 3024//3024 2171//2171 1273//1273
f 2738//2738 3318//3318 3319//3319
f 1118//1118 275//275 1186//1186
f 2838//2838 1599//1599 805//805
f 3194//3194 837//837 519//519
f 1240//1240 3841//3841 1836//1836
f 2552//2552 2553//2553 2779//2779
f 1829//1829 670//670 2347//2347
f 3690//3690 4103//4103 2475//2475
f 529//529 2375//2375 3362//3362
f 2407//2407 1088//1088 1789//1789
f 606//606 1821//1821 3953//3953
f 1734//1734 2905//2905 3742//3742
f 2179//2179 2801//2801 3681//3681
f 2769//2769 3123//3123 1759//1759
f 424//424 416//416 3558//3558
f 2618//2618 2771//2771 1581//1581
f 3974//3974 3888//3888 2030//2030
f 3881//3881 1008//1008 1578//1578
f 3828//3828 2883//2883 1023//1023
f 673//673 4144//4144 2968//2968
f 2346//2346 4018//4018 1466//1466
f 778//778 2769//2769 2154//2154
f 3201//3201 1740//1740 2499//2499
f 2811//2811 1972//1972 3951//3951
f 2674//2674 3398//3398 40//40
f 217//217 277//277 1839//1839
f 2007//2007 2352//2352 4115//4115
f 2375//2375 3247//3247 3362//3362
f 3080//3080 1522//1522 1760//1760
f 3451//3451 1114//1114 1807//1807
f 2136//2136 2789//2789 294//294
f 2742//2742 2167//2167 2745//2745
f 3281//3281 3592//3592 1967//1967
f 969//969 3896//3896 3216//3216
f 17//17 2902//2902 4086//4086
f 3021//3021 218//218 1404//1404
f 260//260 3756//3756 1103//1103
f 1882//1882 3269//3269 1596//1596
f 259//259 2345//2345 3285//3285
f 3760//3760 844//844 1366//1366
f 932//932 731//731 2458//2458
f 2389//2389 333//333 823//823
f 1353//1353 2479//2479 1525//1525
f 1115//1115 2947//2947 2821//2821
f 3954//3954 96//96 3544//3544
f 2469//2469 2466//2466 824//824
f 2575//2575 2724//2724 825//825
f 4109//4109 2643//2643 1961//1961
f 2462//2462 3600//3600 3545//3545
f 3101//3101 3227//3227 966//966
f 3356//3356 2527//2527 3811//3811
f 2933//2933 273//273 2966//2966
f 3243//3243 1688//1688 3183//3183
f 2708//2708 889//889 826//826
f 2393//2393 2040//2040 2533//2533
f 3974//3974 3223//3223 3504//3504
f 2013//2013 2837//2837 2213//2213
f 3883//3883 1169//1169 1029//1029
f 3661//3661 2941//2941 2450//2450
f 2608//2608 1996//1996 991//991
f 3727//3727 4054//4054 3483//3483
f 3226//3226 2318//2318 3325//3325
f 2577//2577 4060//4060 683//683
f 3058//3058 1119//1119 323//323
f 3949//3949 3112//3112 230//230
f 3781//3781 3937//3937 1500//1500
f 3281//3281 529//529 990//990
f 3227//3227 3101//3101 1454//1454
f 807//807 1237//1237 517//517
f 1148//1148 3762//3762 827//827
f 2529//2529 1708//1708 3335//3335
f 1708//1708 1483//1483 3335//3335
f 2363//2363 2114//2114 3791//3791
f 3062//3062 3014//3014 323//323
f 2571//2571 2257//2257 2253//2253
f 3786//3786 1749//1749 3206//3206
f 1983//1983 1573//1573 789//789
f 2462//2462 3545//3545 2901//2901
f 551//551 3454//3454 2532//2532
f 529//529 3362//3362 3855//3855
f 1089//1089 3360//3360 832//832
f 2179//2179 1513//1513 3083//3083
f 2193//2193 3845//3845 592//592
f 2189//2189 2193//2193 592//592
f 1537//1537 3604//3604 2511//2511
f 2712//2712 3994//3994 1526//1526
f 2752//2752 544//544 2754//2754
f 1079//1079 4138//4138 3236//3236
f 250//250 1925//1925 2915//2915
f 1775//1775 3596//3596 3103//3103
f 3893//3893 1954//1954 289//289
f 2236//2236 366//366 113//113
f 1761//1761 3081//3081 3749//3749
f 1500//1500 3937//3937 2513//2513
f 1036//1036 3498//3498 2492//2492
f 3675//3675 955//955 4141//4141
f 3277//3277 224//224 1953//1953
f 1804//1804 3676//3676 2212//2212
f 908//908 588//588 2637//2637
f 2409//2409 3619//3619 2411//2411
f 2809//2809 3885//3885 3586//3586
f 1059//1059 2743//2743 2346//2346
f 1812//1812 985//985 3750//3750
f 3091//3091 3086//3086 843//843
f 384//384 4125//4125 2653//2653
f 4125//4125 533//533 2653//2653
f 295//295 2804//2804 306//306
f 1960//1960 3210//3210 3213//3213
f 3210//3210 223//223 3213//3213
f 4067//4067 248//248 3356//3356
f 41//41 2129//2129 2627//2627
f 599//599 2491//2491 3900//3900
f 3205//3205 3347//3347 3867//3867
f 3392//3392 36//36 523//523
f 841//841 2806//2806 3684//3684
f 2781//2781 3938//3938 3083//3083
f 3938//3938 3088//3088 3083//3083
f 3863//3863 1536//1536 2378//2378
f 252//252 3758//3758 2285//2285
f 3699//3699 3118//3118 3466//3466
f 2989//2989 2845//2845 3879//3879
f 2922//2922 1510//1510 1519//1519
f 2063//2063 3158//3158 847//847
f 1879//1879 4000//4000 1596//1596
f 3611//3611 2376//2376 2194//2194
f 767//767 33//33 3279//3279
f 1793//1793 767//767 3279//3279
f 1180//1180 3421//3421 448//448
f 1293//1293 2910//2910 3836//3836
f 4018//4018 3321//3321 1090//1090
f 1641//1641 1644//1644 3774//3774
f 2240//2240 451//451 2658//2658
f 3703//3703 327//327 97//97
f 572//572 2622//2622 3265//3265
f 3876//3876 2034//2034 850//850
f 182//182 550//550 169//169
f 2613//2613 2925//2925 995//995
f 3341//3341 3346//3346 182//182
f 3842//3842 3840//3840 3836//3836
f 544//544 3842//3842 3836//3836
f 3840//3840 3844//3844 3836//3836
f 2681//2681 1575//1575 2080//2080
f 1575//1575 1573//1573 2080//2080
f 1450//1450 1883//1883 3099//3099
f 4141//4141 2910//2910 4117//4117
f 2223//2223 3534//3534 2989//2989
f 835//835 1709//1709 586//586
f 3358//3358 3601//3601 2054//2054
f 800//800 1068//1068 2778//2778
f 2843//2843 4044//4044 3611//3611
f 2391//2391 3879//3879 2845//2845
f 854//854 2478//2478 3978//3978
f 338//338 3502//3502 2682//2682
f 334//334 3507//3507 844//844
f 1046//1046 3606//3606 800//800
f 2778//2778 1046//1046 800//800
f 3796//3796 3609//3609 2687//2687
f 856//856 859//859 2041//2041
f 3577//3577 1854//1854 3978//3978
f 3610//3610 1822//1822 2686//2686
f 860//860 2389//2389 858//858
f 3291//3291 3097//3097 2624//2624
f 58//58 1368//1368 335//335
f 2683//2683 1046//1046 541//541
f 1065//1065 3218//3218 2685//2685
f 1848//1848 1366//1366 844//844
f 2686//2686 2687//2687 3610//3610
f 335//335 337//337 58//58
f 858//858 3799//3799 860//860
f 3795//3795 201//201 3799//3799
f 337//337 3612//3612 58//58
f 3405//3405 70//70 769//769
f 3405//3405 2685//2685 70//70
f 853//853 2690//2690 340//340
f 857//857 3795//3795 1073//1073
f 2687//2687 3609//3609 3610//3610
f 2686//2686 2390//2390 2016//2016
f 334//334 1365//1365 3507//3507
f 1363//1363 1361//1361 857//857
f 1979//1979 3884//3884 2035//2035
f 201//201 860//860 3799//3799
f 1852//1852 2376//2376 3611//3611
f 857//857 201//201 3795//3795
f 1361//1361 3612//3612 857//857
f 3682//3682 587//587 2392//2392
f 877//877 1396//1396 3154//3154
f 1394//1394 1808//1808 3615//3615
f 2374//2374 2948//2948 281//281
f 863//863 2871//2871 831//831
f 381//381 863//863 831//831
f 3874//3874 3989//3989 1388//1388
f 1377//1377 2404//2404 2043//2043
f 2368//2368 1162//1162 1370//1370
f 2697//2697 1987//1987 839//839
f 2397//2397 4124//4124 4144//4144
f 2859//2859 879//879 2705//2705
f 861//861 873//873 870//870
f 876//876 2399//2399 788//788
f 3585//3585 3576//3576 2952//2952
f 3527//3527 2993//2993 871//871
f 371//371 1373//1373 873//873
f 2400//2400 3407//3407 2698//2698
f 1735//1735 3805//3805 2547//2547
f 839//839 1987//1987 1774//1774
f 383//383 377//377 666//666
f 4130//4130 2706//2706 2394//2394
f 862//862 2401//2401 2403//2403
f 372//372 865//865 374//374
f 878//878 2703//2703 2005//2005
f 3800//3800 375//375 2701//2701
f 2859//2859 2705//2705 877//877
f 666//666 377//377 872//872
f 1378//1378 872//872 377//377
f 2703//2703 839//839 2005//2005
f 2399//2399 876//876 2698//2698
f 874//874 2402//2402 1832//1832
f 2405//2405 1376//1376 84//84
f 864//864 1376//1376 2405//2405
f 2545//2545 3800//3800 863//863
f 2706//2706 1379//1379 376//376
f 1380//1380 2706//2706 376//376
f 2404//2404 1377//1377 371//371
f 874//874 1391//1391 864//864
f 2703//2703 2697//2697 839//839
f 3295//3295 601//601 81//81
f 1379//1379 2706//2706 4130//4130
f 2048//2048 3718//3718 3000//3000
f 1377//1377 1373//1373 371//371
f 3806//3806 1860//1860 2052//2052
f 379//379 3154//3154 1380//1380
f 1312//1312 2216//2216 1639//1639
f 3413//3413 1817//1817 1639//1639
f 95//95 1644//1644 1641//1641
f 2080//2080 3586//3586 2681//2681
f 98//98 3518//3518 525//525
f 3369//3369 2488//2488 102//102
f 3056//3056 3369//3369 102//102
f 881//881 1840//1840 3701//3701
f 328//328 3913//3913 883//883
f 2080//2080 1573//1573 1983//1983
f 881//881 884//884 103//103
f 3452//3452 3703//3703 97//97
f 1840//1840 101//101 1642//1642
f 3009//3009 3412//3412 3011//3011
f 2672//2672 2707//2707 2710//2710
f 886//886 392//392 888//888
f 3487//3487 2492//2492 2797//2797
f 799//799 1067//1067 887//887
f 2707//2707 3618//3618 3619//3619
f 2412//2412 2708//2708 826//826
f 549//549 2409//2409 889//889
f 890//890 3617//3617 799//799
f 2647//2647 3617//3617 890//890
f 2412//2412 761//761 2708//2708
f 3812//3812 2059//2059 890//890
f 1542//1542 888//888 185//185
f 549//549 3121//3121 3619//3619
f 1067//1067 2710//2710 887//887
f 3619//3619 2409//2409 549//549
f 3420//3420 568//568 3648//3648
f 454//454 1236//1236 1131//1131
f 118//118 903//903 2234//2234
f 1130//1130 897//897 3422//3422
f 901//901 1137//1137 894//894
f 900//900 760//760 3016//3016
f 2694//2694 2231//2231 115//115
f 900//900 1195//1195 760//760
f 896//896 1664//1664 568//568
f 892//892 3179//3179 3984//3984
f 3652//3652 120//120 111//111
f 3182//3182 1529//1529 3982//3982
f 1672//1672 3320//3320 2081//2081
f 3017//3017 3326//3326 3459//3459
f 256//256 848//848 446//446
f 3178//3178 3017//3017 2574//2574
f 114//114 1727//1727 3018//3018
f 894//894 3712//3712 2235//2235
f 3488//3488 3650//3650 1200//1200
f 1665//1665 899//899 896//896
f 3916//3916 899//899 2510//2510
f 1663//1663 3018//3018 1194//1194
f 1135//1135 1198//1198 3961//3961
f 115//115 2244//2244 1667//1667
f 2938//2938 2744//2744 3064//3064
f 2081//2081 2235//2235 540//540
f 903//903 3019//3019 367//367
f 3915//3915 2234//2234 1671//1671
f 3019//3019 3916//3916 2510//2510
f 3016//3016 3062//3062 112//112
f 3423//3423 3180//3180 1662//1662
f 2231//2231 3139//3139 895//895
f 3072//3072 900//900 3016//3016
f 3421//3421 1195//1195 1133//1133
f 1549//1549 2808//2808 918//918
f 1878//1878 4069//4069 2070//2070
f 2808//2808 3625//3625 918//918
f 3624//3624 908//908 915//915
f 914//914 527//527 2415//2415
f 3263//3263 405//405 1685//1685
f 2719//2719 2420//2420 2421//2421
f 3114//3114 809//809 1173//1173
f 3375//3375 915//915 907//907
f 412//412 3267//3267 4072//4072
f 3627//3627 1289//1289 792//792
f 1413//1413 1894//1894 1174//1174
f 4069//4069 1878//1878 2069//2069
f 905//905 2590//2590 1678//1678
f 2639//2639 817//817 913//913
f 1289//1289 1835//1835 792//792
f 1289//1289 3378//3378 1835//1835
f 3625//3625 2717//2717 3120//3120
f 284//284 1597//1597 227//227
f 2416//2416 2417//2417 1167//1167
f 2076//2076 1173//1173 809//809
f 2718//2718 2716//2716 3165//3165
f 817//817 2639//2639 397//397
f 2639//2639 2422//2422 397//397
f 3624//3624 588//588 908//908
f 2429//2429 128//128 912//912
f 130//130 2359//2359 408//408
f 906//906 2869//2869 395//395
f 3120//3120 2717//2717 4140//4140
f 914//914 786//786 1835//1835
f 527//527 914//914 1835//1835
f 917//917 3512//3512 3629//3629
f 1405//1405 2634//2634 2570//2570
f 792//792 1041//1041 919//919
f 3772//3772 2600//2600 1232//1232
f 4055//4055 3224//3224 1838//1838
f 2748//2748 2275//2275 266//266
f 3127//3127 1449//1449 1109//1109
f 929//929 2953//2953 2597//2597
f 2091//2091 2961//2961 3126//3126
f 2442//2442 1477//1477 3516//3516
f 1493//1493 930//930 702//702
f 1490//1490 3043//3043 2594//2594
f 2592//2592 1922//1922 2357//2357
f 1001//1001 297//297 920//920
f 2593//2593 932//932 1447//1447
f 3657//3657 1107//1107 939//939
f 145//145 1478//1478 1232//1232
f 930//930 2751//2751 923//923
f 283//283 3689//3689 3595//3595
f 2275//2275 2951//2951 1229//1229
f 920//920 2437//2437 3957//3957
f 1482//1482 1693//1693 2594//2594
f 2750//2750 3654//3654 939//939
f 696//696 944//944 926//926
f 3658//3658 3595//3595 927//927
f 932//932 2593//2593 830//830
f 702//702 937//937 1493//1493
f 938//938 1899//1899 3780//3780
f 3930//3930 1422//1422 1221//1221
f 3127//3127 1109//1109 934//934
f 1222//1222 698//698 1235//1235
f 2440//2440 579//579 925//925
f 3224//3224 935//935 1838//1838
f 1431//1431 940//940 1091//1091
f 2951//2951 3773//3773 1229//1229
f 933//933 1476//1476 2442//2442
f 4080//4080 2377//2377 3241//3241
f 1697//1697 938//938 934//934
f 1235//1235 697//697 1778//1778
f 547//547 1235//1235 1778//1778
f 925//925 3833//3833 2440//2440
f 928//928 3925//3925 1230//1230
f 2458//2458 2597//2597 932//932
f 937//937 2440//2440 3833//3833
f 1222//1222 936//936 698//698
f 1708//1708 579//579 3129//3129
f 4049//4049 923//923 2751//2751
f 2001//2001 542//542 936//936
f 3224//3224 3654//3654 935//935
f 3695//3695 519//519 3771//3771
f 4049//4049 2751//2751 283//283
f 3595//3595 4049//4049 283//283
f 830//830 197//197 1330//1330
f 929//929 2597//2597 2458//2458
f 2437//2437 1321//1321 3957//3957
f 2275//2275 1229//1229 266//266
f 941//941 2591//2591 1713//1713
f 2591//2591 1227//1227 1713//1713
f 1477//1477 3875//3875 3516//3516
f 3308//3308 2443//2443 478//478
f 3833//3833 1493//1493 937//937
f 942//942 921//921 265//265
f 3957//3957 2746//2746 920//920
f 1060//1060 1449//1449 3127//3127
f 933//933 1496//1496 1476//1476
f 921//921 152//152 1091//1091
f 3241//3241 2749//2749 4080//4080
f 1219//1219 1489//1489 2599//2599
f 1107//1107 3658//3658 927//927
f 2598//2598 1219//1219 2599//2599
f 3773//3773 2438//2438 3771//3771
f 2604//2604 946//946 837//837
f 3044//3044 3659//3659 951//951
f 2128//2128 1238//1238 210//210
f 2296//2296 2915//2915 1925//1925
f 303//303 954//954 219//219
f 2148//2148 3660//3660 1531//1531
f 2366//2366 947//947 949//949
f 3659//3659 3044//3044 2805//2805
f 4056//4056 946//946 2604//2604
f 1239//1239 2149//2149 737//737
f 2971//2971 3364//3364 1249//1249
f 737//737 2603//2603 2755//2755
f 3499//3499 945//945 3240//3240
f 2756//2756 1250//1250 2184//2184
f 1249//1249 3364//3364 3566//3566
f 841//841 3744//3744 731//731
f 2450//2450 4103//4103 2011//2011
f 2814//2814 729//729 2128//2128
f 1250//1250 219//219 954//954
f 2148//2148 481//481 3588//3588
f 735//735 3745//3745 1238//1238
f 2143//2143 3663//3663 961//961
f 2946//2946 2184//2184 1250//1250
f 3932//3932 807//807 3588//3588
f 1243//1243 3932//3932 837//837
f 219//219 1101//1101 303//303
f 4059//4059 2454//2454 1554//1554
f 3240//3240 1773//1773 3499//3499
f 3449//3449 1531//1531 3660//3660
f 741//741 1002//1002 2486//2486
f 960//960 948//948 2755//2755
f 2460//2460 960//960 2755//2755
f 733//733 729//729 2814//2814
f 12//12 2896//2896 2015//2015
f 963//963 2896//2896 12//12
f 4085//4085 15//15 3945//3945
f 3360//3360 1089//1089 1460//1460
f 1274//1274 754//754 1598//1598
f 1089//1089 17//17 4086//4086
f 3643//3643 2188//2188 972//972
f 1035//1035 1325//1325 969//969
f 4087//4087 2351//2351 13//13
f 828//828 1051//1051 818//818
f 3454//3454 972//972 970//970
f 2189//2189 2899//2899 971//971
f 2188//2188 828//828 594//594
f 2899//2899 1944//1944 966//966
f 1941//1941 4082//4082 964//964
f 3101//3101 966//966 967//967
f 3845//3845 2193//2193 2964//2964
f 1050//1050 1586//1586 3060//3060
f 3317//3317 4088//4088 2144//2144
f 980//980 824//824 3847//3847
f 1314//1314 720//720 2904//2904
f 30//30 1952//1952 2470//2470
f 975//975 2847//2847 2291//2291
f 4118//4118 4096//4096 1731//1731
f 1142//1142 4118//4118 1731//1731
f 2466//2466 3853//3853 3847//3847
f 824//824 2466//2466 3847//3847
f 3525//3525 601//601 2288//2288
f 2466//2466 2469//2469 3853//3853
f 1550//1550 1947//1947 982//982
f 4027//4027 3846//3846 2536//2536
f 2160//2160 270//270 2465//2465
f 1627//1627 1473//1473 3330//3330
f 1733//1733 976//976 1721//1721
f 2469//2469 981//981 3853//3853
f 4095//4095 3848//3848 30//30
f 1550//1550 4097//4097 1948//1948
f 984//984 2464//2464 597//597
f 3073//3073 1470//1470 1636//1636
f 1095//1095 1061//1061 2812//2812
f 3850//3850 2537//2537 2468//2468
f 720//720 2548//2548 1469//1469
f 1470//1470 716//716 1636//1636
f 3067//3067 757//757 2165//2165
f 2160//2160 973//973 270//270
f 980//980 2160//2160 2465//2465
f 3846//3846 2293//2293 2847//2847
f 3465//3465 973//973 1095//1095
f 808//808 1096//1096 1951//1951
f 2542//2542 1726//1726 3332//3332
f 984//984 25//25 1733//1733
f 1150//1150 2288//2288 601//601
f 3069//3069 3853//3853 981//981
f 3329//3329 1144//1144 4092//4092
f 3551//3551 3078//3078 1737//1737
f 3077//3077 979//979 2470//2470
f 1949//1949 1140//1140 1141//1141
f 2812//2812 2467//2467 1095//1095
f 25//25 976//976 1733//1733
f 505//505 990//990 488//488
f 794//794 3747//3747 1842//1842
f 2759//2759 992//992 751//751
f 1517//1517 1511//1511 747//747
f 2514//2514 2785//2785 3665//3665
f 997//997 1802//1802 3948//3948
f 2612//2612 993//993 1827//1827
f 751//751 748//748 3748//3748
f 2514//2514 2525//2525 4040//4040
f 993//993 2606//2606 3757//3757
f 3753//3753 993//993 3757//3757
f 2606//2606 991//991 3757//3757
f 992//992 2759//2759 752//752
f 2759//2759 994//994 752//752
f 1511//1511 1261//1261 747//747
f 996//996 3748//3748 1277//1277
f 3386//3386 2785//2785 794//794
f 988//988 3664//3664 989//989
f 1812//1812 2612//2612 2130//2130
f 1514//1514 2106//2106 3690//3690
f 2132//2132 985//985 278//278
f 1040//1040 1827//1827 993//993
f 3386//3386 3665//3665 2785//2785
f 1255//1255 1568//1568 1252//1252
f 1517//1517 747//747 746//746
f 1827//1827 3755//3755 2130//2130
f 2760//2760 2611//2611 988//988
f 2132//2132 278//278 2130//2130
f 183//183 997//997 3749//3749
f 2760//2760 2174//2174 2611//2611
f 2612//2612 2606//2606 993//993
f 994//994 989//989 3664//3664
f 1342//1342 3597//3597 3691//3691
f 1553//1553 1734//1734 3742//3742
f 548//548 324//324 1981//1981
f 560//560 505//505 488//488
f 2805//2805 2298//2298 3659//3659
f 3570//3570 3573//3573 3665//3665
f 398//398 2358//2358 409//409
f 2224//2224 2220//2220 2987//2987
f 2104//2104 3118//3118 3343//3343
f 516//516 2503//2503 2297//2297
f 2503//2503 1924//1924 2297//2297
f 284//284 3593//3593 218//218
f 2409//2409 387//387 2406//2406
f 1947//1947 3067//3067 982//982
f 1792//1792 240//240 2734//2734
f 2575//2575 1020//1020 1005//1005
f 3353//3353 1445//1445 197//197
f 277//277 3391//3391 2210//2210
f 2818//2818 3290//3290 38//38
f 1525//1525 1777//1777 1006//1006
f 1044//1044 630//630 2331//2331
f 1284//1284 617//617 613//613
f 1008//1008 3604//3604 1578//1578
f 2831//2831 1008//1008 3881//3881
f 1008//1008 2831//2831 2180//2180
f 1030//1030 1016//1016 2589//2589
f 2582//2582 1030//1030 2589//2589
f 2263//2263 1018//1018 2728//2728
f 1025//1025 2652//2652 2581//2581
f 2494//2494 221//221 1011//1011
f 4002//4002 2718//2718 1423//1423
f 420//420 1021//1021 2487//2487
f 689//689 1023//1023 2483//2483
f 1800//1800 1562//1562 2028//2028
f 1562//1562 1218//1218 2028//2028
f 3022//3022 1010//1010 2586//2586
f 2652//2652 1025//1025 2583//2583
f 2585//2585 3640//3640 1019//1019
f 1209//1209 3639//3639 693//693
f 2588//2588 1201//1201 1562//1562
f 3640//3640 1015//1015 1019//1019
f 796//796 2028//2028 1020//1020
f 2028//2028 1005//1005 1020//1020
f 2416//2416 2316//2316 1026//1026
f 3034//3034 423//423 680//680
f 2524//2524 3099//3099 4145//4145
f 2093//2093 1204//1204 3270//3270
f 2581//2581 1027//1027 3242//3242
f 2429//2429 154//154 4003//4003
f 1021//1021 420//420 1026//1026
f 2582//2582 1022//1022 3767//3767
f 3638//3638 2575//2575 1027//1027
f 1563//1563 1030//1030 2582//2582
f 3639//3639 1209//1209 3770//3770
f 2314//2314 2583//2583 1417//1417
f 1028//1028 3872//3872 678//678
f 3022//3022 2586//2586 676//676
f 2585//2585 3678//3678 2584//2584
f 3767//3767 1563//1563 2582//2582
f 1024//1024 419//419 4005//4005
f 1217//1217 1023//1023 2587//2587
f 1427//1427 1893//1893 425//425
f 2728//2728 3033//3033 2263//2263
f 1892//1892 1429//1429 4001//4001
f 1025//1025 2581//2581 3242//3242
f 1211//1211 4005//4005 419//419
f 123//123 1893//1893 3765//3765
f 3769//3769 1022//1022 2580//2580
f 2726//2726 693//693 423//423
f 809//809 1691//1691 243//243
f 3999//3999 1012//1012 2665//2665
f 2578//2578 1020//1020 2575//2575
f 2580//2580 3639//3639 3770//3770
f 3769//3769 2580//2580 3770//3770
f 3769//3769 3767//3767 1022//1022
f 3270//3270 3636//3636 2093//2093
f 2581//2581 3638//3638 1027//1027
f 3252//3252 2316//2316 2416//2416
f 1327//1327 2483//2483 3829//3829
f 3531//3531 1275//1275 1031//1031
f 3250//3250 3531//3531 1031//1031
f 846//846 2166//2166 1032//1032
f 2039//2039 2673//2673 337//337
f 1626//1626 3528//3528 20//20
f 3140//3140 1814//1814 2930//2930
f 3888//3888 3974//3974 305//305
f 2137//2137 2330//2330 3869//3869
f 1845//1845 3348//3348 1006//1006
f 3488//3488 775//775 2233//2233
f 2025//2025 2959//2959 241//241
f 2959//2959 1833//1833 241//241
f 2646//2646 3035//3035 3252//3252
f 3959//3959 3517//3517 2970//2970
f 3433//3433 1881//1881 300//300
f 2769//2769 1958//1958 3123//3123
f 1313//1313 285//285 254//254
f 2419//2419 411//411 2342//2342
f 411//411 574//574 2342//2342
f 1340//1340 1145//1145 1631//1631
f 3990//3990 1375//1375 1871//1871
f 989//989 1516//1516 223//223
f 822//822 1043//1043 3100//3100
f 2166//2166 846//846 2840//2840
f 1844//1844 2966//2966 3141//3141
f 1114//1114 3451//3451 1645//1645
f 4052//4052 3578//3578 2042//2042
f 2825//2825 2281//2281 2289//2289
f 3128//3128 188//188 2117//2117
f 786//786 3821//3821 1041//1041
f 2495//2495 2420//2420 412//412
f 3514//3514 188//188 2626//2626
f 442//442 1671//1671 2238//2238
f 260//260 1758//1758 3756//3756
f 1830//1830 1126//1126 2689//2689
f 1058//1058 780//780 543//543
f 214//214 1294//1294 1049//1049
f 3817//3817 1087//1087 2713//2713
f 965//965 2461//2461 1122//1122
f 105//105 802//802 279//279
f 2826//2826 3736//3736 1837//1837
f 4097//4097 1723//1723 2905//2905
f 1251//1251 2103//2103 2919//2919
f 2110//2110 3592//3592 224//224
f 2582//2582 2589//2589 1973//1973
f 2959//2959 1771//1771 4021//4021
f 2747//2747 2894//2894 944//944
f 3779//3779 4024//4024 2788//2788
f 3106//3106 3877//3877 641//641
f 3547//3547 246//246 2738//2738
f 308//308 1592//1592 3363//3363
f 1291//1291 721//721 2632//2632
f 3569//3569 2610//2610 1063//1063
f 2601//2601 2486//2486 2824//2824
f 252//252 2467//2467 2812//2812
f 2524//2524 4145//4145 4060//4060
f 3667//3667 3860//3860 1530//1530
f 1789//1789 2410//2410 1995//1995
f 1805//1805 3992//3992 3416//3416
f 772//772 1292//1292 1304//1304
f 2384//2384 772//772 1304//1304
f 3196//3196 931//931 3197//3197
f 2311//2311 220//220 749//749
f 305//305 1601//1601 3396//3396
f 2739//2739 98//98 4082//4082
f 161//161 730//730 3043//3043
f 2657//2657 64//64 2222//2222
f 2955//2955 3124//3124 1777//1777
f 3963//3963 3967//3967 1526//1526
f 3396//3396 624//624 3389//3389
f 2335//2335 1594//1594 2020//2020
f 3323//3323 2335//2335 2020//2020
f 395//395 2257//2257 404//404
f 471//471 2269//2269 141//141
f 2374//2374 1576//1576 4129//4129
f 765//765 1922//1922 2592//2592
f 948//948 3051//3051 2315//2315
f 2346//2346 2742//2742 1059//1059
f 2493//2493 781//781 3949//3949
f 818//818 2962//2962 3149//3149
f 2141//2141 2371//2371 2991//2991
f 3281//3281 1063//1063 2131//2131
f 3814//3814 2710//2710 2707//2707
f 3137//3137 3814//3814 2707//2707
f 1977//1977 891//891 2625//2625
f 3024//3024 3998//3998 2171//2171
f 3249//3249 3484//3484 402//402
f 2230//2230 52//52 762//762
f 4045//4045 1065//1065 4123//4123
f 109//109 3873//3873 1400//1400
f 2708//2708 761//761 2803//2803
f 1666//1666 2696//2696 3739//3739
f 3138//3138 2937//2937 524//524
f 1277//1277 748//748 743//743
f 3262//3262 2162//2162 413//413
f 1875//1875 1977//1977 2355//2355
f 1810//1810 2156//2156 2659//2659
f 2836//2836 260//260 1103//1103
f 1277//1277 2758//2758 996//996
f 3239//3239 3587//3587 2259//2259
f 2126//2126 3752//3752 1258//1258
f 2822//2822 2608//2608 2614//2614
f 2957//2957 1571//1571 1108//1108
f 2960//2960 577//577 3893//3893
f 296//296 3545//3545 3600//3600
f 206//206 1790//1790 1566//1566
f 2134//2134 2005//2005 839//839
f 2491//2491 1143//1143 4129//4129
f 3321//3321 3324//3324 1553//1553
f 4042//4042 4102//4102 1070//1070
f 1765//1765 3766//3766 2579//2579
f 749//749 220//220 1290//1290
f 1927//1927 2450//2450 950//950
f 243//243 1691//1691 2438//2438
f 1728//1728 3737//3737 2906//2906
f 3204//3204 4032//4032 1934//1934
f 200//200 1787//1787 410//410
f 4142//4142 276//276 4093//4093
f 1846//1846 1854//1854 2682//2682
f 181//181 494//494 503//503
f 885//885 3702//3702 1338//1338
f 1017//1017 153//153 1896//1896
f 577//577 291//291 1954//1954
f 2862//2862 3255//3255 2556//2556
f 2626//2626 188//188 3128//3128
f 1613//1613 3385//3385 833//833
f 2910//2910 4141//4141 2920//2920
f 3285//3285 2345//2345 2118//2118
f 39//39 3285//3285 2118//2118
f 1875//1875 891//891 1977//1977
f 484//484 1341//1341 2302//2302
f 1930//1930 1499//1499 2362//2362
f 4014//4014 2732//2732 4013//4013
f 302//302 3701//3701 1076//1076
f 2823//2823 302//302 1076//1076
f 1499//1499 2971//2971 2362//2362
f 1801//1801 1273//1273 1411//1411
f 92//92 1780//1780 76//76
f 1120//1120 3518//3518 98//98
f 999//999 749//749 1290//1290
f 2776//2776 2758//2758 1079//1079
f 1512//1512 2776//2776 1079//1079
f 3864//3864 1942//1942 1080//1080
f 341//341 1074//1074 3479//3479
f 3784//3784 830//830 1330//1330
f 1270//1270 1224//1224 2529//2529
f 3031//3031 688//688 2265//2265
f 98//98 525//525 2733//2733
f 480//480 3773//3773 3771//3771
f 1962//1962 4112//4112 1958//1958
f 257//257 215//215 3783//3783
f 3775//3775 66//66 3292//3292
f 4140//4140 3669//3669 3120//3120
f 2762//2762 3210//3210 3854//3854
f 1297//1297 3349//3349 2613//2613
f 1960//1960 3212//3212 1086//1086
f 194//194 2080//2080 1460//1460
f 955//955 1247//1247 4141//4141
f 1755//1755 3088//3088 3366//3366
f 2801//2801 1755//1755 3366//3366
f 1072//1072 2033//2033 4123//4123
f 533//533 3365//3365 2653//2653
f 583//583 3882//3882 3966//3966
f 2868//2868 2873//2873 3430//3430
f 59//59 62//62 1366//1366
f 1093//1093 309//309 1113//1113
f 1064//1064 1093//1093 1113//1113
f 2262//2262 122//122 3266//3266
f 2348//2348 1769//1769 3632//3632
f 1839//1839 3870//3870 217//217
f 1127//1127 587//587 3761//3761
f 3333//3333 2167//2167 1090//1090
f 2211//2211 1975//1975 1093//1093
f 1041//1041 2639//2639 913//913
f 919//919 1041//1041 913//913
f 440//440 2958//2958 3686//3686
f 2225//2225 2124//2124 3976//3976
f 4104//4104 3343//3343 1934//1934
f 235//235 2648//2648 1057//1057
f 1871//1871 1375//1375 1387//1387
f 3025//3025 1698//1698 1214//1214
f 3668//3668 991//991 1319//1319
f 523//523 3890//3890 3392//3392
f 3587//3587 1824//1824 2480//2480
f 3395//3395 1599//1599 2838//2838
f 3681//3681 1963//1963 259//259
f 3087//3087 1759//1759 1756//1756
f 2076//2076 917//917 3629//3629
f 1547//1547 573//573 2770//2770
f 3172//3172 3914//3914 3548//3548
f 2926//2926 780//780 2861//2861
f 780//780 1148//1148 2861//2861
f 755//755 1941//1941 2813//2813
f 3415//3415 3454//3454 551//551
f 1567//1567 3202//3202 1747//1747
f 3786//3786 1567//1567 1747//1747
f 830//830 841//841 731//731
f 3534//3534 1364//1364 3608//3608
f 3746//3746 1568//1568 1931//1931
f 585//585 2979//2979 627//627
f 1130//1130 325//325 356//356
f 3994//3994 2943//2943 1526//1526
f 553//553 3051//3051 1742//1742
f 590//590 840//840 313//313
f 3159//3159 815//815 2792//2792
f 1565//1565 1557//1557 1268//1268
f 611//611 2381//2381 262//262
f 183//183 3749//3749 3092//3092
f 567//567 1601//1601 3504//3504
f 828//828 818//818 2192//2192
f 42//42 2979//2979 2640//2640
f 1725//1725 276//276 2908//2908
f 47//47 3096//3096 2209//2209
f 3628//3628 3622//3622 2321//2321
f 524//524 3505//3505 4133//4133
f 3786//3786 3206//3206 274//274
f 3720//3720 3633//3633 2245//2245
f 1976//1976 1287//1287 301//301
f 1920//1920 740//740 569//569
f 34//34 2120//2120 2111//2111
f 3654//3654 3224//3224 3560//3560
f 1610//1610 1612//1612 2383//2383
f 1857//1857 77//77 2123//2123
f 126//126 1877//1877 3691//3691
f 320//320 347//347 329//329
f 2392//2392 52//52 3682//3682
f 206//206 3207//3207 3204//3204
f 3657//3657 3658//3658 1107//1107
f 2180//2180 3133//3133 1559//1559
f 889//889 2409//2409 826//826
f 2927//2927 477//477 1907//1907
f 452//452 3139//3139 2231//2231
f 766//766 621//621 1111//1111
f 2462//2462 251//251 3600//3600
f 3456//3456 247//247 3059//3059
f 3019//3019 4135//4135 3733//3733
f 3211//3211 2969//2969 1966//1966
f 3069//3069 981//981 1950//1950
f 199//199 1127//1127 3521//3521
f 3958//3958 1121//1121 326//326
f 856//856 2225//2225 2967//2967
f 166//166 1503//1503 1994//1994
f 2474//2474 819//819 2525//2525
f 309//309 2835//2835 1113//1113
f 2668//2668 1115//1115 3728//3728
f 2963//2963 1183//1183 1338//1338
f 6//6 429//429 1120//1120
f 3144//3144 3011//3011 3453//3453
f 328//328 1182//1182 3414//3414
f 1084//1084 100//100 775//775
f 3871//3871 1116//1116 3003//3003
f 522//522 2136//2136 2328//2328
f 1120//1120 429//429 3518//3518
f 1840//1840 1189//1189 3701//3701
f 1264//1264 1117//1117 1189//1189
f 1335//1335 2841//2841 1128//1128
f 2365//2365 2037//2037 2846//2846
f 1129//1129 2621//2621 2772//2772
f 2621//2621 1335//1335 2772//2772
f 1618//1618 3146//3146 593//593
f 2039//2039 1623//1623 2508//2508
f 1803//1803 594//594 2192//2192
f 3149//3149 1072//1072 2676//2676
f 2508//2508 1623//1623 2532//2532
f 1128//1128 2772//2772 1335//1335
f 558//558 1830//1830 3895//3895
f 2772//2772 1123//1123 1129//1129
f 3146//3146 1617//1617 2839//2839
f 2840//2840 3582//3582 1803//1803
f 3674//3674 3403//3403 1125//1125
f 1072//1072 15//15 2033//2033
f 3149//3149 1622//1622 1124//1124
f 3582//3582 2840//2840 1123//1123
f 2840//2840 846//846 1123//1123
f 3895//3895 3578//3578 16//16
f 359//359 1193//1193 1776//1776
f 9//9 3710//3710 1669//1669
f 367//367 3019//3019 3733//3733
f 3458//3458 117//117 358//358
f 9//9 1673//1673 2693//2693
f 355//355 3//3 1670//1670
f 1192//1192 2241//2241 3983//3983
f 363//363 356//356 2153//2153
f 3553//3553 3710//3710 116//116
f 2938//2938 451//451 2240//2240
f 3066//3066 902//902 3709//3709
f 3685//3685 3461//3461 120//120
f 1662//1662 1136//1136 2512//2512
f 1136//1136 1671//1671 442//442
f 3734//3734 3732//3732 1196//1196
f 1673//1673 9//9 1669//1669
f 2782//2782 1134//1134 2242//2242
f 1662//1662 2140//2140 1136//1136
f 3489//3489 1236//1236 2241//2241
f 2153//2153 344//344 892//892
f 3732//3732 361//361 2239//2239
f 3063//3063 1663//1663 1194//1194
f 2476//2476 3598//3598 119//119
f 2545//2545 2006//2006 1626//1626
f 1634//1634 2541//2541 3764//3764
f 725//725 2196//2196 1389//1389
f 2793//2793 1143//1143 3130//3130
f 1138//1138 608//608 3299//3299
f 606//606 3953//3953 3130//3130
f 1388//1388 2907//2907 3068//3068
f 1737//1737 3985//3985 3002//3002
f 603//603 2404//2404 2544//2544
f 2856//2856 2907//2907 1388//1388
f 595//595 4118//4118 2859//2859
f 2490//2490 1631//1631 1145//1145
f 4128//4128 2050//2050 975//975
f 27//27 2205//2205 3365//3365
f 1142//1142 2859//2859 4118//4118
f 3953//3953 3492//3492 3130//3130
f 3900//3900 2537//2537 599//599
f 827//827 2851//2851 1148//1148
f 1147//1147 605//605 1630//1630
f 605//605 3897//3897 1630//1630
f 29//29 1149//1149 3616//3616
f 2544//2544 2853//2853 2538//2538
f 977//977 3849//3849 2547//2547
f 2848//2848 2861//2861 1148//1148
f 2851//2851 827//827 2780//2780
f 514//514 609//609 610//610
f 1141//1141 3874//3874 3068//3068
f 2542//2542 2548//2548 1371//1371
f 867//867 2546//2546 2855//2855
f 2780//2780 827//827 2860//2860
f 2197//2197 31//31 2368//2368
f 2539//2539 1548//1548 3764//3764
f 1144//1144 1632//1632 3524//3524
f 26//26 2396//2396 2199//2199
f 2851//2851 2849//2849 1148//1148
f 3492//3492 2793//2793 3130//3130
f 383//383 2046//2046 984//984
f 1548//1548 2539//2539 1147//1147
f 1628//1628 4126//4126 2196//2196
f 720//720 2852//2852 1371//1371
f 2539//2539 605//605 1147//1147
f 1140//1140 3874//3874 1141//1141
f 2537//2537 3900//3900 1139//1139
f 533//533 28//28 3365//3365
f 610//610 2541//2541 514//514
f 31//31 2546//2546 2368//2368
f 2849//2849 2848//2848 1148//1148
f 977//977 4128//4128 975//975
f 1634//1634 514//514 2541//2541
f 1088//1088 2227//2227 4051//4051
f 1155//1155 1037//1037 638//638
f 2064//2064 1156//1156 2555//2555
f 556//556 2064//2064 2555//2555
f 2931//2931 3906//3906 3877//3877
f 3708//3708 2864//2864 4051//4051
f 2862//2862 639//639 1151//1151
f 639//639 633//633 1151//1151
f 1651//1651 2931//2931 3877//3877
f 213//213 2021//2021 3244//3244
f 644//644 3162//3162 1577//1577
f 3535//3535 642//642 185//185
f 1646//1646 1153//1153 640//640
f 68//68 65//65 1654//1654
f 1154//1154 1579//1579 634//634
f 1579//1579 1158//1158 634//634
f 2554//2554 634//634 1158//1158
f 1646//1646 556//556 1153//1153
f 3707//3707 3902//3902 1651//1651
f 1159//1159 3162//3162 644//644
f 2555//2555 1153//1153 556//556
f 1158//1158 190//190 1157//1157
f 643//643 1158//1158 1157//1157
f 1654//1654 1160//1160 68//68
f 3535//3535 1657//1657 2187//2187
f 1037//1037 2936//2936 638//638
f 2863//2863 3902//3902 3255//3255
f 642//642 2557//2557 2558//2558
f 643//643 2554//2554 1158//1158
f 3802//3802 1685//1685 405//405
f 912//912 1164//1164 2572//2572
f 3955//3955 2566//2566 4070//4070
f 3907//3907 1679//1679 1165//1165
f 1679//1679 3725//3725 1165//1165
f 1178//1178 649//649 1166//1166
f 3716//3716 2878//2878 1171//1171
f 1294//1294 663//663 1049//1049
f 1178//1178 1176//1176 1682//1682
f 863//863 76//76 916//916
f 658//658 2867//2867 1177//1177
f 2790//2790 2568//2568 1171//1171
f 3719//3719 2880//2880 3722//3722
f 2880//2880 1176//1176 3722//3722
f 1172//1172 571//571 1768//1768
f 406//406 3296//3296 3717//3717
f 82//82 4075//4075 2993//2993
f 2371//2371 1102//1102 3170//3170
f 84//84 4070//4070 3428//3428
f 2881//2881 661//661 1168//1168
f 1686//1686 2566//2566 2567//2567
f 2866//2866 2790//2790 1171//1171
f 1294//1294 1680//1680 663//663
f 1168//1168 1681//1681 2881//2881
f 3246//3246 2879//2879 655//655
f 651//651 3114//3114 1173//1173
f 1174//1174 1169//1169 2994//2994
f 78//78 3804//3804 1408//1408
f 3911//3911 1163//1163 665//665
f 3909//3909 2564//2564 2872//2872
f 656//656 2992//2992 2077//2077
f 3294//3294 3724//3724 1984//1984
f 3719//3719 2569//2569 2880//2880
f 2570//2570 867//867 4073//4073
f 3986//3986 1408//1408 3804//3804
f 1164//1164 2878//2878 3716//3716
f 1179//1179 3539//3539 1687//1687
f 1866//1866 1392//1392 1543//1543
f 1552//1552 1170//1170 1177//1177
f 1179//1179 3911//3911 665//665
f 1172//1172 1868//1868 571//571
f 2880//2880 1682//1682 1176//1176
f 2565//2565 2790//2790 2866//2866
f 3003//3003 321//321 3119//3119
f 433//433 3054//3054 1117//1117
f 443//443 3005//3005 2509//2509
f 3004//3004 2155//2155 1183//1183
f 8//8 343//343 1560//1560
f 2823//2823 1181//1181 3482//3482
f 3007//3007 3//3 3055//3055
f 2730//2730 3544//3544 1075//1075
f 3543//3543 3545//3545 3958//3958
f 1461//1461 3642//3642 3774//3774
f 2373//2373 1075//1075 96//96
f 1187//1187 1264//1264 3643//3643
f 97//97 327//327 3415//3415
f 103//103 2735//2735 1840//1840
f 1639//1639 3173//3173 104//104
f 1114//1114 1645//1645 1457//1457
f 3546//3546 1274//1274 883//883
f 1457//1457 1807//1807 1114//1114
f 3544//3544 2730//2730 240//240
f 710//710 1264//1264 101//101
f 3171//3171 2217//2217 3012//3012
f 2809//2809 94//94 3885//3885
f 1115//1115 2668//2668 2947//2947
f 2734//2734 2003//2003 2573//2573
f 3412//3412 713//713 1983//1983
f 103//103 2666//2666 1188//1188
f 2233//2233 775//775 10//10
f 3461//3461 432//432 1133//1133
f 3054//3054 851//851 3459//3459
f 3731//3731 1112//1112 3061//3061
f 3710//3710 6//6 116//116
f 1664//1664 896//896 2083//2083
f 3652//3652 1588//1588 120//120
f 1669//1669 718//718 3575//3575
f 1670//1670 1469//1469 256//256
f 3175//3175 3917//3917 1529//1529
f 463//463 903//903 118//118
f 2026//2026 726//726 895//895
f 895//895 726//726 3550//3550
f 113//113 3420//3420 458//458
f 2000//2000 3961//3961 1730//1730
f 3920//3920 3852//3852 4015//4015
f 894//894 2235//2235 1949//1949
f 2235//2235 1197//1197 1949//1949
f 3715//3715 1603//1603 455//455
f 111//111 4022//4022 3652//3652
f 901//901 3920//3920 1776//1776
f 3918//3918 1197//1197 2081//2081
f 2244//2244 3649//3649 3020//3020
f 1721//1721 3457//3457 3878//3878
f 3018//3018 2293//2293 1194//1194
f 3878//3878 1733//1733 1721//1721
f 455//455 3511//3511 3715//3715
f 3648//3648 458//458 3420//3420
f 3177//3177 2140//2140 3180//3180
f 1563//1563 1698//1698 1216//1216
f 3508//3508 3831//3831 2426//2426
f 2725//2725 3289//3289 3695//3695
f 1013//1013 3303//3303 1691//1691
f 3252//3252 1017//1017 4006//4006
f 1418//1418 1202//1202 1823//1823
f 1452//1452 3823//3823 415//415
f 3769//3769 1212//1212 1033//1033
f 1212//1212 2886//2886 1033//1033
f 3767//3767 3769//3769 1033//1033
f 1420//1420 1425//1425 3508//3508
f 2584//2584 3678//3678 1440//1440
f 3242//3242 3670//3670 3826//3826
f 1441//1441 1209//1209 1202//1202
f 1450//1450 3099//3099 2524//2524
f 678//678 3032//3032 1014//1014
f 532//532 2725//2725 3695//3695
f 686//686 4005//4005 1211//1211
f 2727//2727 2584//2584 1440//1440
f 3242//3242 3826//3826 1206//1206
f 3229//3229 422//422 1204//1204
f 3034//3034 1426//1426 2884//2884
f 2883//2883 2483//2483 1023//1023
f 2354//2354 4003//4003 154//154
f 1880//1880 1431//1431 1012//1012
f 1214//1214 3767//3767 1033//1033
f 1823//1823 2726//2726 2884//2884
f 1205//1205 1208//1208 1028//1028
f 1441//1441 3827//3827 1209//1209
f 1202//1202 2726//2726 1823//1823
f 1023//1023 1217//1217 1207//1207
f 1205//1205 3824//3824 1208//1208
f 1218//1218 1562//1562 2888//2888
f 1562//1562 1201//1201 2888//2888
f 3830//3830 3670//3670 2724//2724
f 1011//1011 2885//2885 2494//2494
f 1527//1527 1215//1215 2724//2724
f 1215//1215 2651//2651 2724//2724
f 1209//1209 693//693 1202//1202
f 1449//1449 681//681 3113//3113
f 1207//1207 3828//3828 1023//1023
f 1563//1563 3767//3767 1214//1214
f 1214//1214 1698//1698 1563//1563
f 423//423 3034//3034 2884//2884
f 134//134 147//147 3113//3113
f 1215//1215 1527//1527 1569//1569
f 1764//1764 1030//1030 1216//1216
f 3827//3827 1433//1433 1212//1212
f 1030//1030 1563//1563 1216//1216
f 1212//1212 1209//1209 3827//3827
f 3923//3923 3829//3829 2483//2483
f 3925//3925 1892//1892 3883//3883
f 1421//1421 1430//1430 1019//1019
f 1210//1210 1421//1421 1019//1019
f 222//222 154//154 2429//2429
f 1226//1226 920//920 269//269
f 2892//2892 283//283 3927//3927
f 283//283 2892//2892 245//245
f 3689//3689 283//283 245//245
f 2442//2442 2356//2356 1477//1477
f 3957//3957 1838//1838 1488//1488
f 2746//2746 1772//1772 515//515
f 1485//1485 926//926 2894//2894
f 1220//1220 2890//2890 1234//1234
f 515//515 3957//3957 3832//3832
f 3834//3834 1489//1489 1707//1707
f 1493//1493 3833//3833 2372//2372
f 3833//3833 925//925 2372//2372
f 920//920 2746//2746 269//269
f 1220//1220 2777//2777 3931//3931
f 2749//2749 1223//1223 2518//2518
f 2594//2594 3043//3043 3038//3038
f 3689//3689 245//245 1497//1497
f 2777//2777 3689//3689 1497//1497
f 3957//3957 1488//1488 3832//3832
f 2751//2751 930//930 1228//1228
f 3198//3198 2091//2091 928//928
f 2751//2751 1228//1228 3927//3927
f 565//565 2595//2595 943//943
f 3931//3931 2890//2890 1220//1220
f 1229//1229 784//784 266//266
f 930//930 1493//1493 1228//1228
f 1234//1234 1495//1495 2891//2891
f 1714//1714 1229//1229 3773//3773
f 2891//2891 2750//2750 1234//1234
f 1069//1069 2377//2377 2099//2099
f 2101//2101 1231//1231 3834//3834
f 2442//2442 1233//1233 2356//2356
f 2443//2443 3308//3308 1924//1924
f 2592//2592 468//468 765//765
f 3516//3516 3875//3875 3199//3199
f 1838//1838 2891//2891 1488//1488
f 1219//1219 2598//2598 3772//3772
f 1238//1238 3745//3745 192//192
f 807//807 1243//1243 1237//1237
f 2971//2971 1499//1499 960//960
f 1244//1244 1250//1250 2756//2756
f 2103//2103 516//516 2919//2919
f 2143//2143 1504//1504 3238//3238
f 737//737 3837//3837 1239//1239
f 516//516 959//959 2919//2919
f 1249//1249 2918//2918 2971//2971
f 2329//2329 2456//2456 485//485
f 2315//2315 3837//3837 2755//2755
f 948//948 960//960 512//512
f 3836//3836 1247//1247 1241//1241
f 951//951 953//953 3048//3048
f 2143//2143 1501//1501 1504//1504
f 2655//2655 3836//3836 1241//1241
f 1602//1602 3838//3838 2629//2629
f 2753//2753 1278//1278 813//813
f 3351//3351 2973//2973 210//210
f 2973//2973 2814//2814 210//210
f 3225//3225 1246//1246 2148//2148
f 2143//2143 961//961 1501//1501
f 2814//2814 2128//2128 210//210
f 737//737 2755//2755 3837//3837
f 3745//3745 159//159 192//192
f 1237//1237 2753//2753 813//813
f 813//813 517//517 1237//1237
f 3091//3091 2615//2615 2106//2106
f 1257//1257 2664//2664 3667//3667
f 1253//1253 2785//2785 4040//4040
f 3858//3858 1253//1253 4040//4040
f 2925//2925 2609//2609 3862//3862
f 3755//3755 3861//3861 771//771
f 3861//3861 3857//3857 771//771
f 2323//2323 3870//3870 1839//1839
f 3753//3753 1515//1515 1040//1040
f 3861//3861 3755//3755 1827//1827
f 2759//2759 1544//1544 1516//1516
f 1827//1827 1040//1040 3861//3861
f 2663//2663 2761//2761 1253//1253
f 2631//2631 225//225 3232//3232
f 3854//3854 2760//2760 2762//2762
f 1259//1259 985//985 1254//1254
f 1522//1522 1259//1259 1254//1254
f 2776//2776 1077//1077 996//996
f 3855//3855 2970//2970 3517//3517
f 985//985 2132//2132 1254//1254
f 3862//3862 2609//2609 1261//1261
f 822//822 3470//3470 1043//1043
f 1043//1043 3470//3470 2615//2615
f 1996//1996 2608//2608 1260//1260
f 1517//1517 746//746 2760//2760
f 985//985 1259//1259 2530//2530
f 988//988 2762//2762 2760//2760
f 1522//1522 1254//1254 771//771
f 1530//1530 3860//3860 4040//4040
f 2759//2759 751//751 3856//3856
f 1511//1511 2922//2922 1261//1261
f 2530//2530 1520//1520 2924//2924
f 1333//1333 2957//2957 1108//1108
f 2924//2924 3750//3750 2530//2530
f 3753//3753 1260//1260 1515//1515
f 2610//2610 3750//3750 2924//2924
f 526//526 1509//1509 1519//1519
f 1510//1510 526//526 1519//1519
f 2228//2228 2139//2139 3292//3292
f 3324//3324 3321//3321 4018//4018
f 56//56 3291//3291 62//62
f 2042//2042 3895//3895 3399//3399
f 2664//2664 1287//1287 1265//1265
f 3294//3294 1808//1808 2991//2991
f 962//962 2901//2901 1456//1456
f 3348//3348 1525//1525 1006//1006
f 3974//3974 1537//1537 2511//2511
f 3343//3343 4104//4104 4098//4098
f 3122//3122 1572//1572 2956//2956
f 3085//3085 1313//1313 3089//3089
f 1693//1693 3028//3028 2089//2089
f 4112//4112 2009//2009 3282//3282
f 2822//2822 1515//1515 1260//1260
f 2608//2608 2822//2822 1260//1260
f 185//185 2065//2065 1542//1542
f 3245//3245 3023//3023 205//205
f 2934//2934 2644//2644 2484//2484
f 3882//3882 211//211 816//816
f 2287//2287 2283//2283 2279//2279
f 284//284 218//218 1597//1597
f 2627//2627 3395//3395 2214//2214
f 3206//3206 3201//3201 4106//4106
f 1293//1293 1240//1240 3838//3838
f 732//732 2457//2457 2164//2164
f 98//98 1643//1643 1120//1120
f 3573//3573 3589//3589 819//819
f 17//17 1618//1618 2351//2351
f 2727//2727 1207//1207 1217//1217
f 2171//2171 1411//1411 1273//1273
f 255//255 1271//1271 2108//2108
f 1812//1812 3572//3572 1319//1319
f 2630//2630 2210//2210 3391//3391
f 2980//2980 812//812 1275//1275
f 2025//2025 1771//1771 2959//2959
f 3372//3372 2643//2643 1280//1280
f 3924//3924 1437//1437 1695//1695
f 62//62 557//557 3258//3258
f 1816//1816 1968//1968 3081//3081
f 419//419 1024//1024 679//679
f 2180//2180 2831//2831 4048//4048
f 2992//2992 2397//2397 3431//3431
f 3625//3625 3952//3952 2717//2717
f 3498//3498 2527//2527 3356//3356
f 2937//2937 236//236 1900//1900
f 2915//2915 3934//3934 2107//2107
f 3937//3937 4143//4143 2670//2670
f 4100//4100 3342//3342 1742//1742
f 1402//1402 412//412 2420//2420
f 2035//2035 3522//3522 1054//1054
f 457//457 2327//2327 1286//1286
f 1993//1993 3273//3273 1881//1881
f 2530//2530 3090//3090 1520//1520
f 3943//3943 1572//1572 193//193
f 3045//3045 3500//3500 1749//1749
f 3088//3088 3698//3698 1287//1287
f 3221//3221 1315//1315 3141//3141
f 2620//2620 952//952 4103//4103
f 776//776 56//56 3258//3258
f 220//220 559//559 1290//1290
f 3358//3358 795//795 2770//2770
f 559//559 999//999 1290//1290
f 3281//3281 224//224 3592//3592
f 2180//2180 1559//1559 2511//2511
f 2162//2162 3262//3262 1995//1995
f 2605//2605 4138//4138 3367//3367
f 2717//2717 3952//3952 1342//1342
f 1878//1878 2070//2070 1883//1883
f 2150//2150 791//791 1792//1792
f 3889//3889 2804//2804 3533//3533
f 2362//2362 2349//2349 1271//1271
f 1759//1759 3123//3123 1296//1296
f 2495//2495 412//412 3170//3170
f 3029//3029 4133//4133 3824//3824
f 3153//3153 4017//4017 452//452
f 2488//2488 3369//3369 2900//2900
f 2290//2290 2282//2282 2497//2497
f 3915//3915 3177//3177 1467//1467
f 1292//1292 4048//4048 617//617
f 242//242 1618//1618 3148//3148
f 1447//1447 1423//1423 2718//2718
f 1349//1349 309//309 1975//1975
f 3965//3965 3914//3914 434//434
f 646//646 838//838 3694//3694
f 3076//3076 1546//1546 4058//4058
f 3360//3360 713//713 2163//2163
f 1933//1933 1935//1935 3382//3382
f 2012//2012 1977//1977 2408//2408
f 3123//3123 1958//1958 238//238
f 2408//2408 195//195 2012//2012
f 546//546 2244//2244 1131//1131
f 2757//2757 1970//1970 1100//1100
f 461//461 3646//3646 1307//1307
f 2790//2790 2565//2565 1308//1308
f 2568//2568 2790//2790 1308//1308
f 258//258 3766//3766 1309//1309
f 3375//3375 907//907 910//910
f 680//680 1327//1327 2361//2361
f 1514//1514 3091//3091 2106//2106
f 702//702 471//471 144//144
f 1337//1337 3754//3754 1252//1252
f 2197//2197 3590//3590 31//31
f 1298//1298 2388//2388 1326//1326
f 2636//2636 1557//1557 2158//2158
f 1660//1660 4057//4057 1652//1652
f 955//955 3675//3675 957//957
f 3007//3007 94//94 331//331
f 3705//3705 2945//2945 2738//2738
f 3949//3949 762//762 2493//2493
f 3343//3343 1566//1566 1790//1790
f 3325//3325 1837//1837 723//723
f 2287//2287 3325//3325 723//723
f 2595//2595 258//258 2357//2357
f 4093//4093 276//276 1725//1725
f 4033//4033 4031//4031 4030//4030
f 3843//3843 3568//3568 192//192
f 276//276 4142//4142 2465//2465
f 4090//4090 276//276 2465//2465
f 980//980 3847//3847 2160//2160
f 1748//1748 4104//4104 2507//2507
f 1059//1059 3653//3653 2743//2743
f 1240//1240 1836//1836 2366//2366
f 1505//1505 2917//2917 2916//2916
f 628//628 1295//1295 2380//2380
f 4006//4006 1017//1017 3191//3191
f 3688//3688 3450//3450 1531//1531
f 3260//3260 1036//1036 2492//2492
f 485//485 2456//2456 1922//1922
f 1503//1503 2452//2452 2912//2912
f 1930//1930 552//552 1739//1739
f 1805//1805 1872//1872 3136//3136
f 319//319 364//364 441//441
f 3748//3748 748//748 1277//1277
f 3433//3433 2260//2260 424//424
f 2343//2343 2966//2966 1844//1844
f 3141//3141 2966//2966 273//273
f 2841//2841 1335//1335 580//580
f 3567//3567 521//521 3037//3037
f 1992//1992 1820//1820 3530//3530
f 2784//2784 1745//1745 3207//3207
f 2118//2118 2120//2120 39//39
f 2865//2865 4069//4069 647//647
f 2350//2350 1873//1873 3261//3261
f 3632//3632 758//758 3587//3587
f 845//845 2702//2702 1381//1381
f 3988//3988 845//845 1381//1381
f 3956//3956 2038//2038 336//336
f 3735//3735 2290//2290 3693//3693
f 2189//2189 971//971 2193//2193
f 1482//1482 231//231 3032//3032
f 2517//2517 1966//1966 1331//1331
f 2535//2535 4052//4052 338//338
f 1842//1842 987//987 3666//3666
f 154//154 222//222 1689//1689
f 2623//2623 3284//3284 3235//3235
f 3051//3051 1739//1739 2157//2157
f 4010//4010 1180//1180 883//883
f 1085//1085 3106//3106 3707//3707
f 1736//1736 724//724 2289//2289
f 2571//2571 647//647 1589//1589
f 194//194 4086//4086 2809//2809
f 1967//1967 778//778 3208//3208
f 1882//1882 419//419 3438//3438
f 802//802 3914//3914 3965//3965
f 825//825 1027//1027 2575//2575
f 3869//3869 2330//2330 461//461
f 554//554 32//32 3528//3528
f 4088//4088 251//251 2144//2144
f 1309//1309 1435//1435 258//258
f 1116//1116 3700//3700 3003//3003
f 2753//2753 1237//1237 946//946
f 2637//2637 4043//4043 1801//1801
f 1769//1769 3597//3597 1342//1342
f 3255//3255 3707//3707 557//557
f 1808//1808 280//280 3615//3615
f 555//555 803//803 3160//3160
f 3747//3747 3752//3752 1842//1842
f 3752//3752 987//987 1842//1842
f 1474//1474 3490//3490 1056//1056
f 986//986 3092//3092 3081//3081
f 2106//2106 2615//2615 753//753
f 1557//1557 1565//1565 2786//2786
f 3659//3659 2302//2302 1341//1341
f 2952//2952 2968//2968 4144//4144
f 1404//1404 3593//3593 284//284
f 587//587 1127//1127 2392//2392
f 900//900 4022//4022 1195//1195
f 1529//1529 2232//2232 3982//3982
f 611//611 618//618 591//591
f 1559//1559 3142//3142 3223//3223
f 1294//1294 214//214 2832//2832
f 2929//2929 859//859 2967//2967
f 575//575 3189//3189 3505//3505
f 3943//3943 193//193 301//301
f 193//193 1976//1976 301//301
f 1460//1460 1089//1089 194//194
f 1614//1614 1044//1044 2774//2774
f 1044//1044 1609//1609 2774//2774
f 1754//1754 3214//3214 1753//1753
f 3214//3214 3372//3372 1753//1753
f 2190//2190 3254//3254 2015//2015
f 1944//1944 2190//2190 2015//2015
f 3245//3245 205//205 1414//1414
f 1662//1662 2512//2512 3094//3094
f 892//892 3006//3006 3685//3685
f 1824//1824 1327//1327 2480//2480
f 855//855 2765//2765 2228//2228
f 2627//2627 42//42 41//41
f 2833//2833 2815//2815 1348//1348
f 2211//2211 1352//1352 1349//1349
f 2177//2177 1351//1351 1354//1354
f 563//563 4053//4053 840//840
f 1352//1352 2206//2206 1348//1348
f 2815//2815 1357//1357 1347//1347
f 1347//1347 3673//3673 1348//1348
f 2815//2815 1347//1347 1348//1348
f 2212//2212 3676//3676 1357//1357
f 2835//2835 1779//1779 40//40
f 1358//1358 40//40 1779//1779
f 3363//3363 1354//1354 2138//2138
f 308//308 3363//3363 2138//2138
f 2029//2029 40//40 1358//1358
f 790//790 3759//3759 295//295
f 3676//3676 1081//1081 307//307
f 2206//2206 2833//2833 1348//1348
f 3102//3102 2212//2212 1357//1357
f 3363//3363 2177//2177 1354//1354
f 2211//2211 2206//2206 1352//1352
f 2835//2835 309//309 1779//1779
f 1975//1975 2211//2211 1349//1349
f 2815//2815 3102//3102 1357//1357
f 3613//3613 2002//2002 4123//4123
f 1362//1362 3795//3795 2810//2810
f 3795//3795 3799//3799 2810//2810
f 2843//2843 2635//2635 4044//4044
f 2990//2990 3537//3537 1369//1369
f 2684//2684 2929//2929 1359//1359
f 1363//1363 2984//2984 1361//1361
f 2987//2987 3509//3509 1365//1365
f 1367//1367 3798//3798 2778//2778
f 2016//2016 2690//2690 2985//2985
f 61//61 2016//2016 2985//2985
f 1851//1851 2686//2686 3677//3677
f 3537//3537 3799//3799 1369//1369
f 2124//2124 774//774 3976//3976
f 2682//2682 3502//3502 66//66
f 2616//2616 3218//3218 1551//1551
f 2683//2683 541//541 3979//3979
f 3979//3979 3797//3797 2683//2683
f 1851//1851 3977//3977 2687//2687
f 3291//3291 1366//1366 62//62
f 853//853 1847//1847 2690//2690
f 1847//1847 2985//2985 2690//2690
f 3537//3537 2810//2810 3799//3799
f 1369//1369 3797//3797 2990//2990
f 2986//2986 1850//1850 1360//1360
f 339//339 2986//2986 1360//1360
f 1853//1853 3218//3218 1806//1806
f 2988//2988 2986//2986 769//769
f 3795//3795 60//60 1073//1073
f 2687//2687 2686//2686 1851//1851
f 70//70 2988//2988 769//769
f 2002//2002 4045//4045 4123//4123
f 853//853 3794//3794 1847//1847
f 3978//3978 545//545 854//854
f 774//774 242//242 3479//3479
f 3218//3218 1065//1065 1551//1551
f 3507//3507 1365//1365 3509//3509
f 1360//1360 1847//1847 3794//3794
f 1362//1362 60//60 3795//3795
f 2983//2983 1367//1367 3796//3796
f 2984//2984 58//58 1361//1361
f 1855//1855 1380//1380 3154//3154
f 1396//1396 1855//1855 3154//3154
f 1083//1083 861//861 870//870
f 2699//2699 1870//1870 2996//2996
f 3297//3297 90//90 2489//2489
f 2364//2364 281//281 2948//2948
f 788//788 831//831 876//876
f 875//875 2400//2400 1857//1857
f 3809//3809 4127//4127 3298//3298
f 879//879 89//89 2705//2705
f 89//89 1053//1053 2705//2705
f 3000//3000 652//652 1372//1372
f 3428//3428 85//85 84//84
f 1584//1584 2489//2489 3506//3506
f 1383//1383 2050//2050 1866//1866
f 1385//1385 86//86 2698//2698
f 3293//3293 666//666 872//872
f 3865//3865 2400//2400 2698//2698
f 1386//1386 1387//1387 1375//1375
f 2704//2704 2998//2998 2700//2700
f 866//866 2704//2704 2700//2700
f 3801//3801 3776//3776 1384//1384
f 3506//3506 1871//1871 1387//1387
f 2874//2874 2046//2046 3912//3912
f 852//852 3576//3576 3585//3585
f 788//788 381//381 831//831
f 2702//2702 2186//2186 1381//1381
f 3297//3297 2489//2489 1384//1384
f 1391//1391 2996//2996 2995//2995
f 879//879 1869//1869 89//89
f 3912//3912 2046//2046 666//666
f 368//368 861//861 1861//1861
f 3300//3300 1378//1378 862//862
f 3616//3616 370//370 868//868
f 3801//3801 2619//2619 3776//3776
f 1859//1859 2998//2998 2704//2704
f 1857//1857 2939//2939 862//862
f 2705//2705 1053//1053 1396//1396
f 1395//1395 2619//2619 2700//2700
f 1083//1083 1393//1393 861//861
f 1371//1371 3802//3802 1863//1863
f 2939//2939 3300//3300 862//862
f 1864//1864 369//369 1390//1390
f 2396//2396 368//368 3001//3001
f 1390//1390 369//369 3001//3001
f 281//281 2253//2253 3585//3585
f 1633//1633 2397//2397 2992//2992
f 1370//1370 1377//1377 2043//2043
f 1386//1386 1870//1870 2699//2699
f 90//90 3506//3506 2489//2489
f 2252//2252 1371//1371 1863//1863
f 2999//2999 2868//2868 3805//3805
f 1382//1382 1392//1392 2547//2547
f 872//872 1378//1378 1858//1858
f 2868//2868 2547//2547 3805//3805
f 3814//3814 2350//2350 3813//3813
f 3814//3814 3137//3137 2350//2350
f 3813//3813 184//184 2712//2712
f 2625//2625 2408//2408 1977//1977
f 1398//1398 1285//1285 3121//3121
f 2722//2722 1894//1894 1413//1413
f 2870//2870 1880//1880 1012//1012
f 1780//1780 2870//2870 1012//1012
f 917//917 2076//2076 1891//1891
f 4001//4001 3886//3886 1676//1676
f 3167//3167 681//681 911//911
f 1824//1824 1597//1597 1785//1785
f 3817//3817 3669//3669 1412//1412
f 1409//1409 1596//1596 1098//1098
f 1402//1402 3267//3267 412//412
f 1596//1596 1404//1404 1098//1098
f 1411//1411 3274//3274 3245//3245
f 1801//1801 1411//1411 3245//3245
f 3817//3817 3024//3024 1273//1273
f 916//916 3999//3999 2429//2429
f 912//912 916//916 2429//2429
f 2268//2268 3263//3263 1407//1407
f 1203//1203 2718//2718 3165//3165
f 1676//1676 3818//3818 4001//4001
f 139//139 401//401 405//405
f 1203//1203 2074//2074 909//909
f 4001//4001 3818//3818 2075//2075
f 3024//3024 3817//3817 1412//1412
f 1404//1404 218//218 3593//3593
f 1403//1403 3022//3022 3275//3275
f 1597//1597 3599//3599 1785//1785
f 3267//3267 4004//4004 1410//1410
f 1401//1401 914//914 3270//3270
f 2265//2265 1678//1678 3825//3825
f 3193//3193 4002//4002 3926//3926
f 1539//1539 3185//3185 2361//2361
f 676//676 3029//3029 3824//3824
f 3303//3303 1013//1013 532//532
f 1432//1432 1418//1418 2882//2882
f 676//676 2586//2586 3029//3029
f 2665//2665 942//942 2146//2146
f 1438//1438 3765//3765 1444//1444
f 1452//1452 681//681 1415//1415
f 1206//1206 4134//4134 1417//1417
f 2727//2727 1440//1440 1436//1436
f 3950//3950 2885//2885 1011//1011
f 1203//1203 2593//2593 2718//2718
f 1021//1021 3314//3314 3188//3188
f 3229//3229 2088//2088 422//422
f 1437//1437 1438//1438 1444//1444
f 764//764 2651//2651 1442//1442
f 1900//1900 764//764 1442//1442
f 1439//1439 3922//3922 1105//1105
f 1306//1306 1029//1029 3823//3823
f 2646//2646 3252//3252 4006//4006
f 2524//2524 1446//1446 1450//1450
f 3028//3028 3872//3872 1028//1028
f 2593//2593 1447//1447 2718//2718
f 3886//3886 1905//1905 1445//1445
f 3034//3034 1448//1448 1426//1426
f 4007//4007 1421//1421 1210//1210
f 4134//4134 1206//1206 3826//3826
f 4133//4133 1208//1208 3824//3824
f 2337//2337 4132//4132 3826//3826
f 1451//1451 2882//2882 2884//2884
f 1433//1433 3827//3827 1419//1419
f 3827//3827 1441//1441 1419//1419
f 2651//2651 2888//2888 1442//1442
f 3113//3113 147//147 1109//1109
f 578//578 1899//1899 688//688
f 2883//2883 3923//3923 2483//2483
f 3925//3925 1429//1429 1892//1892
f 1417//1417 1443//1443 2314//2314
f 1444//1444 3765//3765 3184//3184
f 3826//3826 3830//3830 764//764
f 425//425 3190//3190 1427//1427
f 1880//1880 3193//3193 1431//1431
f 1441//1441 1418//1418 1432//1432
f 1419//1419 1441//1441 1432//1432
f 3241//3241 1909//1909 132//132
f 2888//2888 2889//2889 1442//1442
f 1210//1210 1428//1428 4007//4007
f 3031//3031 3825//3825 3187//3187
f 414//414 1014//1014 1696//1696
f 3636//3636 2579//2579 2093//2093
f 1437//1437 1444//1444 1695//1695
f 425//425 677//677 3922//3922
f 2651//2651 764//764 3830//3830
f 1324//1324 1207//1207 1436//1436
f 678//678 3872//3872 3032//3032
f 3353//3353 197//197 131//131
f 3289//3289 3188//3188 3026//3026
f 1430//1430 1694//1694 1440//1440
f 3828//3828 1207//1207 1324//1324
f 1901//1901 1026//1026 2316//2316
f 1437//1437 3924//3924 2586//2586
f 677//677 1105//1105 3922//3922
f 2665//2665 1012//1012 152//152
f 3030//3030 3034//3034 2361//2361
f 1436//1436 3027//3027 1324//1324
f 764//764 2337//2337 3826//3826
f 1451//1451 1426//1426 1448//1448
f 4005//4005 686//686 3439//3439
f 2884//2884 1426//1426 1451//1451
f 2886//2886 1433//1433 3025//3025
f 1453//1453 708//708 2729//2729
f 708//708 709//709 2729//2729
f 2737//2737 1462//1462 3316//3316
f 2736//2736 2935//2935 1188//1188
f 2928//2928 885//885 3319//3319
f 1274//1274 3546//3546 1991//1991
f 2737//2737 1188//1188 1462//1462
f 1188//1188 2935//2935 1462//1462
f 199//199 2488//2488 2900//2900
f 2903//2903 2730//2730 1075//1075
f 965//965 1457//1457 106//106
f 2897//2897 2003//2003 2734//2734
f 3455//3455 1459//1459 3173//3173
f 1463//1463 1453//1453 104//104
f 2736//2736 2326//2326 1455//1455
f 3415//3415 551//551 97//97
f 3173//3173 1459//1459 1463//1463
f 3012//3012 3730//3730 3171//3171
f 2733//2733 4082//4082 98//98
f 2942//2942 2799//2799 3483//3483
f 2628//2628 1456//1456 2901//2901
f 1455//1455 2326//2326 1454//1454
f 1586//1586 713//713 3412//3412
f 462//462 2497//2497 1607//1607
f 848//848 256//256 1726//1726
f 3920//3920 901//901 2907//2907
f 21//21 1730//1730 3961//3961
f 2944//2944 1150//1150 112//112
f 1603//1603 598//598 455//455
f 1588//1588 3074//3074 3179//3179
f 3328//3328 3180//3180 3422//3422
f 3740//3740 459//459 2740//2740
f 3322//3322 2281//2281 1468//1468
f 581//581 576//576 1066//1066
f 2020//2020 241//241 2325//2325
f 3018//3018 1727//1727 2293//2293
f 2850//2850 1949//1949 3918//3918
f 2826//2826 581//581 3736//3736
f 2020//2020 1594//1594 241//241
f 1668//1668 4019//4019 4091//4091
f 1141//1141 901//901 894//894
f 2741//2741 3490//3490 1600//1600
f 3917//3917 3175//3175 2904//2904
f 2293//2293 4027//4027 4019//4019
f 2325//2325 2317//2317 1540//1540
f 714//714 718//718 3553//3553
f 2516//2516 2317//2317 2325//2325
f 1607//1607 2497//2497 2740//2740
f 2292//2292 726//726 2026//2026
f 3779//3779 2167//2167 3237//3237
f 3017//3017 3178//3178 978//978
f 2497//2497 3740//3740 2740//2740
f 2742//2742 1466//1466 2167//2167
f 3320//3320 3918//3918 2081//2081
f 978//978 983//983 3017//3017
f 3549//3549 848//848 1726//1726
f 2317//2317 2318//2318 1540//1540
f 3779//3779 3237//3237 4024//4024
f 715//715 4026//4026 897//897
f 4091//4091 598//598 1603//1603
f 1727//1727 2243//2243 2291//2291
f 1097//1097 3288//3288 458//458
f 1713//1713 1227//1227 2099//2099
f 1704//1704 1717//1717 1477//1477
f 2890//2890 1481//1481 3040//3040
f 1493//1493 1494//1494 1988//1988
f 515//515 3832//3832 1703//1703
f 2961//2961 2091//2091 3198//3198
f 1490//1490 1231//1231 2101//2101
f 1482//1482 2594//2594 3038//3038
f 2595//2595 1925//1925 943//943
f 2890//2890 3931//3931 1481//1481
f 3041//3041 1492//1492 547//547
f 3199//3199 3929//3929 1706//1706
f 480//480 3932//3932 3773//3773
f 1497//1497 245//245 1715//1715
f 1703//1703 2477//2477 515//515
f 2746//2746 1719//1719 269//269
f 2892//2892 1716//1716 245//245
f 1228//1228 2660//2660 3927//3927
f 1495//1495 3037//3037 1488//1488
f 3042//3042 3041//3041 1485//1485
f 1495//1495 3040//3040 1328//1328
f 2893//2893 3450//3450 1232//1232
f 3199//3199 1702//1702 1230//1230
f 1228//1228 1988//1988 2660//2660
f 1478//1478 784//784 3336//3336
f 3931//3931 3928//3928 1269//1269
f 2894//2894 1479//1479 1491//1491
f 1477//1477 2356//2356 1704//1704
f 1702//1702 3134//3134 1230//1230
f 1703//1703 3832//3832 1488//1488
f 1223//1223 2498//2498 2518//2518
f 1913//1913 3780//3780 1225//1225
f 2001//2001 2602//2602 542//542
f 1709//1709 2498//2498 3655//3655
f 2749//2749 2518//2518 4080//4080
f 1484//1484 1226//1226 269//269
f 2596//2596 3194//3194 519//519
f 547//547 1485//1485 3041//3041
f 3199//3199 3875//3875 3929//3929
f 2596//2596 542//542 2602//2602
f 3927//3927 1716//1716 2892//2892
f 1476//1476 1916//1916 1486//1486
f 1233//1233 1476//1476 1486//1486
f 3352//3352 1915//1915 3127//3127
f 2894//2894 2747//2747 1479//1479
f 938//938 3352//3352 934//934
f 934//934 3352//3352 3127//3127
f 1235//1235 547//547 1492//1492
f 3875//3875 1477//1477 3929//3929
f 3935//3935 518//518 528//528
f 2911//2911 2917//2917 1500//1500
f 1500//1500 2917//2917 3781//3781
f 3045//3045 3936//3936 1504//1504
f 2917//2917 1505//1505 3781//3781
f 3048//3048 953//953 1345//1345
f 3744//3744 1746//1746 736//736
f 1501//1501 2973//2973 3500//3500
f 1508//1508 738//738 1498//1498
f 1505//1505 528//528 1502//1502
f 2805//2805 3044//3044 4035//4035
f 1498//1498 4105//4105 728//728
f 1989//1989 3935//3935 1506//1506
f 1002//1002 4105//4105 4117//4117
f 528//528 1506//1506 3935//3935
f 2670//2670 2152//2152 2513//2513
f 3049//3049 959//959 739//739
f 742//742 952//952 2620//2620
f 518//518 1502//1502 528//528
f 2805//2805 4035//4035 1506//1506
f 1502//1502 1099//1099 1505//1505
f 2973//2973 3351//3351 3500//3500
f 2784//2784 3207//3207 2152//2152
f 2971//2971 2918//2918 2349//2349
f 728//728 1508//1508 1498//1498
f 948//948 512//512 3051//3051
f 586//586 177//177 835//835
f 3837//3837 1345//1345 1507//1507
f 3837//3837 553//553 1345//1345
f 2914//2914 2456//2456 2329//2329
f 2820//2820 1077//1077 2181//2181
f 208//208 2820//2820 2181//2181
f 2170//2170 1990//1990 1756//1756
f 3667//3667 1265//1265 3860//3860
f 3089//3089 3939//3939 2820//2820
f 2170//2170 3943//3943 1257//1257
f 2923//2923 2950//2950 3941//3941
f 2970//2970 2923//2923 3941//3941
f 4138//4138 2605//2605 3236//3236
f 2605//2605 2925//2925 3236//3236
f 2776//2776 1523//1523 2181//2181
f 1517//1517 2760//2760 3854//3854
f 3210//3210 1517//1517 3854//3854
f 3080//3080 1259//1259 1522//1522
f 3785//3785 2781//2781 1263//1263
f 526//526 1518//1518 1509//1509
f 2610//2610 2924//2924 3944//3944
f 1520//1520 3944//3944 2924//2924
f 2614//2614 2969//2969 2822//2822
f 3751//3751 2605//2605 3367//3367
f 3942//3942 1521//1521 1515//1515
f 2921//2921 3079//3079 1544//1544
f 3080//3080 3090//3090 2530//2530
f 2781//2781 3785//3785 3938//3938
f 1511//1511 1517//1517 3940//3940
f 3698//3698 3938//3938 1265//1265
f 176//176 3093//3093 489//489
f 208//208 3089//3089 2820//2820
f 3939//3939 2921//2921 2820//2820
f 530//530 2969//2969 2614//2614
f 2530//2530 1259//1259 3080//3080
f 3940//3940 2922//2922 1511//1511
f 3774//3774 1644//1644 348//348
f 3577//3577 2478//2478 2534//2534
f 4089//4089 1728//1728 2906//2906
f 2139//2139 57//57 3292//3292
f 2562//2562 2568//2568 659//659
f 3574//3574 496//496 3478//3478
f 3334//3334 510//510 2094//2094
f 1108//1108 3046//3046 4036//4036
f 2958//2958 1763//1763 4017//4017
f 1838//1838 3957//3957 4055//4055
f 3194//3194 2604//2604 837//837
f 292//292 3867//3867 3347//3347
f 2458//2458 736//736 3379//3379
f 1964//1964 3696//3696 2169//2169
f 3883//3883 1416//1416 3925//3925
f 3893//3893 3892//3892 2960//2960
f 3646//3646 783//783 3644//3644
f 3678//3678 1430//1430 1440//1440
f 2219//2219 2505//2505 2319//2319
f 1561//1561 1820//1820 849//849
f 221//221 2494//2494 777//777
f 3554//3554 1677//1677 137//137
f 51//51 632//632 52//52
f 836//836 2679//2679 2435//2435
f 1143//1143 3953//3953 280//280
f 1793//1793 3279//3279 2014//2014
f 2339//2339 1561//1561 1534//1534
f 2669//2669 294//294 968//968
f 3117//3117 2794//2794 507//507
f 795//795 2219//2219 2319//2319
f 3403//3403 1364//1364 1125//1125
f 3864//3864 2191//2191 3357//3357
f 2495//2495 3909//3909 2421//2421
f 1655//1655 3706//3706 190//190
f 2763//2763 2344//2344 3966//3966
f 2491//2491 1576//1576 2185//2185
f 2948//2948 2374//2374 1781//1781
f 2684//2684 2765//2765 773//773
f 4045//4045 2002//2002 520//520
f 1480//1480 3655//3655 3933//3933
f 178//178 1936//1936 177//177
f 1300//1300 297//297 477//477
f 1164//1164 3716//3716 1538//1538
f 2768//2768 3761//3761 587//587
f 667//667 2872//2872 652//652
f 244//244 987//987 1541//1541
f 3020//3020 1131//1131 2244//2244
f 1213//1213 3822//3822 2889//2889
f 2407//2407 1971//1971 1542//1542
f 1971//1971 1399//1399 1542//1542
f 756//756 3024//3024 1412//1412
f 2860//2860 827//827 1999//1999
f 3763//3763 2860//2860 1999//1999
f 258//258 1435//1435 2357//2357
f 2583//2583 1025//1025 1417//1417
f 2759//2759 3856//3856 1544//1544
f 3101//3101 1455//1455 1454//1454
f 840//840 590//590 1986//1986
f 2969//2969 3211//3211 3942//3942
f 3093//3093 217//217 3870//3870
f 2906//2906 2648//2648 4090//4090
f 2648//2648 235//235 4090//4090
f 2795//2795 4008//4008 2010//2010
f 3628//3628 2808//2808 1549//1549
f 1948//1948 22//22 1550//1550
f 2474//2474 3573//3573 819//819
f 3382//3382 4098//4098 4104//4104
f 4084//4084 4082//4082 1941//1941
f 306//306 4053//4053 1355//1355
f 295//295 306//306 1355//1355
f 3551//3551 2241//2241 454//454
f 3930//3930 1221//1221 1482//1482
f 530//530 1758//1758 1048//1048
f 3147//3147 3220//3220 1129//1129
f 2818//2818 38//38 2334//2334
f 16//16 558//558 3895//3895
f 10//10 4015//4015 2082//2082
f 2105//2105 3104//3104 1070//1070
f 1247//1247 955//955 1773//1773
f 3098//3098 3373//3373 833//833
f 3686//3686 3065//3065 546//546
f 849//849 1582//1582 2982//2982
f 2207//2207 1081//1081 1555//1555
f 3591//3591 17//17 832//832
f 2953//2953 3926//3926 2597//2597
f 3180//3180 1467//1467 3177//3177
f 2180//2180 3604//3604 1008//1008
f 1303//1303 2084//2084 2826//2826
f 812//812 1031//1031 1275//1275
f 2209//2209 537//537 1326//1326
f 537//537 3105//3105 1326//1326
f 102//102 2488//2488 2369//2369
f 2393//2393 338//338 2682//2682
f 2485//2485 2833//2833 1048//1048
f 3443//3443 3922//3922 1688//1688
f 2644//2644 3601//3601 2484//2484
f 1615//1615 1613//1613 833//833
f 1816//1816 1761//1761 3396//3396
f 97//97 106//106 3452//3452
f 3443//3443 2662//2662 3679//3679
f 2860//2860 3371//3371 2649//2649
f 2780//2780 2860//2860 2649//2649
f 3903//3903 1151//1151 2222//2222
f 835//835 177//177 2455//2455
f 2183//2183 3097//3097 3291//3291
f 3873//3873 3960//3960 107//107
f 2117//2117 3367//3367 4138//4138
f 2534//2534 754//754 1991//1991
f 2773//2773 2211//2211 1093//1093
f 4072//4072 3724//3724 3170//3170
f 813//813 1278//1278 2916//2916
f 1734//1734 4097//4097 2905//2905
f 3821//3821 2639//2639 1041//1041
f 687//687 679//679 3640//3640
f 2947//2947 4014//4014 820//820
f 1315//1315 3221//3221 1844//1844
f 3657//3657 939//939 2436//2436
f 2787//2787 2176//2176 3596//3596
f 849//849 3532//3532 3866//3866
f 922//922 926//926 1485//1485
f 3840//3840 3842//3842 3844//3844
f 340//340 1301//1301 2036//2036
f 3842//3842 3841//3841 3844//3844
f 3880//3880 3397//3397 768//768
f 2703//2703 878//878 1384//1384
f 1537//1537 3513//3513 3604//3604
f 2929//2929 2559//2559 1359//1359
f 3259//3259 509//509 3692//3692
f 1061//1061 1082//1082 2819//2819
f 4057//4057 1660//1660 3486//3486
f 3958//3958 1084//1084 3726//3726
f 1958//1958 4112//4112 1811//1811
f 1972//1972 3503//3503 2671//2671
f 3693//3693 4021//4021 1771//1771
f 2997//2997 400//400 1674//1674
f 1268//1268 427//427 349//349
f 3818//3818 1676//1676 3908//3908
f 3786//3786 1786//1786 1567//1567
f 2413//2413 3783//3783 1547//1547
f 2350//2350 184//184 3813//3813
f 1900//1900 236//236 2337//2337
f 4021//4021 1307//1307 2766//2766
f 1252//1252 3754//3754 582//582
f 3858//3858 1265//1265 3938//3938
f 3730//3730 293//293 1940//1940
f 1227//1227 143//143 2099//2099
f 1791//1791 3842//3842 544//544
f 3900//3900 2481//2481 4124//4124
f 2717//2717 829//829 4140//4140
f 2671//2671 1557//1557 1972//1972
f 3884//3884 1979//1979 230//230
f 4132//4132 2337//2337 3442//3442
f 1783//1783 4111//4111 1572//1572
f 2217//2217 3913//3913 3414//3414
f 1038//1038 3815//3815 3418//3418
f 1936//1936 2455//2455 177//177
f 2312//2312 3469//3469 3104//3104
f 1968//1968 986//986 3081//3081
f 1401//1401 3821//3821 786//786
f 3187//3187 2576//2576 3789//3789
f 1757//1757 1313//1313 770//770
f 1826//1826 1071//1071 2960//2960
f 1126//1126 1830//1830 2125//2125
f 536//536 3262//3262 413//413
f 3868//3868 1965//1965 1580//1580
f 2771//2771 253//253 1581//1581
f 1139//1139 1314//1314 2537//2537
f 3577//3577 2040//2040 1854//1854
f 1986//1986 2176//2176 840//840
f 2699//2699 1987//1987 1386//1386
f 1990//1990 3941//3941 3087//3087
f 3350//3350 1999//1999 3762//3762
f 1339//1339 1644//1644 95//95
f 2553//2553 3140//3140 1009//1009
f 41//41 3285//3285 2129//2129
f 3803//3803 2703//2703 1584//1584
f 3905//3905 3160//3160 195//195
f 1040//1040 1521//1521 3861//3861
f 1537//1537 3974//3974 2030//2030
f 2671//2671 3503//3503 548//548
f 3015//3015 3150//3150 452//452
f 3785//3785 1263//1263 2126//2126
f 2195//2195 2508//2508 3454//3454
f 581//581 2826//2826 2084//2084
f 2580//2580 1022//1022 3634//3634
f 301//301 2664//2664 3943//3943
f 3466//3466 502//502 3589//3589
f 3772//3772 1705//1705 1712//1712
f 3953//3953 1143//1143 1590//1590
f 2335//2335 2025//2025 1594//1594
f 1781//1781 2364//2364 2948//2948
f 1882//1882 1596//1596 1797//1797
f 1446//1446 1688//1688 1450//1450
f 958//958 739//739 787//787
f 213//213 249//249 520//520
f 3399//3399 3125//3125 3292//3292
f 646//646 3694//3694 1551//1551
f 1998//1998 3378//3378 398//398
f 828//828 101//101 711//711
f 4137//4137 1472//1472 2741//2741
f 1788//1788 1978//1978 2321//2321
f 3622//3622 1788//1788 2321//2321
f 3594//3594 2846//2846 3059//3059
f 3735//3735 2819//2819 3463//3463
f 2618//2618 1581//1581 1599//1599
f 2559//2559 2934//2934 3971//3971
f 1587//1587 3344//3344 3478//3478
f 996//996 2758//2758 2776//2776
f 1513//1513 2179//2179 3082//3082
f 191//191 3697//3697 838//838
f 1650//1650 1158//1158 1579//1579
f 582//582 3082//3082 259//259
f 2928//2928 2733//2733 885//885
f 3300//3300 1858//1858 1378//1378
f 1322//1322 3536//3536 3383//3383
f 3943//3943 1343//1343 1572//1572
f 1957//1957 577//577 3391//3391
f 445//445 2237//2237 1603//1603
f 2313//2313 292//292 1257//1257
f 2865//2865 3294//3294 1984//1984
f 3469//3469 2312//2312 1604//1604
f 3583//3583 1191//1191 3603//3603
f 1786//1786 3572//3572 3104//3104
f 2836//2836 3102//3102 2485//2485
f 1899//1899 1225//1225 3780//3780
f 2642//2642 1302//1302 287//287
f 1609//1609 2331//2331 2645//2645
f 2385//2385 1612//1612 620//620
f 1614//1614 2774//2774 1611//1611
f 2381//2381 611//611 2654//2654
f 3385//3385 1613//1613 1610//1610
f 2380//2380 2385//2385 620//620
f 624//624 1616//1616 3098//3098
f 1611//1611 2386//2386 2972//2972
f 3890//3890 618//618 2977//2977
f 2385//2385 2383//2383 1612//1612
f 1044//1044 2331//2331 1609//1609
f 2383//2383 3385//3385 1610//1610
f 2774//2774 2386//2386 1611//1611
f 628//628 2380//2380 620//620
f 3866//3866 2972//2972 1813//1813
f 287//287 618//618 3890//3890
f 3147//3147 846//846 1032//1032
f 3968//3968 237//237 3894//3894
f 4120//4120 3968//3968 3894//3894
f 4121//4121 4119//4119 2940//2940
f 1124//1124 1622//1622 339//339
f 2463//2463 338//338 2393//2393
f 2533//2533 2463//2463 2393//2393
f 1619//1619 237//237 3968//3968
f 1803//1803 2192//2192 2036//2036
f 4123//4123 2676//2676 1072//1072
f 2940//2940 1841//1841 2166//2166
f 2624//2624 3216//3216 3896//3896
f 4121//4121 2940//2940 1803//1803
f 1054//1054 3761//3761 2768//2768
f 3147//3147 4122//4122 3220//3220
f 2621//2621 1129//1129 3220//3220
f 3894//3894 2841//2841 1620//1620
f 1841//1841 1032//1032 2166//2166
f 1620//1620 2841//2841 580//580
f 3145//3145 580//580 2621//2621
f 580//580 1335//1335 2621//2621
f 3220//3220 3145//3145 2621//2621
f 2791//2791 2037//2037 2365//2365
f 1620//1620 4120//4120 3894//3894
f 2684//2684 773//773 755//755
f 4119//4119 1841//1841 2940//2940
f 2166//2166 2840//2840 2940//2940
f 1623//1623 2039//2039 335//335
f 2047//2047 1631//1631 2545//2545
f 984//984 2046//2046 25//25
f 976//976 1374//1374 3525//3525
f 2396//2396 369//369 2199//2199
f 606//606 2200//2200 1821//1821
f 609//609 2653//2653 602//602
f 2858//2858 3156//3156 3157//3157
f 4126//4126 1389//1389 2196//2196
f 2546//2546 3808//3808 2368//2368
f 1633//1633 2852//2852 1314//1314
f 3002//3002 1632//1632 3329//3329
f 1821//1821 2200//2200 2048//2048
f 3253//3253 2853//2853 2045//2045
f 4125//4125 845//845 380//380
f 1625//1625 2403//2403 3581//3581
f 3985//3985 3078//3078 373//373
f 3806//3806 2286//2286 798//798
f 600//600 3805//3805 1735//1735
f 607//607 2405//2405 84//84
f 1397//1397 2202//2202 2540//2540
f 2859//2859 2199//2199 369//369
f 2853//2853 2544//2544 2045//2045
f 3806//3806 798//798 4127//4127
f 2051//2051 383//383 2861//2861
f 3898//3898 601//601 1856//1856
f 2050//2050 3899//3899 2847//2847
f 3581//3581 3156//3156 2858//2858
f 2859//2859 3154//3154 3897//3897
f 1624//1624 3485//3485 861//861
f 2047//2047 1340//1340 1631//1631
f 2252//2252 2542//2542 1371//1371
f 3846//3846 3899//3899 2536//2536
f 3253//3253 3485//3485 2853//2853
f 3800//3800 3408//3408 375//375
f 2851//2851 2649//2649 3155//3155
f 1625//1625 2849//2849 2851//2851
f 3874//3874 1388//1388 3068//3068
f 3073//3073 2405//2405 607//607
f 2851//2851 3155//3155 570//570
f 26//26 1624//1624 861//861
f 1548//1548 2044//2044 1635//1635
f 3717//3717 2543//2543 2536//2536
f 2848//2848 3157//3157 2051//2051
f 2216//2216 3413//3413 1639//1639
f 3057//3057 882//882 3256//3256
f 884//884 880//880 2666//2666
f 1339//1339 95//95 3413//3413
f 105//105 880//880 2216//2216
f 3885//3885 3007//3007 3586//3586
f 4012//4012 1807//1807 3369//3369
f 3482//3482 3413//3413 2216//2216
f 3704//3704 1983//1983 789//789
f 4063//4063 1037//1037 1155//1155
f 2936//2936 2864//2864 3708//3708
f 1151//1151 3903//3903 1658//1658
f 1156//1156 3159//3159 3110//3110
f 3902//3902 3163//3163 1651//1651
f 1159//1159 1160//1160 1648//1648
f 3106//3106 3697//3697 1045//1045
f 3163//3163 3902//3902 1653//1653
f 3161//3161 1154//1154 2145//2145
f 1154//1154 3906//3906 2145//2145
f 185//185 642//642 2065//2065
f 2863//2863 1658//1658 1653//1653
f 1646//1646 645//645 3164//3164
f 645//645 1161//1161 3164//3164
f 2230//2230 762//762 3949//3949
f 3159//3159 2792//2792 3110//3110
f 2931//2931 1651//1651 1656//1656
f 65//65 1655//1655 1654//1654
f 4065//4065 2145//2145 3906//3906
f 3903//3903 4136//4136 1658//1658
f 3906//3906 2931//2931 1647//1647
f 781//781 3112//3112 3949//3949
f 2187//2187 392//392 3904//3904
f 190//190 1158//1158 1650//1650
f 3161//3161 4068//4068 1650//1650
f 815//815 4062//4062 4136//4136
f 4065//4065 3906//3906 1647//1647
f 1577//1577 3162//3162 4063//4063
f 583//583 211//211 3882//3882
f 1650//1650 1579//1579 3161//3161
f 555//555 3775//3775 57//57
f 776//776 3258//3258 1045//1045
f 1648//1648 1160//1160 1654//1654
f 3420//3420 2782//2782 568//568
f 893//893 3553//3553 116//116
f 1665//1665 896//896 2242//2242
f 3420//3420 113//113 2782//2782
f 464//464 3734//3734 1196//1196
f 1665//1665 2510//2510 899//899
f 2242//2242 896//896 568//568
f 2695//2695 1668//1668 1603//1603
f 2696//2696 1666//1666 2691//2691
f 1667//1667 2694//2694 115//115
f 1603//1603 3715//3715 445//445
f 3180//3180 2140//2140 1662//1662
f 3151//3151 2692//2692 3552//3552
f 3549//3549 3458//3458 446//446
f 893//893 3983//3983 4025//4025
f 2234//2234 903//903 367//367
f 2140//2140 3177//3177 1671//1671
f 441//441 1198//1198 3066//3066
f 2241//2241 4025//4025 3983//3983
f 2239//2239 1732//1732 1196//1196
f 3552//3552 3878//3878 3151//3151
f 868//868 2716//2716 74//74
f 407//407 1381//1381 2875//2875
f 1677//1677 3554//3554 2874//2874
f 2075//2075 3818//3818 233//233
f 403//403 1680//1680 2068//2068
f 4076//4076 1679//1679 1674//1674
f 1787//1787 2832//2832 214//214
f 2954//2954 1787//1787 214//214
f 1682//1682 396//396 1178//1178
f 2076//2076 3629//3629 3718//3718
f 2267//2267 3631//3631 78//78
f 2071//2071 1687//1687 1675//1675
f 1687//1687 1552//1552 1675//1675
f 653//653 3264//3264 233//233
f 3541//3541 3947//3947 4071//4071
f 1682//1682 2880//2880 396//396
f 2871//2871 916//916 912//912
f 3425//3425 1163//1163 1684//1684
f 3264//3264 2075//2075 233//233
f 3907//3907 1674//1674 1679//1679
f 1680//1680 1294//1294 2068//2068
f 2072//2072 1687//1687 2071//2071
f 2999//2999 2873//2873 2868//2868
f 3166//3166 2563//2563 3723//3723
f 4075//4075 3167//3167 871//871
f 2569//2569 396//396 2880//2880
f 2634//2634 3808//3808 2570//2570
f 403//403 1686//1686 1680//1680
f 1787//1787 2068//2068 2832//2832
f 2068//2068 1294//1294 2832//2832
f 3296//3296 406//406 3986//3986
f 1552//1552 2867//2867 1675//1675
f 214//214 657//657 2954//2954
f 2877//2877 1163//1163 3425//3425
f 1171//1171 2878//2878 912//912
f 3621//3621 2870//2870 74//74
f 2866//2866 1171//1171 912//912
f 2566//2566 3169//3169 4070//4070
f 3633//3633 3720//3720 2879//2879
f 3721//3721 2563//2563 3910//3910
f 4076//4076 3426//3426 1679//1679
f 1162//1162 1167//1167 671//671
f 2077//2077 1685//1685 656//656
f 1686//1686 3169//3169 2566//2566
f 1679//1679 1675//1675 2867//2867
f 650//650 396//396 2569//2569
f 2072//2072 2078//2078 1687//1687
f 187//187 3623//3623 1382//1382
f 3717//3717 2876//2876 1678//1678
f 197//197 538//538 3222//3222
f 243//243 2438//2438 3219//3219
f 1439//1439 1450//1450 1688//1688
f 3032//3032 1696//1696 1014//1014
f 2276//2276 1017//1017 3033//3033
f 1699//1699 1451//1451 1690//1690
f 3192//3192 1428//1428 4005//4005
f 1694//1694 1903//1903 3027//3027
f 1898//1898 4047//4047 3030//3030
f 1424//1424 154//154 468//468
f 1697//1697 688//688 1899//1899
f 3027//3027 1436//1436 1694//1694
f 1701//1701 1448//1448 4047//4047
f 1448//1448 3034//3034 4047//4047
f 3641//3641 3789//3789 2576//2576
f 1451//1451 1701//1701 1690//1690
f 4007//4007 1428//1428 3307//3307
f 3186//3186 1432//1432 1690//1690
f 1432//1432 1699//1699 1690//1690
f 2887//2887 1698//1698 2795//2795
f 2887//2887 2795//2795 1442//1442
f 1898//1898 3030//3030 3185//3185
f 4133//4133 3189//3189 1208//1208
f 3222//3222 131//131 197//197
f 1909//1909 3033//3033 2728//2728
f 1693//1693 3872//3872 3028//3028
f 1434//1434 1427//1427 3190//3190
f 2883//2883 4131//4131 3923//3923
f 3922//3922 3190//3190 425//425
f 3034//3034 3030//3030 4047//4047
f 132//132 3271//3271 3241//3241
f 4005//4005 3439//3439 3192//3192
f 3184//3184 3765//3765 1434//1434
f 1028//1028 1208//1208 3189//3189
f 1026//1026 1901//1901 1904//1904
f 942//942 222//222 2146//2146
f 1443//1443 3950//3950 1011//1011
f 1451//1451 1448//1448 1701//1701
f 2596//2596 2602//2602 3194//3194
f 1482//1482 3038//3038 288//288
f 3036//3036 1479//1479 1928//1928
f 932//932 830//830 731//731
f 784//784 1229//1229 1714//1714
f 950//950 921//921 1091//1091
f 1917//1917 1481//1481 1269//1269
f 1222//1222 186//186 2001//2001
f 1042//1042 3476//3476 3134//3134
f 941//941 1926//1926 1483//1483
f 1222//1222 1492//1492 3041//3041
f 1233//1233 1486//1486 1710//1710
f 3928//3928 1715//1715 1917//1917
f 1491//1491 4029//4029 3042//3042
f 1593//1593 1482//1482 2827//2827
f 1225//1225 3196//3196 1913//1913
f 1719//1719 2477//2477 1703//1703
f 3040//3040 1481//1481 1328//1328
f 2101//2101 3834//3834 1707//1707
f 941//941 1713//1713 1926//1926
f 1705//1705 1232//1232 3450//3450
f 1703//1703 3037//3037 521//521
f 1489//1489 1912//1912 1707//1707
f 1060//1060 3563//3563 1487//1487
f 1928//1928 1479//1479 1711//1711
f 2101//2101 3043//3043 1490//1490
f 1233//1233 1710//1710 4028//4028
f 2660//2660 1988//1988 1718//1718
f 2372//2372 1224//1224 1270//1270
f 1482//1482 1593//1593 3930//3930
f 3447//3447 1715//1715 1716//1716
f 1709//1709 3655//3655 1480//1480
f 3782//3782 3929//3929 1717//1717
f 2133//2133 3782//3782 1717//1717
f 1494//1494 1270//1270 510//510
f 1717//1717 1704//1704 4028//4028
f 1495//1495 1328//1328 3037//3037
f 3931//3931 1269//1269 1481//1481
f 1712//1712 1912//1912 1219//1219
f 1269//1269 3928//3928 1917//1917
f 1702//1702 1042//1042 3134//3134
f 933//933 1487//1487 1496//1496
f 2443//2443 2503//2503 931//931
f 1911//1911 269//269 1719//1719
f 1689//1689 265//265 765//765
f 1922//1922 2296//2296 2595//2595
f 1943//1943 3845//3845 1459//1459
f 2842//2842 2903//2903 2373//2373
f 3520//3520 2898//2898 820//820
f 199//199 3521//3521 3060//3060
f 2365//2365 2942//2942 2018//2018
f 2901//2901 962//962 2462//2462
f 708//708 2964//2964 971//971
f 2532//2532 2461//2461 551//551
f 3729//3729 971//971 2899//2899
f 2895//2895 2935//2935 967//967
f 1035//1035 2900//2900 1325//1325
f 3845//3845 2964//2964 1459//1459
f 4084//4084 2842//2842 2373//2373
f 3060//3060 1586//1586 2369//2369
f 2904//2904 3175//3175 2468//2468
f 1291//1291 1731//1731 4096//4096
f 3329//3329 3551//3551 1737//1737
f 1469//1469 2548//2548 3332//3332
f 3848//3848 4095//4095 3327//3327
f 3511//3511 3529//3529 3070//3070
f 3377//3377 1724//1724 1725//1725
f 1724//1724 4093//4093 1725//1725
f 3740//3740 3848//3848 3327//3327
f 1626//1626 1732//1732 1730//1730
f 4090//4090 2908//2908 276//276
f 112//112 3898//3898 3072//3072
f 1464//1464 1149//1149 3919//3919
f 724//724 808//808 1734//1734
f 1097//1097 2470//2470 2292//2292
f 2464//2464 3174//3174 20//20
f 4026//4026 4094//4094 23//23
f 3743//3743 1475//1475 3078//3078
f 1735//1735 3849//3849 3181//3181
f 2909//2909 4026//4026 23//23
f 3849//3849 975//975 3181//3181
f 2632//2632 2905//2905 1723//1723
f 3464//3464 3320//3320 725//725
f 714//714 3901//3901 718//718
f 4090//4090 4089//4089 2906//2906
f 3068//3068 2907//2907 901//901
f 715//715 1729//1729 2203//2203
f 2469//2469 1724//1724 804//804
f 979//979 726//726 2470//2470
f 1736//1736 808//808 724//724
f 460//460 979//979 717//717
f 1727//1727 2291//2291 2847//2847
f 3851//3851 1198//1198 3919//3919
f 1744//1744 3344//3344 3044//3044
f 1739//1739 1499//1499 1930//1930
f 2784//2784 2178//2178 1745//1745
f 1503//1503 1245//1245 2452//2452
f 4031//4031 4116//4116 1738//1738
f 4103//4103 2450//2450 2941//2941
f 1738//1738 3935//3935 4030//4030
f 1747//1747 3936//3936 1743//1743
f 958//958 787//787 3046//3046
f 1498//1498 738//738 167//167
f 3206//3206 1749//1749 3500//3500
f 1742//1742 3342//3342 1744//1744
f 167//167 738//738 3835//3835
f 2362//2362 2971//2971 2349//2349
f 4116//4116 1748//1748 518//518
f 1989//1989 4033//4033 4030//4030
f 3200//3200 4033//4033 1989//1989
f 2499//2499 2913//2913 192//192
f 4037//4037 3207//3207 1745//1745
f 1266//1266 4141//4141 4117//4117
f 1740//1740 3201//3201 3500//3500
f 3843//3843 763//763 1936//1936
f 4035//4035 3200//3200 1989//1989
f 2507//2507 1099//1099 1748//1748
f 3201//3201 2499//2499 192//192
f 3344//3344 1587//1587 3044//3044
f 1266//1266 3675//3675 4141//4141
f 1287//1287 2664//2664 301//301
f 1753//1753 1280//1280 843//843
f 3214//3214 1754//1754 1750//1750
f 3281//3281 3208//3208 2375//2375
f 2631//2631 1839//1839 277//277
f 1974//1974 2370//2370 1751//1751
f 1834//1834 1750//1750 1752//1752
f 1794//1794 1834//1834 1752//1752
f 225//225 2631//2631 277//277
f 3086//3086 1754//1754 1753//1753
f 223//223 1516//1516 3213//3213
f 3089//3089 1313//1313 1757//1757
f 3370//3370 2024//2024 263//263
f 1759//1759 2950//2950 2769//2769
f 2801//2801 2179//2179 1755//1755
f 254//254 2520//2520 1313//1313
f 2796//2796 3214//3214 1750//1750
f 2969//2969 1331//1331 1966//1966
f 2367//2367 3089//3089 1757//1757
f 1516//1516 3859//3859 3213//3213
f 2615//2615 843//843 3084//3084
f 3090//3090 3080//3080 1760//1760
f 1754//1754 1752//1752 1750//1750
f 843//843 3086//3086 1753//1753
f 1790//1790 1934//1934 3343//3343
f 2369//2369 2488//2488 199//199
f 2920//2920 3836//3836 2910//2910
f 1944//1944 2899//2899 2189//2189
f 3882//3882 3501//3501 2763//2763
f 1096//1096 584//584 2197//2197
f 1798//1798 457//457 1286//1286
f 2839//2839 1720//1720 13//13
f 1886//1886 3633//3633 2879//2879
f 1829//1829 86//86 83//83
f 3082//3082 3681//3681 259//259
f 673//673 2397//2397 4144//4144
f 1279//1279 3280//3280 2506//2506
f 3380//3380 535//535 3579//3579
f 1602//1602 2910//2910 3838//3838
f 4011//4011 433//433 327//327
f 130//130 1309//1309 1765//1765
f 107//107 1873//1873 3131//3131
f 4000//4000 3021//3021 1596//1596
f 519//519 480//480 3771//3771
f 4109//4109 2113//2113 3286//3286
f 257//257 3811//3811 2527//2527
f 2956//2956 1572//1572 4111//4111
f 1524//1524 582//582 3754//3754
f 1533//1533 3244//3244 3418//3418
f 3716//3716 2568//2568 2562//2562
f 1571//1571 3863//3863 1256//1256
f 126//126 3691//3691 3268//3268
f 2388//2388 1775//1775 3103//3103
f 546//546 3065//3065 2244//2244
f 1089//1089 4086//4086 194//194
f 1809//1809 2350//2350 3137//3137
f 3588//3588 1714//1714 3039//3039
f 2037//2037 2791//2791 2344//2344
f 1944//1944 2015//2015 967//967
f 966//966 1944//1944 967//967
f 668//668 2869//2869 1175//1175
f 3892//3892 4139//4139 188//188
f 2943//2943 2162//2162 3963//3963
f 2699//2699 1832//1832 1774//1774
f 4057//4057 1364//1364 3534//3534
f 2117//2117 188//188 2115//2115
f 3609//3609 1822//1822 3610//3610
f 1813//1813 2384//2384 3866//3866
f 3712//3712 894//894 2379//2379
f 2388//2388 1034//1034 1775//1775
f 1034//1034 2976//2976 1775//1775
f 2549//2549 1815//1815 267//267
f 208//208 2181//2181 3085//3085
f 1193//1193 1137//1137 1776//1776
f 421//421 3274//3274 572//572
f 2590//2590 4009//4009 3641//3641
f 352//352 114//114 1663//1663
f 630//630 1614//1614 616//616
f 1119//1119 3058//3058 1186//1186
f 2534//2534 1991//1991 18//18
f 2645//2645 3381//3381 4048//4048
f 413//413 2162//2162 2258//2258
f 251//251 2844//2844 2843//2843
f 630//630 3493//3493 619//619
f 2237//2237 2695//2695 1603//1603
f 1656//1656 2057//2057 1647//1647
f 3564//3564 2946//2946 954//954
f 2493//2493 2027//2027 2413//2413
f 3627//3627 2419//2419 2358//2358
f 2585//2585 2584//2584 685//685
f 4013//4013 2125//2125 558//558
f 2837//2837 1777//1777 2213//2213
f 2067//2067 3353//3353 131//131
f 3773//3773 3039//3039 1714//1714
f 3463//3463 3848//3848 3740//3740
f 382//382 2172//2172 3614//3614
f 2172//2172 2134//2134 3614//3614
f 3339//3339 1055//1055 3468//3468
f 504//504 3756//3756 1758//1758
f 2367//2367 3079//3079 3939//3939
f 3474//3474 2313//2313 502//502
f 394//394 762//762 52//52
f 2821//2821 1094//1094 1283//1283
f 1738//1738 4030//4030 4031//4031
f 629//629 1007//1007 1111//1111
f 2946//2946 1250//1250 954//954
f 2915//2915 1741//1741 740//740
f 1741//1741 569//569 740//740
f 2129//2129 3285//3285 39//39
f 2538//2538 3485//3485 1624//1624
f 4084//4084 2373//2373 2739//2739
f 1826//1826 3514//3514 810//810
f 726//726 2292//2292 2470//2470
f 2289//2289 3322//3322 2280//2280
f 1344//1344 1846//1846 2022//2022
f 1944//1944 2189//2189 1558//1558
f 3653//3653 2327//2327 3969//3969
f 2934//2934 290//290 203//203
f 369//369 1864//1864 879//879
f 3696//3696 2138//2138 2360//2360
f 1241//1241 1773//1773 3240//3240
f 2754//2754 1241//1241 3240//3240
f 3179//3179 892//892 3685//3685
f 462//462 1056//1056 2497//2497
f 4042//4042 3202//3202 4102//4102
f 234//234 3398//3398 1795//1795
f 514//514 374//374 609//609
f 3557//3557 2433//2433 2261//2261
f 1087//1087 3817//3817 1273//1273
f 3480//3480 3679//3679 3442//3442
f 3141//3141 273//273 2551//2551
f 2323//2323 3475//3475 3870//3870
f 1774//1774 3614//3614 839//839
f 107//107 3261//3261 1873//1873
f 3549//3549 1726//1726 1735//1735
f 836//836 2348//2348 2679//2679
f 3738//3738 3742//3742 2905//2905
f 3294//3294 2865//2865 1781//1781
f 4060//4060 3491//3491 2524//2524
f 1931//1931 4036//4036 1248//1248
f 4043//4043 1549//1549 918//918
f 2713//2713 4043//4043 918//918
f 3996//3996 401//401 1014//1014
f 1798//1798 2173//2173 3969//3969
f 2415//2415 400//400 914//914
f 2126//2126 1263//1263 1524//1524
f 1621//1621 341//341 3148//3148
f 2014//2014 3282//3282 1793//1793
f 2002//2002 213//213 520//520
f 3250//3250 2177//2177 1592//1592
f 3531//3531 3250//3250 1592//1592
f 1275//1275 3531//3531 1592//1592
f 3381//3381 2343//2343 3133//3133
f 3025//3025 2274//2274 1698//1698
f 3591//3591 3148//3148 1618//1618
f 3005//3005 1640//1640 2509//2509
f 3873//3873 3131//3131 1285//1285
f 3938//3938 3698//3698 3088//3088
f 1890//1890 298//298 756//756
f 3754//3754 3752//3752 2126//2126
f 2659//2659 2930//2930 1810//1810
f 3085//3085 285//285 1313//1313
f 2348//2348 836//836 2715//2715
f 3816//3816 891//891 1047//1047
f 773//773 2689//2689 3584//3584
f 3013//3013 3963//3963 2162//2162
f 3599//3599 218//218 1282//1282
f 44//44 1985//1985 40//40
f 4084//4084 1941//1941 755//755
f 147//147 1697//1697 934//934
f 2386//2386 2382//2382 1813//1813
f 3787//3787 2618//2618 1599//1599
f 3603//3603 1191//1191 2512//2512
f 512//512 1739//1739 3051//3051
f 2317//2317 456//456 2318//2318
f 2930//2930 2659//2659 1815//1815
f 2002//2002 1852//1852 213//213
f 4059//4059 1554//1554 2756//2756
f 1286//1286 3779//3779 1798//1798
f 3100//3100 2807//2807 2119//2119
f 461//461 783//783 3646//3646
f 500//500 3569//3569 505//505
f 2392//2392 969//969 3216//3216
f 2839//2839 13//13 593//593
f 2508//2508 2532//2532 3454//3454
f 294//294 707//707 968//968
f 1394//1394 3987//3987 2141//2141
f 1990//1990 2170//2170 1257//1257
f 3045//3045 1743//1743 3936//3936
f 2684//2684 2813//2813 859//859
f 365//365 1317//1317 1556//1556
f 4036//4036 1333//1333 1108//1108
f 550//550 3346//3346 206//206
f 1566//1566 550//550 206//206
f 2503//2503 3197//3197 931//931
f 2357//2357 1922//1922 2595//2595
f 3864//3864 207//207 1942//1942
f 1762//1762 140//140 3555//3555
f 4039//4039 3212//3212 2367//2367
f 781//781 2493//2493 2413//2413
f 1814//1814 567//567 1810//1810
f 1766//1766 1103//1103 3756//3756
f 1133//1133 448//448 3421//3421
f 346//346 3951//3951 318//318
f 2743//2743 1600//1600 2346//2346
f 1874//1874 1047//1047 1104//1104
f 1599//1599 3395//3395 3787//3787
f 3098//3098 2138//2138 4110//4110
f 2345//2345 2007//2007 2118//2118
f 2504//2504 670//670 1829//1829
f 1398//1398 2803//2803 1285//1285
f 1316//1316 3831//3831 4009//4009
f 2013//2013 805//805 1581//1581
f 1625//1625 2851//2851 570//570
f 2402//2402 382//382 1832//1832
f 2285//2285 3758//3758 2335//2335
f 3477//3477 997//997 1570//1570
f 202//202 1978//1978 1788//1788
f 2418//2418 202//202 1788//1788
f 2826//2826 2318//2318 456//456
f 3484//3484 1342//1342 402//402
f 1580//1580 1965//1965 1834//1834
f 813//813 2917//2917 2911//2911
f 517//517 813//813 2911//2911
f 2318//2318 2826//2826 1837//1837
f 3325//3325 2318//2318 1837//1837
f 3157//3157 377//377 2051//2051
f 1163//1163 3911//3911 1684//1684
f 213//213 1852//1852 2021//2021
f 3683//3683 172//172 3339//3339
f 515//515 1772//1772 3957//3957
f 3233//3233 3076//3076 4058//4058
f 3750//3750 985//985 2530//2530
f 2120//2120 34//34 35//35
f 2982//2982 1561//1561 849//849
f 583//583 3383//3383 211//211
f 2325//2325 1540//1540 2020//2020
f 2375//2375 3208//3208 2154//2154
f 2687//2687 3977//3977 1849//1849
f 4008//4008 2795//2795 1698//1698
f 2192//2192 594//594 828//828
f 1642//1642 1189//1189 1840//1840
f 28//28 27//27 3365//3365
f 3279//3279 2332//2332 1279//1279
f 2779//2779 2550//2550 2552//2552
f 4110//4110 3696//3696 1964//1964
f 1561//1561 2019//2019 1534//1534
f 559//559 3228//3228 3517//3517
f 3959//3959 559//559 3517//3517
f 2094//2094 1310//1310 1718//1718
f 3278//3278 1985//1985 4114//4114
f 3789//3789 2443//2443 931//931
f 203//203 290//290 3416//3416
f 2089//2089 473//473 2594//2594
f 3881//3881 810//810 585//585
f 3588//3588 3039//3039 3932//3932
f 1963//1963 3209//3209 2352//2352
f 3835//3835 2451//2451 167//167
f 2388//2388 1298//1298 1820//1820
f 1557//1557 427//427 1268//1268
f 3694//3694 2616//2616 1551//1551
f 782//782 3601//3601 3358//3358
f 2180//2180 3381//3381 3133//3133
f 2831//2831 1585//1585 625//625
f 3613//3613 1852//1852 2002//2002
f 1367//1367 2227//2227 3798//3798
f 1851//1851 3677//3677 2221//2221
f 2657//2657 3507//3507 64//64
f 1853//1853 1806//1806 53//53
f 60//60 1362//1362 635//635
f 2635//2635 268//268 4057//4057
f 3977//3977 1851//1851 55//55
f 68//68 2986//2986 2988//2988
f 1365//1365 69//69 2987//2987
f 268//268 1364//1364 4057//4057
f 644//644 1847//1847 1850//1850
f 69//69 1368//1368 58//58
f 2221//2221 55//55 1851//1851
f 67//67 2983//2983 1849//1849
f 2220//2220 3507//3507 3509//3509
f 2810//2810 3980//3980 635//635
f 1362//1362 2810//2810 635//635
f 2984//2984 1363//1363 60//60
f 52//52 230//230 3682//3682
f 1848//1848 3507//3507 2657//2657
f 2984//2984 645//645 58//58
f 2251//2251 368//368 1861//1861
f 1382//1382 2547//2547 2868//2868
f 1162//1162 671//671 1370//1370
f 1868//1868 3506//3506 1346//1346
f 2997//2997 3907//3907 1856//1856
f 3907//3907 1859//1859 1856//1856
f 1376//1376 3955//3955 84//84
f 373//373 3988//3988 407//407
f 3865//3865 86//86 2828//2828
f 1870//1870 2168//2168 2995//2995
f 3506//3506 90//90 1346//1346
f 3002//3002 1173//1173 1632//1632
f 2250//2250 1373//1373 1377//1377
f 671//671 1377//1377 1370//1370
f 2998//2998 79//79 2700//2700
f 3293//3293 1858//1858 80//80
f 71//71 1380//1380 1855//1855
f 2991//2991 2371//2371 3294//3294
f 864//864 759//759 1376//1376
f 1083//1083 93//93 1393//1393
f 2706//2706 1380//1380 71//71
f 660//660 2050//2050 1383//1383
f 2400//2400 1865//1865 1857//1857
f 1867//1867 2561//2561 2122//2122
f 2952//2952 3541//3541 2968//2968
f 759//759 1391//1391 2995//2995
f 1384//1384 3540//3540 3297//3297
f 2255//2255 3540//3540 3776//3776
f 3234//3234 3990//3990 1871//1871
f 3002//3002 651//651 1173//1173
f 2255//2255 2700//2700 79//79
f 867//867 2855//2855 4073//4073
f 2939//2939 1857//1857 2123//2123
f 78//78 3299//3299 75//75
f 71//71 661//661 865//865
f 3300//3300 80//80 1858//1858
f 3001//3001 2251//2251 2254//2254
f 1373//1373 1083//1083 870//870
f 3874//3874 3807//3807 3908//3908
f 81//81 1374//1374 408//408
f 3293//3293 1683//1683 666//666
f 864//864 1391//1391 759//759
f 2400//2400 3865//3865 1865//1865
f 1039//1039 2168//2168 1870//1870
f 2564//2564 3987//3987 1372//1372
f 1860//1860 4073//4073 2855//2855
f 1036//1036 3815//3815 1874//1874
f 3815//3815 3995//3995 1874//1874
f 2519//2519 1887//1887 779//779
f 3427//3427 1018//1018 2263//2263
f 1408//1408 688//688 2267//2267
f 1765//1765 2359//2359 130//130
f 2069//2069 1878//1878 1889//1889
f 2622//2622 1885//1885 3265//3265
f 1010//1010 906//906 2264//2264
f 1893//1893 2069//2069 1889//1889
f 1408//1408 406//406 2265//2265
f 1403//1403 906//906 1010//1010
f 3276//3276 3820//3820 1886//1886
f 756//756 121//121 1885//1885
f 400//400 3270//3270 914//914
f 2715//2715 140//140 3597//3597
f 2622//2622 3998//3998 1885//1885
f 405//405 3263//3263 139//139
f 3095//3095 1887//1887 829//829
f 3272//3272 3095//3095 829//829
f 2417//2417 2416//2416 129//129
f 2519//2519 829//829 1887//1887
f 271//271 3276//3276 3429//3429
f 829//829 1877//1877 3272//3272
f 136//136 4004//4004 3267//3267
f 1884//1884 3239//3239 680//680
f 1891//1891 1882//1882 1797//1797
f 1596//1596 3269//3269 1879//1879
f 2719//2719 1406//1406 3266//3266
f 4002//4002 3621//3621 2718//2718
f 1013//1013 2414//2414 2725//2725
f 906//906 395//395 2264//2264
f 3276//3276 1886//1886 3429//3429
f 1876//1876 2719//2719 122//122
f 2487//2487 1681//1681 420//420
f 1013//1013 3114//3114 2414//2414
f 1010//1010 3022//3022 1403//1403
f 1785//1785 3599//3599 1282//1282
f 2422//2422 1401//1401 684//684
f 3266//3266 122//122 2719//2719
f 3998//3998 756//756 1885//1885
f 1401//1401 3270//3270 684//684
f 2079//2079 3777//3777 2425//2425
f 3883//3883 1892//1892 3264//3264
f 3193//3193 3926//3926 2953//2953
f 3025//3025 1692//1692 2274//2274
f 4009//4009 3831//3831 478//478
f 3829//3829 3315//3315 3313//3313
f 3505//3505 2795//2795 575//575
f 3185//3185 1784//1784 3306//3306
f 3186//3186 1690//1690 3304//3304
f 3027//3027 2092//2092 1908//1908
f 2274//2274 1692//1692 3304//3304
f 3308//3308 1425//1425 1422//1422
f 575//575 2010//2010 3028//3028
f 222//222 942//942 924//924
f 3923//3923 4131//4131 2086//2086
f 1424//1424 2357//2357 1435//1435
f 198//198 1784//1784 1539//1539
f 3831//3831 1425//1425 3308//3308
f 3826//3826 4132//4132 4134//4134
f 3029//3029 3924//3924 1906//1906
f 151//151 1700//1700 1908//1908
f 1700//1700 1324//1324 1908//1908
f 3035//3035 142//142 1299//1299
f 3304//3304 1690//1690 1897//1897
f 1688//1688 3922//3922 1439//1439
f 1903//1903 1694//1694 1902//1902
f 3641//3641 4009//4009 478//478
f 3829//3829 2087//2087 3315//3315
f 1690//1690 3310//3310 1897//1897
f 3185//3185 1539//1539 1784//1784
f 1452//1452 933//933 3823//3823
f 153//153 2090//2090 1896//1896
f 2088//2088 2749//2749 3271//3271
f 1898//1898 3185//3185 3306//3306
f 1428//1428 3192//3192 3307//3307
f 1447//1447 2597//2597 1423//1423
f 538//538 2593//2593 3222//3222
f 1042//1042 1702//1702 1910//1910
f 1702//1702 3199//3199 1910//1910
f 229//229 1711//1711 4077//4077
f 1710//1710 3374//3374 3195//3195
f 3195//3195 4078//4078 2133//2133
f 2133//2133 4078//4078 3782//3782
f 728//728 1919//1919 1496//1496
f 486//486 1707//1707 1912//1912
f 1710//1710 1486//1486 1914//1914
f 1483//1483 1926//1926 3335//3335
f 1476//1476 1919//1919 1916//1916
f 1919//1919 2102//2102 1916//1916
f 1916//1916 164//164 1914//1914
f 229//229 4077//4077 1928//1928
f 1270//1270 2529//2529 158//158
f 4029//4029 4079//4079 2775//2775
f 1715//1715 3447//3447 165//165
f 2102//2102 164//164 1916//1916
f 1913//1913 3196//3196 3197//3197
f 265//265 742//742 765//765
f 3337//3337 1336//1336 1918//1918
f 3782//3782 3337//3337 1918//1918
f 821//821 1910//1910 3199//3199
f 1911//1911 4077//4077 1711//1711
f 3374//3374 1003//1003 3195//3195
f 3566//3566 3364//3364 1917//1917
f 4029//4029 2775//2775 4081//4081
f 521//521 1923//1923 2333//2333
f 1336//1336 3337//3337 2017//2017
f 1706//1706 1336//1336 2017//2017
f 1713//1713 2099//2099 1926//1926
f 1270//1270 158//158 1921//1921
f 1929//1929 2094//2094 1718//1718
f 950//950 940//940 1927//1927
f 1003//1003 4078//4078 3195//3195
f 3207//3207 206//206 4099//4099
f 3202//3202 1271//1271 2349//2349
f 1982//1982 3786//3786 274//274
f 3203//3203 4104//4104 1934//1934
f 1938//1938 2109//2109 4038//4038
f 2362//2362 3345//3345 1930//1930
f 4036//4036 3046//3046 787//787
f 1746//1746 3744//3744 1932//1932
f 3206//3206 4106//4106 274//274
f 1790//1790 3204//3204 1934//1934
f 168//168 1568//1568 3746//3746
f 1741//1741 2915//2915 2107//2107
f 1574//1574 3675//3675 1266//1266
f 3204//3204 1790//1790 206//206
f 1587//1587 1055//1055 1939//1939
f 4031//4031 1935//1935 1933//1933
f 508//508 1535//1535 4038//4038
f 1938//1938 2919//2919 511//511
f 4104//4104 1933//1933 3382//3382
f 552//552 4107//4107 2157//2157
f 1935//1935 4033//4033 3867//3867
f 170//170 1535//1535 508//508
f 970//970 2195//2195 3454//3454
f 1456//1456 3109//3109 1125//1125
f 1051//1051 2962//2962 818//818
f 3109//3109 707//707 3674//3674
f 2365//2365 1598//1598 2791//2791
f 2897//2897 1126//1126 2125//2125
f 593//593 13//13 2351//2351
f 969//969 965//965 3896//3896
f 2535//2535 3520//3520 4052//4052
f 3069//3069 1946//1946 1945//1945
f 4091//4091 4027//4027 2543//2543
f 3464//3464 725//725 2854//2854
f 3069//3069 1950//1950 1946//1946
f 1550//1550 22//22 1947//1947
f 3850//3850 3462//3462 3523//3523
f 4094//4094 715//715 2546//2546
f 1951//1951 1096//1096 603//603
f 1636//1636 716//716 1146//1146
f 2464//2464 20//20 1595//1595
f 28//28 1952//1952 30//30
f 603//603 1948//1948 1951//1951
f 3525//3525 81//81 601//601
f 720//720 1314//1314 2852//2852
f 23//23 4094//4094 2546//2546
f 3072//3072 3898//3898 1146//1146
f 716//716 3072//3072 1146//1146
f 2202//2202 598//598 2540//2540
f 4027//4027 2536//2536 2543//2543
f 978//978 2201//2201 1628//1628
f 2540//2540 4091//4091 2543//2543
f 1949//1949 2850//2850 1140//1140
f 584//584 3590//3590 2197//2197
f 4108//4108 2114//2114 2796//2796
f 1965//1965 4108//4108 2796//2796
f 291//291 3751//3751 1954//1954
f 1760//1760 2322//2322 1955//1955
f 1969//1969 1760//1760 1955//1955
f 1572//1572 1343//1343 1783//1783
f 778//778 2009//2009 1962//1962
f 3751//3751 3367//3367 2115//2115
f 1953//1953 2131//2131 1956//1956
f 2521//2521 1953//1953 1956//1956
f 43//43 3214//3214 2114//2114
f 2757//2757 225//225 1970//1970
f 1953//1953 224//224 3281//3281
f 3857//3857 3861//3861 1959//1959
f 822//822 3100//3100 2836//2836
f 2643//2643 3372//3372 1961//1961
f 1964//1964 3868//3868 1794//1794
f 1966//1966 2517//2517 2142//2142
f 2517//2517 4114//4114 2142//2142
f 1969//1969 4113//4113 3090//3090
f 1958//1958 1811//1811 238//238
f 2007//2007 1963//1963 2352//2352
f 3370//3370 3090//3090 1956//1956
f 2322//2322 3857//3857 1955//1955
f 2024//2024 3370//3370 1956//1956
f 272//272 1572//1572 3122//3122
f 3372//3372 3214//3214 1961//1961
f 2117//2117 1608//1608 2378//2378
f 2796//2796 1834//1834 1965//1965
f 260//260 1048//1048 1758//1758
f 4113//4113 1956//1956 3090//3090
f 1103//1103 822//822 2836//2836
f 1834//1834 3868//3868 1580//1580
f 1968//1968 4110//4110 1514//1514
f 2654//2654 1611//1611 2972//2972
f 3866//3866 2654//2654 2972//2972
f 2141//2141 2991//2991 1394//1394
f 2719//2719 3512//3512 205//205
f 2112//2112 537//537 1955//1955
f 3480//3480 3444//3444 3679//3679
f 1284//1284 1292//1292 617//617
f 2652//2652 2583//2583 682//682
f 3493//3493 2515//2515 591//591
f 1121//1121 2353//2353 3519//3519
f 3138//3138 3480//3480 236//236
f 3530//3530 1284//1284 1992//1992
f 940//940 2953//2953 929//929
f 2595//2595 2296//2296 1925//1925
f 838//838 3697//3697 3106//3106
f 2659//2659 2156//2156 3223//3223
f 4113//4113 49//49 1956//1956
f 3128//3128 2640//2640 2979//2979
f 3393//3393 2617//2617 3390//3390
f 1298//1298 1326//1326 3105//3105
f 707//707 294//294 2731//2731
f 3829//3829 2361//2361 1327//1327
f 1326//1326 2978//2978 2209//2209
f 951//951 1341//1341 953//953
f 1575//1575 7//7 1573//1573
f 42//42 2640//2640 1536//1536
f 3844//3844 3841//3841 1293//1293
f 2317//2317 3644//3644 783//783
f 1472//1472 1056//1056 2741//2741
f 2404//2404 2045//2045 2544//2544
f 1106//1106 1970//1970 225//225
f 2697//2697 2703//2703 3803//3803
f 1256//1256 179//179 3049//3049
f 1394//1394 1372//1372 3987//3987
f 2554//2554 1825//1825 634//634
f 2385//2385 2380//2380 2980//2980
f 627//627 42//42 2627//2627
f 3978//3978 1322//1322 545//545
f 3142//3142 3133//3133 2343//2343
f 453//453 1190//1190 4041//4041
f 3684//3684 727//727 3497//3497
f 3194//3194 2602//2602 2604//2604
f 1978//1978 2808//2808 2321//2321
f 787//787 739//739 1593//1593
f 562//562 3696//3696 2360//2360
f 3095//3095 3272//3272 127//127
f 821//821 1706//1706 2017//2017
f 2956//2956 4111//4111 3280//3280
f 1286//1286 3651//3651 1059//1059
f 1414//1414 3819//3819 3245//3245
f 1554//1554 947//947 1836//1836
f 570//570 3407//3407 2400//2400
f 1142//1142 1731//1731 757//757
f 2315//2315 2755//2755 948//948
f 388//388 3619//3619 3618//3618
f 4088//4088 1052//1052 296//296
f 2455//2455 1936//1936 763//763
f 246//246 3547//3547 2902//2902
f 2180//2180 2511//2511 3604//3604
f 3277//3277 2110//2110 224//224
f 1506//1506 4035//4035 1989//1989
f 2845//2845 2846//2846 2391//2391
f 4050//4050 816//816 891//891
f 250//250 2915//2915 740//740
f 2351//2351 2902//2902 17//17
f 1594//1594 2025//2025 241//241
f 238//238 4111//4111 1783//1783
f 1585//1585 1845//1845 625//625
f 3210//3210 2762//2762 223//223
f 1527//1527 2724//2724 2575//2575
f 3521//3521 3761//3761 3060//3060
f 2019//2019 1304//1304 1292//1292
f 1798//1798 535//535 2173//2173
f 3536//3536 1322//1322 3978//3978
f 3245//3245 3274//3274 3023//3023
f 2788//2788 4024//4024 721//721
f 2559//2559 2644//2644 2934//2934
f 2957//2957 1536//1536 3863//3863
f 3463//3463 2282//2282 3735//3735
f 2514//2514 2474//2474 2525//2525
f 289//289 3892//3892 3893//3893
f 3124//3124 1845//1845 1006//1006
f 3136//3136 2355//2355 3992//3992
f 2071//2071 3426//3426 814//814
f 804//804 1950//1950 981//981
f 2324//2324 493//493 503//503
f 3675//3675 1574//1574 3232//3232
f 3383//3383 391//391 211//211
f 207//207 785//785 706//706
f 3748//3748 3856//3856 751//751
f 3236//3236 1512//1512 1079//1079
f 1835//1835 3378//3378 1998//1998
f 527//527 1835//1835 1998//1998
f 3346//3346 3341//3341 4099//4099
f 2355//2355 3136//3136 3354//3354
f 2261//2261 2260//2260 3436//3436
f 4061//4061 3790//3790 2633//2633
f 196//196 3493//3493 591//591
f 1975//1975 309//309 1093//1093
f 1795//1795 3398//3398 2674//2674
f 1730//1730 1732//1732 2000//2000
f 3391//3391 577//577 2960//2960
f 1017//1017 2416//2416 2634//2634
f 143//143 1909//1909 1069//1069
f 721//721 1291//1291 2788//2788
f 3241//3241 3271//3271 2749//2749
f 1356//1356 2177//2177 2642//2642
f 3190//3190 3922//3922 3443//3443
f 1799//1799 4137//4137 2741//2741
f 3919//3919 364//364 1464//1464
f 292//292 1935//1935 3867//3867
f 3372//3372 1280//1280 1753//1753
f 3361//3361 3667//3667 1530//1530
f 3093//3093 3870//3870 489//489
f 962//962 1125//1125 2462//2462
f 2767//2767 1666//1666 1132//1132
f 3119//3119 321//321 1185//1185
f 2108//2108 1070//1070 171//171
f 1641//1641 3642//3642 712//712
f 3090//3090 1760//1760 1969//1969
f 1104//1104 2633//2633 1874//1874
f 2633//2633 2175//2175 1874//1874
f 2637//2637 1782//1782 908//908
f 3259//3259 507//507 509//509
f 3479//3479 1074//1074 54//54
f 1152//1152 2219//2219 795//795
f 2818//2818 2955//2955 3290//3290
f 1761//1761 3477//3477 3792//3792
f 1872//1872 3358//3358 2770//2770
f 1560//1560 3483//3483 882//882
f 3729//3729 2899//2899 3227//3227
f 3588//3588 3471//3471 1937//1937
f 832//832 3148//3148 3591//3591
f 624//624 3098//3098 3389//3389
f 1980//1980 2794//2794 3666//3666
f 3245//3245 1782//1782 1801//1801
f 1582//1582 849//849 3866//3866
f 1468//1468 2280//2280 3322//3322
f 3816//3816 3418//3418 1796//1796
f 285//285 1523//1523 2965//2965
f 2455//2455 4080//4080 2518//2518
f 3342//3342 3344//3344 1744//1744
f 3244//3244 1533//1533 213//213
f 3815//3815 3260//3260 2008//2008
f 2213//2213 1777//1777 2479//2479
f 1777//1777 1525//1525 2479//2479
f 851//851 3460//3460 2574//2574
f 3684//3684 2806//2806 727//727
f 1382//1382 3623//3623 1543//1543
f 1524//1524 3082//3082 582//582
f 1828//1828 417//417 133//133
f 3727//3727 1560//1560 2//2
f 2393//2393 2682//2682 1854//1854
f 3905//3905 1649//1649 3536//3536
f 2590//2590 2576//2576 1678//1678
f 3759//3759 790//790 3880//3880
f 2225//2225 856//856 1617//1617
f 1777//1777 3124//3124 1006//1006
f 2982//2982 1304//1304 2019//2019
f 3269//3269 3438//3438 124//124
f 1985//1985 3278//3278 2674//2674
f 2709//2709 3967//3967 3963//3963
f 1604//1604 173//173 2023//2023
f 3522//3522 1621//1621 3360//3360
f 2714//2714 284//284 910//910
f 3092//3092 986//986 1000//1000
f 2689//2689 1126//1126 3584//3584
f 3442//3442 236//236 3480//3480
f 2212//2212 3102//3102 2836//2836
f 1804//1804 2212//2212 2836//2836
f 3511//3511 3070//3070 2696//2696
f 3281//3281 1967//1967 3208//3208
f 2797//2797 646//646 1661//1661
f 1302//1302 618//618 287//287
f 3496//3496 2789//2789 1640//1640
f 1569//1569 1005//1005 2028//2028
f 1518//1518 2965//2965 3115//3115
f 1970//1970 3888//3888 1100//1100
f 403//403 2068//2068 200//200
f 279//279 1188//1188 2666//2666
f 4000//4000 3248//3248 3021//3021
f 2956//2956 1843//1843 4115//4115
f 1331//1331 530//530 1064//1064
f 2136//2136 2218//2218 2789//2789
f 2630//2630 3391//3391 2960//2960
f 887//887 2710//2710 3814//3814
f 3968//3968 332//332 3401//3401
f 2673//2673 3400//3400 337//337
f 2376//2376 3613//3613 2033//2033
f 3956//3956 3145//3145 2038//2038
f 1841//1841 282//282 2034//2034
f 1979//1979 2035//2035 1054//1054
f 2667//2667 4122//4122 3876//3876
f 4122//4122 801//801 3876//3876
f 2389//2389 823//823 3956//3956
f 823//823 4120//4120 3956//3956
f 2496//2496 4122//4122 2667//2667
f 282//282 4119//4119 3404//3404
f 2038//2038 3145//3145 2496//2496
f 4120//4120 823//823 332//332
f 2034//2034 282//282 3402//3402
f 2684//2684 755//755 2813//2813
f 3406//3406 4121//4121 2390//2390
f 3146//3146 1618//1618 2124//2124
f 823//823 333//333 332//332
f 4119//4119 3406//3406 3404//3404
f 2845//2845 2989//2989 1564//1564
f 1301//1301 2390//2390 4121//4121
f 3402//3402 850//850 2034//2034
f 1368//1368 1623//1623 335//335
f 2536//2536 3899//3899 3717//3717
f 4127//4127 607//607 85//85
f 1636//1636 1146//1146 382//382
f 1340//1340 381//381 2399//2399
f 1140//1140 2850//2850 233//233
f 3988//3988 380//380 845//845
f 2049//2049 3371//3371 2399//2399
f 2394//2394 1629//1629 1637//1637
f 368//368 2396//2396 26//26
f 1821//1821 3615//3615 280//280
f 871//871 2398//2398 3527//3527
f 3409//3409 377//377 3156//3156
f 378//378 382//382 1146//1146
f 3157//3157 3156//3156 377//377
f 1138//1138 3299//3299 2993//2993
f 1636//1636 382//382 2402//2402
f 607//607 84//84 85//85
f 861//861 3253//3253 2045//2045
f 3988//3988 373//373 380//380
f 2649//2649 2049//2049 3407//3407
f 1632//1632 3718//3718 3524//3524
f 600//600 2542//2542 3805//3805
f 2043//2043 2368//2368 1370//1370
f 1638//1638 233//233 604//604
f 3485//3485 3253//3253 861//861
f 2047//2047 381//381 1340//1340
f 3371//3371 1340//1340 2399//2399
f 3901//3901 3524//3524 2048//2048
f 1374//1374 976//976 25//25
f 372//372 374//374 514//514
f 2394//2394 372//372 1629//1629
f 1314//1314 1139//1139 4124//4124
f 2058//2058 1819//1819 4063//4063
f 2064//2064 556//556 2412//2412
f 2062//2062 815//815 393//393
f 4063//4063 3162//3162 2059//2059
f 387//387 2063//2063 847//847
f 3158//3158 3163//3163 847//847
f 390//390 2055//2055 2066//2066
f 2055//2055 2145//2145 2066//2066
f 2066//2066 4065//4065 2816//2816
f 2062//2062 387//387 2056//2056
f 387//387 847//847 2056//2056
f 1660//1660 1652//1652 1796//1796
f 393//393 387//387 2062//2062
f 386//386 2647//2647 1648//1648
f 4065//4065 2127//2127 2816//2816
f 3164//3164 1161//1161 392//392
f 1819//1819 3013//3013 1037//1037
f 2936//2936 1037//1037 3013//3013
f 3163//3163 2056//2056 847//847
f 1156//1156 389//389 393//393
f 3159//3159 1156//1156 393//393
f 195//195 1649//1649 3905//3905
f 2816//2816 3419//3419 2066//2066
f 4064//4064 2145//2145 2055//2055
f 3417//3417 2057//2057 2063//2063
f 4068//4068 4064//4064 2061//2061
f 2074//2074 2561//2561 909//909
f 2078//2078 3359//3359 1684//1684
f 3996//3996 2873//2873 662//662
f 407//407 2414//2414 651//651
f 1787//1787 200//200 2068//2068
f 868//868 3165//3165 2716//2716
f 904//904 2874//2874 3554//3554
f 2257//2257 3168//3168 404//404
f 411//411 1787//1787 2954//2954
f 1674//1674 2783//2783 3426//3426
f 4069//4069 1984//1984 2070//2070
f 905//905 660//660 1866//1866
f 1413//1413 3167//3167 911//911
f 4072//4072 1410//1410 1984//1984
f 660//660 1678//1678 2876//2876
f 3359//3359 2078//2078 2072//2072
f 2073//2073 2421//2421 3909//3909
f 2563//2563 4074//4074 3910//3910
f 1408//1408 2267//2267 78//78
f 3426//3426 4076//4076 1674//1674
f 407//407 2875//2875 3630//3630
f 232//232 3169//3169 1686//1686
f 2866//2866 912//912 128//128
f 2570//2570 4073//4073 3427//3427
f 1863//1863 401//401 3996//3996
f 2069//2069 647//647 4069//4069
f 3986//3986 406//406 1408//1408
f 653//653 1862//1862 1169//1169
f 2257//2257 395//395 2869//2869
f 82//82 2247//2247 2721//2721
f 3909//3909 2872//2872 2073//2073
f 2739//2739 2373//2373 3411//3411
f 3256//3256 882//882 247//247
f 2326//2326 3965//3965 434//434
f 103//103 2737//2737 2735//2735
f 4014//4014 2668//2668 2732//2732
f 4014//4014 2947//2947 2668//2668
f 3916//3916 3176//3176 2083//2083
f 3648//3648 1664//1664 459//459
f 3178//3178 1132//1132 1471//1471
f 1196//1196 1465//1465 464//464
f 4092//4092 3553//3553 893//893
f 3423//3423 3422//3422 3180//3180
f 715//715 897//897 898//898
f 3550//3550 460//460 115//115
f 3182//3182 722//722 1529//1529
f 3649//3649 115//115 460//460
f 3441//3441 3309//3309 2656//2656
f 148//148 1896//1896 141//141
f 3446//3446 1906//1906 3924//3924
f 197//197 1445//1445 3126//3126
f 3033//3033 1909//1909 2591//2591
f 149//149 2086//2086 4131//4131
f 2662//2662 1443//1443 4134//4134
f 2927//2927 1299//1299 3687//3687
f 2662//2662 4134//4134 4132//4132
f 156//156 3311//3311 2273//2273
f 3138//3138 236//236 2937//2937
f 142//142 3302//3302 3440//3440
f 3310//3310 3306//3306 146//146
f 3445//3445 3191//3191 148//148
f 1897//1897 3310//3310 146//146
f 1895//1895 3301//3301 2085//2085
f 1422//1422 1420//1420 1696//1696
f 3315//3315 2087//2087 216//216
f 2656//2656 198//198 4046//4046
f 198//198 3313//3313 4046//4046
f 3026//3026 3188//3188 542//542
f 3305//3305 3191//3191 3445//3445
f 1902//1902 4007//4007 261//261
f 4133//4133 3029//3029 1906//1906
f 1907//1907 1299//1299 2927//2927
f 4131//4131 2085//2085 2270//2270
f 141//141 1896//1896 2090//2090
f 155//155 1903//1903 3312//3312
f 2090//2090 153//153 141//141
f 3191//3191 1896//1896 148//148
f 465//465 1901//1901 3311//3311
f 3190//3190 3443//3443 1434//1434
f 3789//3789 1225//1225 3187//3187
f 1454//1454 3217//3217 3227//3227
f 510//510 157//157 2094//2094
f 1328//1328 2971//2971 3567//3567
f 3037//3037 1328//1328 3567//3567
f 186//186 2602//2602 2001//2001
f 160//160 286//286 1923//1923
f 1915//1915 3352//3352 2764//2764
f 1914//1914 163//163 3374//3374
f 1912//1912 1712//1712 486//486
f 2301//2301 2017//2017 3337//3337
f 2893//2893 3336//3336 3230//3230
f 940//940 3379//3379 1927//1927
f 2100//2100 1042//1042 1910//1910
f 3197//3197 2503//2503 2103//2103
f 1481//1481 1917//1917 3364//3364
f 1914//1914 2340//2340 163//163
f 2518//2518 2498//2498 1709//1709
f 2098//2098 2298//2298 4081//4081
f 2300//2300 2097//2097 4077//4077
f 2802//2802 160//160 534//534
f 3336//3336 1714//1714 481//481
f 2099//2099 4080//4080 1926//1926
f 1910//1910 821//821 487//487
f 1487//1487 3563//3563 1508//1508
f 1712//1712 2095//2095 486//486
f 3343//3343 4098//4098 2104//2104
f 511//511 2919//2919 174//174
f 3497//3497 3050//3050 2310//2310
f 4098//4098 2313//2313 2104//2104
f 3201//3201 192//192 4106//4106
f 1070//1070 4102//4102 2105//2105
f 3468//3468 2151//2151 3339//3339
f 3946//3946 255//255 2108//2108
f 811//811 2310//2310 957//957
f 4102//4102 1786//1786 2105//2105
f 1271//1271 1070//1070 2108//2108
f 1982//1982 4106//4106 2528//2528
f 4038//4038 2109//2109 497//497
f 181//181 3683//3683 3339//3339
f 4103//4103 3690//3690 2620//2620
f 957//957 3675//3675 811//811
f 3118//3118 3699//3699 1566//1566
f 1271//1271 4042//4042 1070//1070
f 3471//3471 3338//3338 1937//1937
f 172//172 292//292 3347//3347
f 4105//4105 1498//1498 2323//2323
f 3277//3277 2116//2116 2110//2110
f 38//38 1793//1793 2334//2334
f 234//234 2523//2523 1064//1064
f 1843//1843 3280//3280 2111//2111
f 3792//3792 3477//3477 1100//1100
f 3278//3278 3287//3287 2523//2523
f 3287//3287 2517//2517 2523//2523
f 4109//4109 523//523 2113//2113
f 1843//1843 2111//2111 2120//2120
f 3696//3696 50//50 3283//3283
f 4108//4108 3791//3791 2114//2114
f 3367//3367 2117//2117 2115//2115
f 3235//3235 2113//2113 1004//1004
f 4109//4109 43//43 523//523
f 4113//4113 1955//1955 49//49
f 1843//1843 2120//2120 2118//2118
f 3277//3277 49//49 2116//2116
f 3235//3235 3286//3286 2113//2113
f 2674//2674 40//40 1985//1985
f 2834//2834 1804//1804 2119//2119
f 1555//1555 2834//2834 2119//2119
f 3738//3738 2905//2905 3970//3970
f 4088//4088 1461//1461 1052//1052
f 1843//1843 2118//2118 2007//2007
f 2838//2838 2214//2214 3395//3395
f 3768//3768 2588//2588 2121//2121
f 3860//3860 1265//1265 3858//3858
f 2411//2411 3619//3619 388//388
f 2408//2408 1649//1649 195//195
f 2313//2313 4098//4098 3382//3382
f 14//14 2845//2845 2675//2675
f 891//891 816//816 299//299
f 1570//1570 1100//1100 3477//3477
f 835//835 2455//2455 2518//2518
f 729//729 735//735 2128//2128
f 449//449 3150//3150 1112//1112
f 250//250 943//943 1925//1925
f 1542//1542 2161//2161 110//110
f 3431//3431 1407//1407 2077//2077
f 1833//1833 2516//2516 241//241
f 834//834 956//956 3050//3050
f 3817//3817 3120//3120 3669//3669
f 941//941 1483//1483 3129//3129
f 131//131 909//909 2067//2067
f 4028//4028 3195//3195 2133//2133
f 1717//1717 4028//4028 2133//2133
f 2650//2650 573//573 4061//4061
f 3869//3869 1062//1062 2137//2137
f 3109//3109 3674//3674 1125//1125
f 3945//3945 712//712 4085//4085
f 1541//1541 3754//3754 1337//1337
f 1547//1547 3783//3783 215//215
f 579//579 1708//1708 1224//1224
f 1293//1293 3838//3838 2910//2910
f 462//462 1474//1474 1056//1056
f 915//915 3375//3375 3626//3626
f 2117//2117 4138//4138 1608//1608
f 3289//3289 2487//2487 3188//3188
f 4087//4087 246//246 2351//2351
f 3416//3416 555//555 203//203
f 3580//3580 3368//3368 2432//2432
f 1255//1255 2957//2957 1333//1333
f 3466//3466 3118//3118 3474//3474
f 3023//3023 1406//1406 205//205
f 109//109 2161//2161 3960//3960
f 3793//3793 768//768 37//37
f 1240//1240 2629//2629 3838//3838
f 21//21 3408//3408 1730//1730
f 971//971 2964//2964 2193//2193
f 179//179 1608//1608 2758//2758
f 12//12 1080//1080 963//963
f 758//758 227//227 1597//1597
f 1414//1414 917//917 1797//1797
f 1951//1951 4097//4097 1734//1734
f 2670//2670 2784//2784 2152//2152
f 2347//2347 2249//2249 2828//2828
f 3232//3232 225//225 2757//2757
f 1643//1643 3411//3411 1120//1120
f 2645//2645 619//619 189//189
f 3585//3585 2952//2952 4144//4144
f 618//618 612//612 3143//3143
f 1128//1128 970//970 2772//2772
f 2161//2161 536//536 413//413
f 2387//2387 1326//1326 3103//3103
f 2258//2258 2943//2943 3994//3994
f 3579//3579 1303//1303 1062//1062
f 132//132 3432//3432 2425//2425
f 1399//1399 536//536 2161//2161
f 354//354 3061//3061 1112//1112
f 1484//1484 1479//1479 1226//1226
f 1479//1479 2747//2747 1226//1226
f 2463//2463 2533//2533 1940//1940
f 1994//1994 291//291 1767//1767
f 2768//2768 587//587 3682//3682
f 23//23 3590//3590 2909//2909
f 1243//1243 807//807 3932//3932
f 2072//2072 2071//2071 814//814
f 2444//2444 732//732 2164//2164
f 1997//1997 2647//2647 890//890
f 719//719 1736//1736 2289//2289
f 1090//1090 2167//2167 4018//4018
f 3489//3489 2241//2241 1192//1192
f 1913//1913 2448//2448 3780//3780
f 2774//2774 1609//1609 1292//1292
f 3514//3514 2626//2626 810//810
f 1458//1458 1991//1991 3546//3546
f 1047//1047 891//891 1875//1875
f 3611//3611 251//251 2843//2843
f 1783//1783 1343//1343 2170//2170
f 2391//2391 2037//2037 2344//2344
f 820//820 2638//2638 4052//4052
f 1982//1982 274//274 4106//4106
f 1036//1036 1874//1874 2175//2175
f 806//806 1318//1318 496//496
f 1309//1309 130//130 3554//3554
f 33//33 767//767 253//253
f 1068//1068 3796//3796 1367//1367
f 413//413 2258//2258 1605//1605
f 2608//2608 3668//3668 2614//2614
f 331//331 94//94 2945//2945
f 3960//3960 2161//2161 413//413
f 2482//2482 3434//3434 418//418
f 3935//3935 1989//1989 4030//4030
f 2500//2500 3584//3584 1126//1126
f 3386//3386 794//794 3665//3665
f 2003//2003 4013//4013 2732//2732
f 2941//2941 3661//3661 1746//1746
f 2564//2564 1102//1102 3987//3987
f 3829//3829 1539//1539 2361//2361
f 1284//1284 840//840 2176//2176
f 2668//2668 1116//1116 3871//3871
f 3768//3768 3822//3822 1213//1213
f 2601//2601 741//741 2486//2486
f 1086//1086 3212//3212 4039//4039
f 999//999 3959//3959 2159//2159
f 4013//4013 16//16 4014//4014
f 915//915 908//908 1782//1782
f 3500//3500 3351//3351 1740//1740
f 3792//3792 3888//3888 305//305
f 2180//2180 4048//4048 3381//3381
f 1606//1606 3143//3143 2550//2550
f 2784//2784 4143//4143 2178//2178
f 1945//1945 1546//1546 793//793
f 922//922 696//696 926//926
f 2920//2920 4141//4141 1247//1247
f 3836//3836 2920//2920 1247//1247
f 3397//3397 3778//3778 2661//2661
f 3290//3290 253//253 767//767
f 1645//1645 3452//3452 106//106
f 1990//1990 2159//2159 3941//3941
f 1077//1077 2776//2776 2181//2181
f 3258//3258 56//56 62//62
f 3444//3444 3480//3480 3446//3446
f 2564//2564 3909//3909 2495//2495
f 3937//3937 2670//2670 2513//2513
f 3642//3642 1461//1461 4085//4085
f 138//138 132//132 1018//1018
f 3588//3588 2152//2152 3207//3207
f 797//797 3534//3534 2223//2223
f 3565//3565 2459//2459 1334//1334
f 3866//3866 3532//3532 2381//2381
f 1785//1785 689//689 1824//1824
f 3676//3676 2834//2834 1081//1081
f 3969//3969 2327//2327 457//457
f 384//384 374//374 2186//2186
f 2702//2702 384//384 2186//2186
f 2173//2173 1799//1799 2741//2741
f 3653//3653 2173//2173 2741//2741
f 3953//3953 1821//1821 280//280
f 558//558 16//16 4013//4013
f 2191//2191 592//592 3357//3357
f 970//970 2320//2320 2195//2195
f 2772//2772 970//970 972//972
f 2675//2675 3456//3456 14//14
f 4052//4052 2638//2638 16//16
f 3578//3578 4052//4052 16//16
f 14//14 3059//3059 2846//2846
f 707//707 3456//3456 2675//2675
f 2204//2204 531//531 3071//3071
f 3078//3078 1475//1475 380//380
f 1952//1952 2204//2204 3077//3077
f 600//600 1735//1735 1726//1726
f 2398//2398 2201//2201 3739//3739
f 1636//1636 2405//2405 3073//3073
f 2537//2537 1314//1314 2468//2468
f 610//610 4058//4058 1272//1272
f 543//543 2926//2926 597//597
f 1082//1082 27//27 28//28
f 595//595 19//19 1950//1950
f 554//554 3526//3526 1595//1595
f 26//26 2199//2199 757//757
f 20//20 3528//3528 32//32
f 29//29 375//375 21//21
f 21//21 375//375 3408//3408
f 3527//3527 2398//2398 3739//3739
f 2214//2214 2013//2013 2213//2213
f 1350//1350 537//537 2112//2112
f 212//212 1354//1354 1351//1351
f 1356//1356 212//212 1351//1351
f 2211//2211 2833//2833 2206//2206
f 3096//3096 537//537 2209//2209
f 840//840 3124//3124 563//563
f 2773//2773 2833//2833 2211//2211
f 212//212 311//311 3791//3791
f 311//311 2363//2363 3791//3791
f 2208//2208 3778//3778 295//295
f 2833//2833 2485//2485 2815//2815
f 2485//2485 3102//3102 2815//2815
f 2208//2208 4053//4053 563//563
f 1804//1804 2834//2834 3676//3676
f 2834//2834 1555//1555 1081//1081
f 1350//1350 40//40 2029//2029
f 2207//2207 3392//3392 3890//3890
f 1560//1560 882//882 3057//3057
f 3003//3003 3119//3119 2573//2573
f 880//880 884//884 3701//3701
f 3007//3007 2681//2681 3586//3586
f 1052//1052 1084//1084 3958//3958
f 1264//1264 1187//1187 433//433
f 881//881 3701//3701 884//884
f 3011//3011 3412//3412 3704//3704
f 525//525 3518//3518 2215//2215
f 327//327 433//433 1187//1187
f 2216//2216 880//880 302//302
f 3913//3913 328//328 3414//3414
f 1642//1642 101//101 1264//1264
f 63//63 1155//1155 61//61
f 2021//2021 1852//1852 4044//4044
f 2221//2221 1155//1155 55//55
f 2226//2226 64//64 2220//2220
f 61//61 1155//1155 2221//2221
f 2505//2505 2219//2219 774//774
f 2988//2988 1157//1157 65//65
f 583//583 3966//3966 2344//2344
f 1153//1153 2220//2220 2224//2224
f 3971//3971 2139//2139 2765//2765
f 2225//2225 2929//2929 2967//2967
f 2936//2936 3977//3977 55//55
f 70//70 1157//1157 2988//2988
f 1160//1160 2986//2986 68//68
f 1157//1157 70//70 1853//1853
f 1825//1825 53//53 1806//1806
f 640//640 2224//2224 69//69
f 2227//2227 2558//2558 3798//3798
f 2936//2936 3708//3708 3977//3977
f 1092//1092 1806//1806 2616//2616
f 1529//1529 439//439 2232//2232
f 1135//1135 3961//3961 902//902
f 1130//1130 3422//3422 365//365
f 437//437 3715//3715 2696//2696
f 2081//2081 540//540 1672//1672
f 3734//3734 464//464 2692//2692
f 2153//2153 3984//3984 363//363
f 897//897 1130//1130 363//363
f 3139//3139 2236//2236 895//895
f 1198//1198 1135//1135 3066//3066
f 2240//2240 1529//1529 3917//3917
f 3153//3153 2231//2231 2694//2694
f 3423//3423 1662//1662 2031//2031
f 1236//1236 454//454 2241//2241
f 362//362 4019//4019 2695//2695
f 2233//2233 2082//2082 3650//3650
f 2476//2476 119//119 2243//2243
f 3320//3320 1672//1672 3459//3459
f 2244//2244 3065//3065 1667//1667
f 3719//3719 3722//3722 1083//1083
f 2251//2251 672//672 2254//2254
f 672//672 649//649 2254//2254
f 2701//2701 74//74 92//92
f 651//651 3985//3985 407//407
f 3987//3987 1102//1102 2141//2141
f 1053//1053 3720//3720 2245//2245
f 3955//3955 4070//4070 84//84
f 91//91 2123//2123 77//77
f 2641//2641 91//91 77//77
f 668//668 1175//1175 2952//2952
f 2570//2570 3808//3808 867//867
f 2252//2252 2873//2873 2999//2999
f 663//663 759//759 2168//2168
f 2257//2257 668//668 2952//2952
f 2248//2248 3721//3721 664//664
f 3542//3542 3539//3539 3540//3540
f 2168//2168 214//214 1049//1049
f 3428//3428 2079//2079 85//85
f 2359//2359 3295//3295 81//81
f 2364//2364 648//648 2253//2253
f 1862//1862 653//653 1638//1638
f 3167//3167 2994//2994 73//73
f 90//90 1163//1163 1346//1346
f 1175//1175 3541//3541 2952//2952
f 1165//1165 3725//3725 2998//2998
f 214//214 2168//2168 1039//1039
f 657//657 214//214 1039//1039
f 93//93 3722//3722 1176//1176
f 3722//3722 93//93 1083//1083
f 3907//3907 1165//1165 1859//1859
f 76//76 863//863 3800//3800
f 2246//2246 80//80 2256//2256
f 88//88 655//655 1869//1869
f 3804//3804 78//78 75//75
f 3960//3960 3873//3873 109//109
f 107//107 3960//3960 1605//1605
f 82//82 2721//2721 3113//3113
f 139//139 3263//3263 1205//1205
f 3921//3921 2721//2721 3631//3631
f 414//414 1420//1420 3430//3430
f 2720//2720 3193//3193 1880//1880
f 419//419 1882//1882 1211//1211
f 2422//2422 684//684 422//422
f 3273//3273 2432//2432 1282//1282
f 1678//1678 2576//2576 3825//3825
f 572//572 2266//2266 421//421
f 3252//3252 2416//2416 1017//1017
f 3273//3273 3433//3433 424//424
f 689//689 1785//1785 1282//1282
f 3263//3263 2268//2268 1205//1205
f 2679//2679 3788//3788 3634//3634
f 3436//3436 3438//3438 2261//2261
f 3270//3270 1204//1204 684//684
f 136//136 3267//3267 4145//4145
f 298//298 426//426 777//777
f 809//809 3114//3114 1691//1691
f 1316//1316 1543//1543 2426//2426
f 125//125 3437//3437 2266//2266
f 2085//2085 3301//3301 472//472
f 3561//3561 141//141 2269//2269
f 470//470 469//469 3441//3441
f 3440//3440 2522//2522 474//474
f 3439//3439 3219//3219 2951//2951
f 150//150 703//703 470//470
f 1906//1906 3446//3446 3480//3480
f 3301//3301 151//151 472//472
f 3687//3687 2974//2974 476//476
f 2093//2093 2579//2579 3933//3933
f 144//144 471//471 141//141
f 2273//2273 477//477 704//704
f 2357//2357 1424//1424 468//468
f 4008//4008 466//466 473//473
f 3307//3307 3192//3192 2275//2275
f 469//469 146//146 3441//3441
f 141//141 3561//3561 148//148
f 476//476 2974//2974 2272//2272
f 466//466 2274//2274 3656//3656
f 4007//4007 3307//3307 261//261
f 474//474 2522//2522 3445//3445
f 3445//3445 148//148 479//479
f 708//708 1463//1463 2964//2964
f 3217//3217 3729//3729 3227//3227
f 3455//3455 2278//2278 706//706
f 2125//2125 2003//2003 2897//2897
f 207//207 706//706 2278//2278
f 4087//4087 3319//3319 3318//3318
f 3171//3171 3730//3730 1458//1458
f 964//964 4082//4082 2733//2733
f 459//459 3740//3740 3327//3327
f 3323//3323 2283//2283 2284//2284
f 4024//4024 1311//1311 721//721
f 900//900 716//716 1470//1470
f 724//724 1553//1553 3324//3324
f 1291//1291 576//576 2788//2788
f 3332//3332 1726//1726 256//256
f 2285//2285 3323//3323 2284//2284
f 460//460 726//726 979//979
f 2468//2468 3175//3175 722//722
f 1771//1771 3758//3758 3693//3693
f 2281//2281 3322//3322 2289//2289
f 1465//1465 20//20 464//464
f 4020//4020 3179//3179 3074//3074
f 1593//1593 2827//2827 787//787
f 2445//2445 3566//3566 165//165
f 3335//3335 734//734 158//158
f 3374//3374 163//163 2454//2454
f 534//534 160//160 3132//3132
f 521//521 3567//3567 3132//3132
f 952//952 265//265 2798//2798
f 2502//2502 2340//2340 2295//2295
f 3568//3568 1319//1319 192//192
f 3344//3344 488//488 3574//3574
f 3349//3349 170//170 2309//2309
f 4103//4103 2941//2941 2475//2475
f 4034//4034 504//504 177//177
f 1574//1574 4105//4105 2323//2323
f 3467//3467 181//181 503//503
f 3466//3466 506//506 3699//3699
f 503//503 501//501 3467//3467
f 3468//3468 3478//3478 1318//1318
f 3117//3117 3259//3259 2308//2308
f 2032//2032 180//180 744//744
f 170//170 508//508 2309//2309
f 744//744 180//180 2473//2473
f 502//502 2313//2313 3667//3667
f 503//503 493//493 501//501
f 4033//4033 3205//3205 3867//3867
f 2636//2636 3583//3583 3603//3603
f 567//567 3504//3504 1810//1810
f 3622//3622 3628//3628 204//204
f 1536//1536 3215//3215 42//42
f 3884//3884 1074//1074 2035//2035
f 1974//1974 3940//3940 2370//2370
f 1796//1796 1652//1652 797//797
f 2731//2731 294//294 3496//3496
f 2298//2298 2302//2302 3659//3659
f 3734//3734 443//443 3732//3732
f 1728//1728 3465//3465 2467//2467
f 2505//2505 1659//1659 2319//2319
f 3091//3091 843//843 2615//2615
f 3856//3856 3748//3748 996//996
f 3680//3680 1086//1086 770//770
f 3391//3391 217//217 1957//1957
f 2808//2808 3628//3628 2321//2321
f 2137//2137 1303//1303 2330//2330
f 2323//2323 2631//2631 3232//3232
f 2699//2699 1774//1774 1987//1987
f 1180//1180 448//448 432//432
f 2888//2888 2651//2651 1569//1569
f 2902//2902 2351//2351 246//246
f 4107//4107 4100//4100 2157//2157
f 239//239 35//35 34//34
f 1128//1128 2841//2841 3894//3894
f 2148//2148 3588//3588 1937//1937
f 1237//1237 1243//1243 946//946
f 1554//1554 1244//1244 2756//2756
f 3871//3871 3003//3003 2573//2573
f 1055//1055 4101//4101 1939//1939
f 3375//3375 202//202 3626//3626
f 202//202 2418//2418 3626//3626
f 3747//3747 2761//2761 2663//2663
f 3852//3852 2856//2856 3330//3330
f 767//767 1793//1793 38//38
f 1570//1570 997//997 3948//3948
f 3137//3137 3121//3121 1809//1809
f 826//826 2409//2409 2406//2406
f 783//783 461//461 2330//2330
f 496//496 3574//3574 806//806
f 687//687 3557//3557 679//679
f 294//294 2789//2789 3496//3496
f 1813//1813 2382//2382 2384//2384
f 3308//3308 3930//3930 2297//2297
f 1341//1341 2149//2149 953//953
f 4012//4012 3369//3369 3056//3056
f 805//805 1599//1599 1581//1581
f 2698//2698 86//86 3865//3865
f 2722//2722 1029//1029 1894//1894
f 2606//2606 2612//2612 1319//1319
f 1589//1589 3168//3168 2571//2571
f 707//707 2731//2731 3456//3456
f 1756//1756 1759//1759 1296//1296
f 2771//2771 239//239 2332//2332
f 1815//1815 3140//3140 2930//2930
f 3889//3889 313//313 2804//2804
f 1719//1719 1703//1703 2333//2333
f 4032//4032 4037//4037 1745//1745
f 3049//3049 179//179 174//174
f 212//212 2617//2617 1354//1354
f 1079//1079 1608//1608 4138//4138
f 592//592 3845//3845 1943//1943
f 2553//2553 621//621 3140//3140
f 391//391 3383//3383 3536//3536
f 3913//3913 3171//3171 1458//1458
f 1749//1749 1743//1743 3045//3045
f 3123//3123 1783//1783 1756//1756
f 3869//3869 1320//1320 3380//3380
f 1995//1995 3013//3013 2162//2162
f 2863//2863 1653//1653 3902//3902
f 3421//3421 430//430 3014//3014
f 3651//3651 2327//2327 1059//1059
f 321//321 324//324 548//548
f 1794//1794 1752//1752 1514//1514
f 3530//3530 1561//1561 2339//2339
f 3481//3481 2103//2103 1251//1251
f 3461//3461 3685//3685 3006//3006
f 15//15 4085//4085 1329//1329
f 1070//1070 3104//3104 3469//3469
f 1532//1532 212//212 3791//3791
f 3735//3735 2282//2282 2290//2290
f 367//367 3733//3733 2238//2238
f 3733//3733 442//442 2238//2238
f 2761//2761 794//794 2785//2785
f 2172//2172 866//866 2134//2134
f 866//866 2817//2817 2134//2134
f 1250//1250 3842//3842 1791//1791
f 2908//2908 4090//4090 235//235
f 3882//3882 816//816 4050//4050
f 729//729 733//733 2341//2341
f 968//968 3109//3109 1456//1456
f 3120//3120 3817//3817 2713//2713
f 3385//3385 2383//2383 264//264
f 293//293 1094//1094 2898//2898
f 959//959 3049//3049 2919//2919
f 2970//2970 3362//3362 2923//2923
f 3044//3044 951//951 3048//3048
f 3942//3942 3211//3211 1521//1521
f 1606//1606 2550//2550 2779//2779
f 3144//3144 322//322 102//102
f 2216//2216 1312//1312 3172//3172
f 3974//3974 2511//2511 1559//1559
f 1491//1491 1479//1479 3036//3036
f 1510//1510 1974//1974 526//526
f 2129//2129 3787//3787 3395//3395
f 3388//3388 3324//3324 2346//2346
f 3384//3384 1068//1068 800//800
f 2641//2641 2249//2249 2347//2347
f 3010//3010 2217//2217 2680//2680
f 928//928 3134//3134 3198//3198
f 247//247 435//435 3256//3256
f 306//306 2804//2804 313//313
f 3680//3680 1751//1751 1086//1086
f 588//588 3624//3624 3622//3622
f 567//567 629//629 1601//1601
f 3519//3519 522//522 2328//2328
f 3150//3150 2236//2236 452//452
f 3995//3995 1047//1047 1874//1874
f 3348//3348 3605//3605 585//585
f 3597//3597 1769//1769 2715//2715
f 2663//2663 2126//2126 1258//1258
f 3083//3083 1513//1513 1263//1263
f 575//575 3028//3028 3189//3189
f 176//176 1767//1767 3093//3093
f 8//8 1560//1560 3057//3057
f 3212//3212 1960//1960 3213//3213
f 4008//4008 1698//1698 2274//2274
f 2873//2873 414//414 3430//3430
f 3594//3594 2799//2799 2942//2942
f 3689//3689 927//927 3595//3595
f 1137//1137 2379//2379 894//894
f 616//616 2515//2515 3493//3493
f 3203//3203 4032//4032 4143//4143
f 2571//2571 648//648 647//647
f 3061//3061 354//354 3731//3731
f 1720//1720 964//964 2928//2928
f 11//11 3709//3709 902//902
f 57//57 203//203 555//555
f 893//893 116//116 347//347
f 2019//2019 1561//1561 2982//2982
f 3221//3221 2549//2549 267//267
f 2119//2119 1804//1804 3100//3100
f 2903//2903 2842//2842 2500//2500
f 1757//1757 770//770 2367//2367
f 770//770 4039//4039 2367//2367
f 44//44 40//40 1350//1350
f 272//272 1976//1976 193//193
f 724//724 3324//3324 3388//3388
f 2825//2825 724//724 3388//3388
f 799//799 3617//3617 1067//1067
f 2053//2053 2413//2413 3810//3810
f 126//126 127//127 1877//1877
f 127//127 3272//3272 1877//1877
f 1054//1054 3522//3522 1050//1050
f 2894//2894 1491//1491 1485//1485
f 3696//3696 3283//3283 2169//2169
f 2717//2717 3691//3691 829//829
f 2154//2154 3247//3247 2375//2375
f 2282//2282 3463//3463 3740//3740
f 2812//2812 3758//3758 252//252
f 1036//1036 3260//3260 3815//3815
f 3925//3925 3516//3516 1230//1230
f 3105//3105 2029//2029 1298//1298
f 1770//1770 3103//3103 3596//3596
f 3515//3515 2977//2977 611//611
f 264//264 2383//2383 2385//2385
f 2980//2980 264//264 2385//2385
f 1582//1582 3866//3866 2384//2384
f 812//812 2980//2980 2380//2380
f 812//812 2380//2380 1295//1295
f 849//849 1298//1298 3135//3135
f 262//262 3515//3515 611//611
f 772//772 2382//2382 2386//2386
f 1292//1292 772//772 2386//2386
f 3135//3135 3532//3532 849//849
f 1616//1616 3373//3373 3098//3098
f 2642//2642 3250//3250 1302//1302
f 772//772 2384//2384 2382//2382
f 3514//3514 3892//3892 188//188
f 2688//2688 2344//2344 2791//2791
f 201//201 857//857 3400//3400
f 2016//2016 2390//2390 1301//1301
f 2690//2690 2016//2016 1301//1301
f 2496//2496 3797//3797 3607//3607
f 3876//3876 800//800 3606//3606
f 336//336 858//858 2389//2389
f 2686//2686 1822//1822 2390//2390
f 3607//3607 858//858 336//336
f 3577//3577 3978//3978 2478//2478
f 1046//1046 2501//2501 3606//3606
f 2678//2678 1068//1068 3384//3384
f 2389//2389 860//860 333//333
f 2683//2683 3797//3797 2496//2496
f 3609//3609 1068//1068 2678//2678
f 3794//3794 853//853 340//340
f 2999//2999 2542//2542 2252//2252
f 879//879 2859//2859 369//369
f 4126//4126 869//869 1389//1389
f 3524//3524 3718//3718 2048//2048
f 2874//2874 25//25 2046//2046
f 2702//2702 845//845 384//384
f 2704//2704 2395//2395 3410//3410
f 866//866 2172//2172 2395//2395
f 3804//3804 2202//2202 1397//1397
f 863//863 381//381 2047//2047
f 865//865 372//372 2394//2394
f 1862//1862 1638//1638 2854//2854
f 1859//1859 2704//2704 3410//3410
f 3808//3808 2546//2546 867//867
f 1627//1627 1867//1867 2122//2122
f 1866//1866 2050//2050 4128//4128
f 2994//2994 869//869 4126//4126
f 1388//1388 1867//1867 2856//2856
f 3409//3409 1378//1378 377//377
f 2672//2672 2677//2677 3618//3618
f 2707//2707 2672//2672 3618//3618
f 2058//2058 3967//3967 1819//1819
f 2008//2008 1533//1533 3418//3418
f 838//838 2797//2797 191//191
f 886//886 3164//3164 392//392
f 3810//3810 2060//2060 2053//2053
f 886//886 761//761 4066//4066
f 803//803 555//555 3416//3416
f 2677//2677 388//388 3618//3618
f 2065//2065 2407//2407 1542//1542
f 3811//3811 2493//2493 762//762
f 385//385 2677//2677 2672//2672
f 3620//3620 1649//1649 2408//2408
f 803//803 195//195 3160//3160
f 2709//2709 3013//3013 1819//1819
f 1676//1676 3353//3353 2067//2067
f 2077//2077 1407//1407 3263//3263
f 1984//1984 1410//1410 2070//2070
f 409//409 2358//2358 2342//2342
f 817//817 200//200 919//919
f 660//660 905//905 1678//1678
f 1998//1998 2783//2783 2415//2415
f 527//527 1998//1998 2415//2415
f 2073//2073 2719//2719 2421//2421
f 906//906 1175//1175 2869//2869
f 2868//2868 3430//3430 187//187
f 1543//1543 905//905 1866//1866
f 2723//2723 1589//1589 2069//2069
f 904//904 130//130 408//408
f 3168//3168 1589//1589 2723//2723
f 3431//3431 4071//4071 1407//1407
f 906//906 1403//1403 1175//1175
f 3378//3378 2358//2358 398//398
f 4074//4074 271//271 3910//3910
f 2418//2418 1788//1788 3622//3622
f 694//694 2434//2434 1016//1016
f 1889//1889 677//677 425//425
f 3558//3558 416//416 2428//2428
f 3671//3671 1288//1288 3637//3637
f 3555//3555 2424//2424 3637//3637
f 1288//1288 3555//3555 3637//3637
f 3555//3555 2427//2427 2424//2424
f 3671//3671 682//682 2431//2431
f 3886//3886 3353//3353 1676//1676
f 1013//1013 2725//2725 532//532
f 683//683 4060//4060 122//122
f 139//139 1205//1205 401//401
f 2431//2431 692//692 3556//3556
f 2430//2430 691//691 2004//2004
f 426//426 2314//2314 221//221
f 2434//2434 694//694 695//695
f 2428//2428 2433//2433 675//675
f 1010//1010 2264//2264 1438//1438
f 3193//3193 2720//2720 4002//4002
f 2428//2428 416//416 2433//2433
f 678//678 401//401 1028//1028
f 3556//3556 2932//2932 2431//2431
f 426//426 2430//2430 2314//2314
f 3114//3114 1013//1013 1691//1691
f 679//679 3557//3557 419//419
f 3276//3276 135//135 420//420
f 1205//1205 2268//2268 3824//3824
f 2267//2267 688//688 3921//3921
f 187//187 1420//1420 3508//3508
f 698//698 1904//1904 1235//1235
f 2269//2269 471//471 923//923
f 2597//2597 1447//1447 932//932
f 2440//2440 2271//2271 579//579
f 478//478 2443//2443 3789//3789
f 2441//2441 474//474 2436//2436
f 155//155 1478//1478 145//145
f 2436//2436 467//467 3657//3657
f 2269//2269 923//923 705//705
f 3559//3559 1321//1321 2437//2437
f 465//465 156//156 696//696
f 2272//2272 2439//2439 1321//1321
f 937//937 2271//2271 2440//2440
f 1231//1231 146//146 469//469
f 479//479 3561//3561 699//699
f 475//475 2270//2270 2598//2598
f 1696//1696 231//231 1221//1221
f 2272//2272 3560//3560 2439//2439
f 702//702 2271//2271 937//937
f 144//144 2271//2271 702//702
f 579//579 700//700 3129//3129
f 3562//3562 477//477 297//297
f 942//942 152//152 921//921
f 470//470 703//703 1489//1489
f 476//476 2272//2272 1321//1321
f 2341//2341 482//482 729//729
f 2095//2095 3449//3449 3660//3660
f 3230//3230 1531//1531 3450//3450
f 2526//2526 741//741 2502//2502
f 484//484 2459//2459 3662//3662
f 2096//2096 4059//4059 3448//3448
f 265//265 952//952 742//742
f 3352//3352 2452//2452 2764//2764
f 4059//4059 3374//3374 2454//2454
f 3663//3663 3447//3447 733//733
f 3447//3447 2341//2341 733//733
f 2451//2451 1915//1915 2764//2764
f 3567//3567 960//960 3565//3565
f 1913//1913 3197//3197 2446//2446
f 3197//3197 3481//3481 2446//2446
f 2526//2526 2307//2307 1002//1002
f 2096//2096 3374//3374 4059//4059
f 481//481 1714//1714 3588//3588
f 186//186 2805//2805 2602//2602
f 482//482 2447//2447 735//735
f 163//163 2502//2502 2829//2829
f 3563//3563 738//738 1508//1508
f 727//727 834//834 3050//3050
f 1773//1773 955//955 3134//3134
f 161//161 3225//3225 3746//3746
f 3134//3134 2457//2457 1773//1773
f 2459//2459 3565//3565 2460//2460
f 1922//1922 765//765 485//485
f 3455//3455 3357//3357 1943//1943
f 965//965 969//969 1325//1325
f 972//972 3454//3454 3643//3643
f 1274//1274 1991//1991 754//754
f 3522//3522 2163//2163 1050//1050
f 112//112 1150//1150 3898//3898
f 4027//4027 2293//2293 3846//3846
f 4020//4020 798//798 2286//2286
f 1723//1723 982//982 2165//2165
f 982//982 3067//3067 2165//2165
f 2200//2200 718//718 2048//2048
f 2812//2812 1061//1061 2819//2819
f 3551//3551 3743//3743 3078//3078
f 380//380 3645//3645 974//974
f 4092//4092 1144//1144 714//714
f 2467//2467 3465//3465 1095//1095
f 2465//2465 4142//4142 980//980
f 2470//2470 1097//1097 30//30
f 975//975 3849//3849 977//977
f 4142//4142 824//824 980//980
f 974//974 717//717 3071//3071
f 3918//3918 3464//3464 2850//2850
f 3465//3465 1728//1728 973//973
f 1728//1728 4089//4089 973//973
f 722//722 3850//3850 2468//2468
f 2847//2847 2293//2293 1727//1727
f 3919//3919 1149//1149 3851//3851
f 1149//1149 1464//1464 3075//3075
f 1723//1723 4097//4097 982//982
f 4097//4097 1550//1550 982//982
f 2474//2474 3665//3665 3573//3573
f 749//749 2324//2324 503//503
f 819//819 3589//3589 3361//3361
f 501//501 493//493 1257//1257
f 750//750 2794//2794 3570//3570
f 752//752 2032//2032 992//992
f 2607//2607 819//819 3361//3361
f 166//166 1767//1767 176//176
f 3049//3049 3571//3571 1256//1256
f 2182//2182 499//499 752//752
f 499//499 2032//2032 752//752
f 2794//2794 3117//3117 3570//3570
f 2472//2472 3111//3111 2471//2471
f 3591//3591 1618//1618 17//17
f 3104//3104 3572//3572 2312//2312
f 1330//1330 3126//3126 2961//2961
f 2809//2809 2902//2902 3547//3547
f 4109//4109 1961//1961 43//43
f 3613//3613 2376//2376 1852//1852
f 3962//3962 822//822 1103//1103
f 1424//1424 2354//2354 154//154
f 3905//3905 3981//3981 1846//1846
f 1090//1090 3321//3321 1553//1553
f 126//126 3268//3268 2482//2482
f 3239//3239 3788//3788 3632//3632
f 3933//3933 943//943 250//250
f 2290//2290 1472//1472 3693//3693
f 433//433 428//428 851//851
f 3231//3231 2663//2663 1253//1253
f 1558//1558 2190//2190 1944//1944
f 3653//3653 1059//1059 2327//2327
f 273//273 591//591 1606//1606
f 2975//2975 3596//3596 1775//1775
f 3437//3437 125//125 1885//1885
f 2162//2162 2943//2943 2258//2258
f 2388//2388 3103//3103 1326//1326
f 1400//1400 886//886 888//888
f 1902//1902 3312//3312 1903//1903
f 2970//2970 3855//3855 3362//3362
f 4025//4025 3551//3551 3329//3329
f 2078//2078 3911//3911 1179//1179
f 3143//3143 1606//1606 591//591
f 613//613 2831//2831 625//625
f 3211//3211 3861//3861 1521//1521
f 4096//4096 4118//4118 804//804
f 3882//3882 4050//4050 1796//1796
f 3115//3115 3236//3236 2925//2925
f 883//883 1118//1118 4010//4010
f 1086//1086 1751//1751 3210//3210
f 795//795 2319//2319 2060//2060
f 3145//3145 4122//4122 2496//2496
f 3166//3166 1178//1178 4074//4074
f 1830//1830 558//558 2125//2125
f 2061//2061 4064//4064 2055//2055
f 2912//2912 2446//2446 170//170
f 3597//3597 3268//3268 3691//3691
f 3258//3258 557//557 3106//3106
f 956//956 955//955 957//957
f 3311//3311 1907//1907 2273//2273
f 1136//1136 3672//3672 2512//2512
f 3344//3344 3342//3342 488//488
f 288//288 2827//2827 1482//1482
f 99//99 3975//3975 1094//1094
f 1933//1933 4104//4104 4116//4116
f 1291//1291 1066//1066 576//576
f 3880//3880 47//47 2209//2209
f 1507//1507 953//953 2149//2149
f 1239//1239 1507//1507 2149//2149
f 2039//2039 2508//2508 1619//1619
f 2508//2508 2531//2531 1619//1619
f 1143//1143 2491//2491 599//599
f 1608//1608 179//179 1256//1256
f 724//724 2825//2825 2289//2289
f 2531//2531 2508//2508 237//237
f 2925//2925 1509//1509 1518//1518
f 3115//3115 2925//2925 1518//1518
f 2818//2818 228//228 2955//2955
f 1297//1297 1994//1994 170//170
f 314//314 349//349 4041//4041
f 2922//2922 1509//1509 3862//3862
f 3482//3482 302//302 2823//2823
f 2804//2804 2978//2978 3533//3533
f 810//810 2626//2626 2979//2979
f 2169//2169 3868//3868 1964//1964
f 350//350 3713//3713 1190//1190
f 372//372 514//514 1629//1629
f 1814//1814 766//766 1007//1007
f 3183//3183 1688//1688 1446//1446
f 355//355 256//256 446//446
f 3760//3760 1122//1122 2532//2532
f 779//779 4140//4140 2519//2519
f 4015//4015 10//10 359//359
f 1404//1404 284//284 2714//2714
f 1098//1098 1404//1404 2714//2714
f 3976//3976 2219//2219 2225//2225
f 3792//3792 3396//3396 1761//1761
f 2680//2680 3376//3376 3010//3010
f 782//782 1805//1805 290//290
f 3974//3974 1559//1559 3223//3223
f 2764//2764 2452//2452 1245//1245
f 3083//3083 3088//3088 1755//1755
f 1119//1119 4054//4054 323//323
f 1474//1474 462//462 1468//1468
f 3358//3358 2054//2054 795//795
f 562//562 3791//3791 50//50
f 1894//1894 1029//1029 1169//1169
f 2916//2916 2917//2917 813//813
f 3628//3628 1549//1549 204//204
f 963//963 1051//1051 711//711
f 2235//2235 2081//2081 1197//1197
f 1308//1308 2565//2565 2256//2256
f 659//659 1538//1538 2562//2562
f 4088//4088 3317//3317 1461//1461
f 4104//4104 3203//3203 2507//2507
f 3583//3583 357//357 1191//1191
f 255//255 3345//3345 2362//2362
f 1152//1152 2929//2929 2225//2225
f 3778//3778 3397//3397 3880//3880
f 30//30 3848//3848 1082//1082
f 801//801 1841//1841 2034//2034
f 1571//1571 3046//3046 1108//1108
f 329//329 6//6 1120//1120
f 209//209 2813//2813 964//964
f 3894//3894 2320//2320 970//970
f 1123//1123 2772//2772 3582//3582
f 1124//1124 2192//2192 818//818
f 1122//1122 2624//2624 3896//3896
f 1127//1127 1035//1035 2392//2392
f 2320//2320 237//237 2195//2195
f 3528//3528 2006//2006 2490//2490
f 2052//2052 1729//1729 2286//2286
f 3762//3762 780//780 1058//1058
f 599//599 2537//2537 3130//3130
f 608//608 1138//1138 3529//3529
f 2926//2926 2861//2861 597//597
f 1999//1999 3350//3350 3763//3763
f 1149//1149 29//29 3851//3851
f 2539//2539 3764//3764 2541//2541
f 2006//2006 3528//3528 1626//1626
f 596//596 2490//2490 3763//3763
f 1389//1389 2854//2854 725//725
f 2052//2052 2855//2855 1729//1729
f 3350//3350 3762//3762 1058//1058
f 2856//2856 1867//1867 1627//1627
f 606//606 3462//3462 2200//2200
f 2847//2847 3899//3899 3846//3846
f 2050//2050 2847//2847 975//975
f 273//273 1606//1606 2551//2551
f 3141//3141 2551//2551 3221//3221
f 2552//2552 623//623 2553//2553
f 2229//2229 1155//1155 63//63
f 2230//2230 3949//3949 230//230
f 3971//3971 2934//2934 2139//2139
f 1154//1154 634//634 637//637
f 3877//3877 3906//3906 641//641
f 2862//2862 2556//2556 639//639
f 640//640 1153//1153 2224//2224
f 797//797 2223//2223 3501//3501
f 2222//2222 1151//1151 633//633
f 2226//2226 2555//2555 3110//3110
f 2555//2555 1156//1156 3110//3110
f 1152//1152 2225//2225 2219//2219
f 2556//2556 3255//3255 557//557
f 3110//3110 2792//2792 2226//2226
f 3904//3904 635//635 2187//2187
f 1157//1157 3706//3706 65//65
f 1088//1088 2558//2558 2227//2227
f 2223//2223 2763//2763 3501//3501
f 3255//3255 3902//3902 3707//3707
f 1577//1577 1155//1155 2229//2229
f 1161//1161 645//645 636//636
f 2505//2505 2560//2560 1659//1659
f 641//641 3906//3906 1154//1154
f 2872//2872 2564//2564 652//652
f 1683//1683 2565//2565 2866//2866
f 654//654 1164//1164 1538//1538
f 3808//3808 2634//2634 1162//1162
f 3633//3633 1168//1168 71//71
f 2077//2077 2992//2992 3431//3431
f 1178//1178 1166//1166 1176//1176
f 3724//3724 3294//3294 2371//2371
f 3298//3298 2079//2079 3809//3809
f 1683//1683 1677//1677 3912//3912
f 3991//3991 2074//2074 3165//3165
f 2561//2561 2074//2074 2122//2122
f 1677//1677 2874//2874 3912//3912
f 3955//3955 2567//2567 2566//2566
f 3716//3716 2562//2562 1538//1538
f 3542//3542 1170//1170 1687//1687
f 2572//2572 1164//1164 654//654
f 1680//1680 2567//2567 669//669
f 663//663 1680//1680 669//669
f 1382//1382 1543//1543 1392//1392
f 3947//3947 3541//3541 1175//1175
f 104//104 3172//3172 1312//1312
f 3871//3871 2732//2732 2668//2668
f 1639//1639 1817//1817 3173//3173
f 1118//1118 1274//1274 275//275
f 1840//1840 881//881 103//103
f 3415//3415 327//327 1187//1187
f 3552//3552 2692//2692 3174//3174
f 2244//2244 115//115 3649//3649
f 893//893 4025//4025 4092//4092
f 4020//4020 3984//3984 3179//3179
f 114//114 2243//2243 1727//1727
f 689//689 1282//1282 1023//1023
f 680//680 2259//2259 1327//1327
f 2652//2652 3637//3637 2581//2581
f 1562//1562 3635//3635 2588//2588
f 1316//1316 2426//2426 3831//3831
f 2582//2582 2435//2435 1022//1022
f 2435//2435 3634//3634 1022//1022
f 2585//2585 675//675 3640//3640
f 3491//3491 4060//4060 2577//2577
f 2028//2028 796//796 1800//1800
f 796//796 1020//1020 2578//2578
f 2427//2427 796//796 2578//2578
f 420//420 129//129 1026//1026
f 401//401 1205//1205 1028//1028
f 3634//3634 693//693 3639//3639
f 1800//1800 3635//3635 1562//1562
f 1765//1765 2579//2579 3636//3636
f 694//694 1016//1016 1030//1030
f 692//692 2583//2583 2314//2314
f 2590//2590 3641//3641 2576//2576
f 679//679 1024//1024 1015//1015
f 3640//3640 679//679 1015//1015
f 1973//1973 2435//2435 2582//2582
f 3368//3368 3580//3580 2587//2587
f 692//692 674//674 2583//2583
f 2121//2121 694//694 3768//3768
f 1327//1327 689//689 2483//2483
f 3637//3637 3638//3638 2581//2581
f 911//911 1452//1452 415//415
f 704//704 297//297 1332//1332
f 538//538 830//830 2593//2593
f 700//700 941//941 3129//3129
f 938//938 1697//1697 1899//1899
f 143//143 1069//1069 2099//2099
f 1321//1321 4055//4055 3957//3957
f 700//700 2591//2591 941//941
f 1225//1225 3789//3789 3196//3196
f 297//297 1300//1300 920//920
f 1482//1482 1221//1221 231//231
f 928//928 2091//2091 2277//2277
f 701//701 2598//2598 2599//2599
f 542//542 2596//2596 3026//3026
f 288//288 589//589 787//787
f 4059//4059 2756//2756 2184//2184
f 2602//2602 2805//2805 1278//1278
f 2829//2829 2601//2601 949//949
f 3745//3745 734//734 159//159
f 2149//2149 3662//3662 737//737
f 2755//2755 2603//2603 2460//2460
f 728//728 4105//4105 1002//1002
f 1341//1341 951//951 3659//3659
f 1238//1238 2128//2128 735//735
f 2294//2294 1593//1593 739//739
f 947//947 1554//1554 2829//2829
f 486//486 3660//3660 1246//1246
f 3338//3338 1337//1337 1252//1252
f 1319//1319 991//991 2606//2606
f 488//488 990//990 3574//3574
f 1333//1333 1568//1568 1255//1255
f 1802//1802 490//490 3948//3948
f 2475//2475 1514//1514 3690//3690
f 2472//2472 988//988 2611//2611
f 178//178 504//504 1758//1758
f 749//749 999//999 2324//2324
f 1000//1000 1932//1932 3092//3092
f 1812//1812 1319//1319 2612//2612
f 2309//2309 1261//1261 2609//2609
f 1261//1261 2309//2309 745//745
f 3569//3569 3750//3750 2610//2610
f 2174//2174 2472//2472 2611//2611
f 985//985 1812//1812 278//278
f 4097//4097 1951//1951 1948//1948
f 3759//3759 2804//2804 295//295
f 2897//2897 2734//2734 2730//2730
f 1015//1015 1210//1210 1019//1019
f 3694//3694 1092//1092 2616//2616
f 1076//1076 3701//3701 1189//1189
f 1406//1406 3023//3023 3266//3266
f 277//277 217//217 3391//3391
f 2329//2329 753//753 2914//2914
f 361//361 11//11 902//902
f 1534//1534 1284//1284 3530//3530
f 1814//1814 1810//1810 2930//2930
f 449//449 3731//3731 2782//2782
f 3128//3128 2979//2979 2626//2626
f 3237//3237 2167//2167 3333//3333
f 3625//3625 2713//2713 918//918
f 2753//2753 4056//4056 1278//1278
f 2730//2730 2903//2903 2500//2500
f 1988//1988 1228//1228 1493//1493
f 1844//1844 3221//3221 267//267
f 1637//1637 1629//1629 1634//1634
f 1813//1813 2972//2972 2386//2386
f 2147//2147 3819//3819 2714//2714
f 3819//3819 1098//1098 2714//2714
f 3130//3130 3523//3523 3462//3462
f 2752//2752 3240//3240 945//945
f 1101//1101 2752//2752 945//945
f 4041//4041 4135//4135 453//453
f 2777//2777 1220//1220 1107//1107
f 291//291 1994//1994 3751//3751
f 2233//2233 3650//3650 3488//3488
f 802//802 3548//3548 3914//3914
f 1712//1712 1705//1705 2095//2095
f 1260//1260 3753//3753 3757//3757
f 1996//1996 1260//1260 3757//3757
f 1344//1344 3160//3160 3905//3905
f 3547//3547 94//94 2809//2809
f 3392//3392 3251//3251 48//48
f 1814//1814 3140//3140 621//621
f 293//293 3730//3730 3012//3012
f 2334//2334 2009//2009 1967//1967
f 3862//3862 1509//1509 2925//2925
f 968//968 1456//1456 2669//2669
f 3015//3015 1112//1112 3150//3150
f 2308//2308 3692//3692 169//169
f 3692//3692 2308//2308 3259//3259
f 3751//3751 2115//2115 1954//1954
f 3502//3502 338//338 2042//2042
f 1600//1600 3388//3388 2346//2346
f 574//574 571//571 3425//3425
f 1240//1240 1293//1293 3841//3841
f 2303//2303 1310//1310 2094//2094
f 3624//3624 915//915 3626//3626
f 2284//2284 1276//1276 252//252
f 518//518 1099//1099 1502//1502
f 2054//2054 3601//3601 2644//2644
f 2671//2671 1981//1981 2158//2158
f 365//365 1556//1556 325//325
f 2906//2906 3737//3737 2648//2648
f 2279//2279 4023//4023 3226//3226
f 2507//2507 3781//3781 1099//1099
f 3781//3781 1505//1505 1099//1099
f 3394//3394 234//234 1064//1064
f 2944//2944 2288//2288 1150//1150
f 1285//1285 3131//3131 3993//3993
f 2290//2290 1056//1056 1472//1472
f 557//557 3707//3707 3106//3106
f 440//440 360//360 438//438
f 3579//3579 3869//3869 3380//3380
f 1816//1816 3389//3389 4110//4110
f 1585//1585 3881//3881 3605//3605
f 2234//2234 367//367 2238//2238
f 4064//4064 4068//4068 3161//3161
f 2754//2754 544//544 2655//2655
f 1241//1241 2754//2754 2655//2655
f 2877//2877 3425//3425 571//571
f 421//421 2262//2262 3274//3274
f 3006//3006 2680//2680 1182//1182
f 1948//1948 2544//2544 22//22
f 2768//2768 1979//1979 1054//1054
f 1965//1965 3283//3283 4108//4108
f 3811//3811 257//257 3783//3783
f 1084//1084 775//775 5//5
f 2786//2786 318//318 3951//3951
f 1560//1560 3727//3727 3483//3483
f 2408//2408 2625//2625 3620//3620
f 756//756 3998//3998 3024//3024
f 2663//2663 3231//3231 3785//3785
f 913//913 817//817 919//919
f 2943//2943 3963//3963 1526//1526
f 2799//2799 247//247 882//882
f 358//358 117//117 119//119
f 3202//3202 2349//2349 2918//2918
f 3533//3533 1770//1770 1110//1110
f 3710//3710 3553//3553 1669//1669
f 2027//2027 2493//2493 3811//3811
f 320//320 329//329 1591//1591
f 2947//2947 820//820 2821//2821
f 1063//1063 2024//2024 2131//2131
f 1330//1330 2961//2961 834//834
f 1523//1523 2776//2776 2965//2965
f 3615//3615 1372//1372 1394//1394
f 3333//3333 1090//1090 1311//1311
f 1090//1090 1553//1553 1311//1311
f 3746//3746 3225//3225 168//168
f 366//366 449//449 2782//2782
f 2845//2845 1564//1564 2675//2675
f 1695//1695 3184//3184 3446//3446
f 209//209 856//856 2041//2041
f 654//654 1538//1538 670//670
f 109//109 888//888 110//110
f 2507//2507 4143//4143 3937//3937
f 3781//3781 2507//2507 3937//3937
f 3041//3041 4081//4081 186//186
f 1222//1222 3041//3041 186//186
f 3200//3200 1939//1939 3107//3107
f 2711//2711 3813//3813 2712//2712
f 101//101 1840//1840 2735//2735
f 1896//1896 3191//3191 1017//1017
f 3505//3505 524//524 2937//2937
f 3885//3885 94//94 3007//3007
f 3705//3705 1183//1183 2155//2155
f 2136//2136 2669//2669 2328//2328
f 1792//1792 2573//2573 3119//3119
f 1640//1640 3005//3005 3057//3057
f 2765//2765 855//855 773//773
f 61//61 2686//2686 2016//2016
f 3798//3798 1046//1046 2778//2778
f 2685//2685 1853//1853 70//70
f 1361//1361 58//58 3612//3612
f 1360//1360 3794//3794 339//339
f 3399//3399 66//66 2042//2042
f 61//61 3677//3677 2686//2686
f 2763//2763 3879//3879 2391//2391
f 3797//3797 858//858 3607//3607
f 3507//3507 1848//1848 844//844
f 3797//3797 1369//1369 858//858
f 1369//1369 3799//3799 858//858
f 3218//3218 1853//1853 2685//2685
f 1073//1073 1363//1363 857//857
f 1367//1367 2778//2778 1068//1068
f 2929//2929 2684//2684 859//859
f 2000//2000 2239//2239 902//902
f 1667//1667 3065//3065 2694//2694
f 1665//1665 453//453 2510//2510
f 2400//2400 875//875 570//570
f 85//85 3298//3298 4127//4127
f 2996//2996 874//874 1832//1832
f 2999//2999 3805//3805 2542//2542
f 866//866 2700//2700 2817//2817
f 865//865 661//661 374//374
f 1393//1393 1861//1861 861//861
f 2619//2619 878//878 2700//2700
f 878//878 2817//2817 2700//2700
f 877//877 2705//2705 1396//1396
f 870//870 873//873 1373//1373
f 876//876 1385//1385 2698//2698
f 874//874 2996//2996 1391//1391
f 865//865 2394//2394 2706//2706
f 3803//3803 1987//1987 2697//2697
f 1857//1857 862//862 875//875
f 1392//1392 1866//1866 4128//4128
f 2997//2997 1856//1856 601//601
f 862//862 1378//1378 2401//2401
f 887//887 3813//3813 799//799
f 3121//3121 3137//3137 2707//2707
f 886//886 2803//2803 761//761
f 3356//3356 3811//3811 4067//4067
f 2712//2712 3812//3812 890//890
f 1398//1398 3121//3121 889//889
f 890//890 2711//2711 2712//2712
f 890//890 799//799 2711//2711
f 3636//3636 400//400 3997//3997
f 130//130 904//904 3554//3554
f 3820//3820 1168//1168 3633//3633
f 204//204 4043//4043 2637//2637
f 2715//2715 1769//1769 2348//2348
f 3633//3633 1886//1886 3820//3820
f 2417//2417 1888//1888 396//396
f 1012//1012 3999//3999 916//916
f 1824//1824 3587//3587 1597//1597
f 3625//3625 3120//3120 2713//2713
f 2720//2720 2870//2870 3621//3621
f 2634//2634 2416//2416 1162//1162
f 2147//2147 915//915 1782//1782
f 3275//3275 1407//1407 4071//4071
f 3512//3512 2719//2719 2073//2073
f 1697//1697 3921//3921 688//688
f 1027//1027 825//825 2724//2724
f 3034//3034 680//680 2361//2361
f 1217//1217 3580//3580 2727//2727
f 2585//2585 1019//1019 1430//1430
f 3678//3678 2585//2585 1430//1430
f 1527//1527 1005//1005 1569//1569
f 1029//1029 2722//2722 3823//3823
f 3768//3768 1764//1764 3822//3822
f 2028//2028 1218//1218 1569//1569
f 1417//1417 1025//1025 1206//1206
f 423//423 2884//2884 2726//2726
f 132//132 1909//1909 1018//1018
f 3670//3670 3242//3242 1027//1027
f 694//694 1030//1030 1764//1764
f 2724//2724 3670//3670 1027//1027
f 3768//3768 694//694 1764//1764
f 3769//3769 3770//3770 1212//1212
f 1201//1201 3768//3768 1213//1213
f 1883//1883 1450//1450 1105//1105
f 1437//1437 2586//2586 1438//1438
f 1015//1015 1024//1024 1210//1210
f 3770//3770 1209//1209 1212//1212
f 2429//2429 2146//2146 222//222
f 2575//2575 1005//1005 1527//1527
f 101//101 2735//2735 3316//3316
f 2942//2942 275//275 2018//2018
f 1460//1460 1983//1983 713//713
f 2735//2735 2737//2737 3316//3316
f 2278//2278 3455//3455 3173//3173
f 3914//3914 436//436 2729//2729
f 1454//1454 434//434 709//709
f 2669//2669 1456//1456 2628//2628
f 2326//2326 434//434 1454//1454
f 2278//2278 95//95 712//712
f 2766//2766 2516//2516 1833//1833
f 3553//3553 4092//4092 714//714
f 3915//3915 1467//1467 2280//2280
f 463//463 2280//2280 1468//1468
f 2740//2740 2083//2083 1607//1607
f 4022//4022 900//900 1470//1470
f 454//454 1475//1475 3743//3743
f 3648//3648 459//459 458//458
f 3320//3320 3326//3326 725//725
f 1059//1059 2742//2742 2745//2745
f 256//256 1469//1469 3332//3332
f 1473//1473 3650//3650 3330//3330
f 1949//1949 1197//1197 3918//3918
f 2744//2744 1722//1722 1469//1469
f 3020//3020 3649//3649 3647//3647
f 3647//3647 3649//3649 460//460
f 900//900 3072//3072 716//716
f 3176//3176 462//462 1607//1607
f 1286//1286 1059//1059 2745//2745
f 3779//3779 1286//1286 2745//2745
f 1001//1001 920//920 1226//1226
f 261//261 2748//2748 1478//1478
f 1224//1224 2372//2372 925//925
f 519//519 3695//3695 2596//2596
f 3834//3834 469//469 1489//1489
f 1226//1226 2747//2747 1332//1332
f 2891//2891 935//935 2750//2750
f 927//927 3689//3689 2777//2777
f 924//924 942//942 265//265
f 547//547 922//922 1485//1485
f 2746//2746 3957//3957 1772//1772
f 944//944 1332//1332 2747//2747
f 2442//2442 1476//1476 1233//1233
f 1231//1231 1490//1490 3656//3656
f 1415//1415 1060//1060 1487//1487
f 1332//1332 1001//1001 1226//1226
f 925//925 579//579 1224//1224
f 939//939 1220//1220 1234//1234
f 2750//2750 939//939 1234//1234
f 939//939 1107//1107 1220//1220
f 926//926 944//944 2894//2894
f 1838//1838 935//935 2891//2891
f 2824//2824 2486//2486 1602//1602
f 1278//1278 2805//2805 1506//1506
f 837//837 946//946 1243//1243
f 3050//3050 956//956 957//957
f 2486//2486 1002//1002 1602//1602
f 1246//1246 3660//3660 2148//2148
f 946//946 4056//4056 2753//2753
f 1247//1247 1773//1773 1241//1241
f 1746//1746 3661//3661 736//736
f 3240//3240 2752//2752 2754//2754
f 3934//3934 2915//2915 2296//2296
f 1570//1570 3948//3948 2336//2336
f 1258//1258 3752//3752 3747//3747
f 2609//2609 2925//2925 2613//2613
f 2338//2338 1570//1570 2336//2336
f 746//746 2174//2174 2760//2760
f 989//989 994//994 1516//1516
f 1079//1079 2758//2758 1608//1608
f 2159//2159 1262//1262 999//999
f 2762//2762 988//988 989//989
f 2132//2132 3755//3755 771//771
f 994//994 2759//2759 1516//1516
f 776//776 632//632 56//56
f 3416//3416 290//290 1805//1805
f 794//794 2761//2761 3747//3747
f 817//817 397//397 232//232
f 2317//2317 2516//2516 2766//2766
f 3644//3644 2317//2317 2766//2766
f 3451//3451 1807//1807 4012//4012
f 3348//3348 1845//1845 3605//3605
f 2624//2624 3760//3760 1366//1366
f 2030//2030 1106//1106 3513//3513
f 3605//3605 3881//3881 585//585
f 826//826 2406//2406 389//389
f 3789//3789 3641//3641 478//478
f 3283//3283 1965//1965 2169//2169
f 1646//1646 761//761 556//556
f 3589//3589 3573//3573 506//506
f 3530//3530 2339//2339 1534//1534
f 841//841 3684//3684 3047//3047
f 248//248 776//776 1045//1045
f 2350//2350 3993//3993 1873//1873
f 3952//3952 402//402 1342//1342
f 3261//3261 184//184 2350//2350
f 3495//3495 3112//3112 2560//2560
f 2326//2326 2736//2736 3965//3965
f 2553//2553 1009//1009 2779//2779
f 3284//3284 3100//3100 1043//1043
f 3383//3383 583//583 545//545
f 4115//4115 3122//3122 2956//2956
f 1541//1541 987//987 3754//3754
f 1526//1526 3967//3967 3812//3812
f 3713//3713 4041//4041 1190//1190
f 306//306 313//313 4053//4053
f 1328//1328 3364//3364 2971//2971
f 3018//3018 1663//1663 114//114
f 2448//2448 2912//2912 2452//2452
f 764//764 1900//1900 2337//2337
f 2664//2664 1257//1257 3943//3943
f 711//711 101//101 4083//4083
f 101//101 3316//3316 4083//4083
f 287//287 311//311 2642//2642
f 2328//2328 2669//2669 2628//2628
f 3324//3324 4018//4018 2346//2346
f 166//166 1245//1245 1503//1503
f 1590//1590 2857//2857 2793//2793
f 3492//3492 1590//1590 2793//2793
f 2857//2857 1143//1143 2793//2793
f 391//391 3620//3620 299//299
f 1230//1230 3134//3134 928//928
f 1506//1506 528//528 1278//1278
f 2945//2945 94//94 3547//3547
f 3873//3873 2803//2803 1400//1400
f 2114//2114 3214//3214 2796//2796
f 3146//3146 2839//2839 593//593
f 885//885 2733//2733 3702//3702
f 1292//1292 1609//1609 2645//2645
f 3398//3398 3394//3394 2835//2835
f 1145//1145 3763//3763 2490//2490
f 2464//2464 984//984 3174//3174
f 263//263 2024//2024 3944//3944
f 3863//3863 1608//1608 1256//1256
f 4130//4130 2394//2394 1548//1548
f 2185//2185 3585//3585 2481//2481
f 1334//1334 2459//2459 534//534
f 308//308 2138//2138 3385//3385
f 3021//3021 1404//1404 1596//1596
f 3135//3135 1358//1358 1779//1779
f 3715//3715 1//1 445//445
f 3232//3232 811//811 3675//3675
f 2165//2165 2632//2632 1723//1723
f 3812//3812 3967//3967 2058//2058
f 995//995 2605//2605 1297//1297
f 517//517 3839//3839 807//807
f 1786//1786 3104//3104 2105//2105
f 2938//2938 3064//3064 4//4
f 3778//3778 3880//3880 790//790
f 1684//1684 3911//3911 2078//2078
f 3136//3136 573//573 2650//2650
f 3537//3537 3980//3980 2810//2810
f 3951//3951 346//346 2811//2811
f 3323//3323 2285//2285 2335//2335
f 641//641 838//838 3106//3106
f 137//137 1677//1677 128//128
f 3071//3071 531//531 974//974
f 3758//3758 2812//2812 3735//3735
f 2979//2979 42//42 627//627
f 248//248 4067//4067 776//776
f 3262//3262 536//536 1789//1789
f 3100//3100 3284//3284 45//45
f 3730//3730 18//18 1458//1458
f 3623//3623 187//187 3508//3508
f 2928//2928 4087//4087 13//13
f 2757//2757 2336//2336 811//811
f 3950//3950 3183//3183 3491//3491
f 2111//2111 3280//3280 1279//1279
f 2334//2334 1967//1967 2818//2818
f 1814//1814 621//621 766//766
f 392//392 2187//2187 1657//1657
f 2005//2005 2817//2817 878//878
f 2710//2710 385//385 2672//2672
f 2640//2640 2378//2378 1536//1536
f 95//95 1817//1817 3413//3413
f 108//108 184//184 3261//3261
f 4115//4115 1843//1843 2007//2007
f 3853//3853 793//793 3847//3847
f 891//891 3816//3816 4050//4050
f 2859//2859 1142//1142 2199//2199
f 178//178 1758//1758 530//530
f 3993//3993 1809//1809 1285//1285
f 3787//3787 39//39 35//35
f 755//755 773//773 2842//2842
f 1453//1453 2729//2729 436//436
f 3200//3200 4035//4035 1939//1939
f 2914//2914 2296//2296 2456//2456
f 3207//3207 4037//4037 3204//3204
f 3219//3219 2438//2438 3773//3773
f 3742//3742 1311//1311 1553//1553
f 3668//3668 3568//3568 2614//2614
f 2218//2218 2136//2136 522//522
f 1755//1755 2179//2179 3083//3083
f 3839//3839 2513//2513 807//807
f 2527//2527 2175//2175 3790//3790
f 257//257 2527//2527 3790//3790
f 3251//3251 2807//2807 45//45
f 1605//1605 3261//3261 107//107
f 3081//3081 1761//1761 1816//1816
f 314//314 1565//1565 1268//1268
f 2218//2218 522//522 3964//3964
f 1257//1257 3667//3667 2313//2313
f 2838//2838 805//805 2013//2013
f 2207//2207 1078//1078 3392//3392
f 2661//2661 563//563 3124//3124
f 1064//1064 1048//1048 1093//1093
f 537//537 3096//3096 1955//1955
f 2835//2835 3394//3394 1113//1113
f 3394//3394 1064//1064 1113//1113
f 1555//1555 1078//1078 2207//2207
f 40//40 3398//3398 2835//2835
f 3147//3147 1129//1129 1123//1123
f 2940//2940 2840//2840 1803//1803
f 2532//2532 1623//1623 3760//3760
f 3578//3578 3895//3895 2042//2042
f 237//237 1619//1619 2531//2531
f 2320//2320 3894//3894 237//237
f 2376//2376 2033//2033 15//15
f 15//15 2194//2194 2376//2376
f 846//846 3147//3147 1123//1123
f 3760//3760 2624//2624 1122//1122
f 370//370 1149//1149 3075//3075
f 666//666 2046//2046 383//383
f 1630//1630 2044//2044 1147//1147
f 3371//3371 2860//2860 1145//1145
f 1634//1634 1629//1629 514//514
f 3898//3898 1856//1856 1146//1146
f 1590//1590 3492//3492 3953//3953
f 4125//4125 380//380 974//974
f 531//531 4125//4125 974//974
f 3991//3991 3075//3075 1627//1627
f 2859//2859 3897//3897 595//595
f 2649//2649 2851//2851 2780//2780
f 2853//2853 3485//3485 2538//2538
f 2849//2849 3581//3581 2858//2858
f 603//603 2197//2197 2404//2404
f 2197//2197 2043//2043 2404//2404
f 2543//2543 1397//1397 2540//2540
f 609//609 4058//4058 610//610
f 1632//1632 1144//1144 3329//3329
f 1638//1638 604//604 2854//2854
f 2858//2858 3157//3157 2848//2848
f 1548//1548 1637//1637 3764//3764
f 1637//1637 1634//1634 3764//3764
f 2848//2848 2849//2849 2858//2858
f 1340//1340 3371//3371 1145//1145
f 375//375 29//29 2701//2701
f 2410//2410 1088//1088 4051//4051
f 1151//1151 3255//3255 2862//2862
f 1646//1646 640//640 645//645
f 394//394 52//52 632//632
f 3535//3535 185//185 1657//1657
f 3904//3904 392//392 636//636
f 3706//3706 1655//1655 65//65
f 2864//2864 2410//2410 4051//4051
f 1577//1577 4063//4063 1155//1155
f 190//190 3706//3706 1157//1157
f 4136//4136 3903//3903 2792//2792
f 815//815 4136//4136 2792//2792
f 1151//1151 2863//2863 3255//3255
f 2644//2644 1152//1152 2054//2054
f 392//392 1161//1161 636//636
f 3167//3167 1413//1413 1174//1174
f 1172//1172 1768//1768 657//657
f 2067//2067 2561//2561 3989//3989
f 3908//3908 1676//1676 3989//3989
f 3818//3818 3908//3908 3807//3807
f 3996//3996 662//662 1863//1863
f 1178//1178 3166//3166 649//649
f 2495//2495 3170//3170 1102//1102
f 1686//1686 2567//2567 1680//1680
f 655//655 2879//2879 3720//3720
f 3725//3725 1679//1679 2867//2867
f 1173//1173 2076//2076 3718//3718
f 233//233 3818//3818 3807//3807
f 1177//1177 2867//2867 1552//1552
f 1687//1687 2078//2078 1179//1179
f 2257//2257 2571//2571 3168//3168
f 92//92 74//74 2870//2870
f 3724//3724 2371//2371 3170//3170
f 1674//1674 3907//3907 2997//2997
f 3721//3721 3910//3910 3246//3246
f 187//187 1382//1382 2868//2868
f 912//912 2878//2878 1164//1164
f 370//370 3165//3165 868//868
f 3166//3166 3723//3723 649//649
f 3629//3629 667//667 3718//3718
f 405//405 1863//1863 3802//3802
f 1418//1418 1823//1823 2882//2882
f 2889//2889 1764//1764 2887//2887
f 1210//1210 1024//1024 1428//1428
f 1216//1216 1698//1698 2887//2887
f 1436//1436 1207//1207 2727//2727
f 2146//2146 3999//3999 2665//2665
f 1203//1203 3222//3222 2593//2593
f 1420//1420 414//414 1696//1696
f 1033//1033 2886//2886 1214//1214
f 1105//1105 1450//1450 1439//1439
f 1441//1441 1202//1202 1418//1418
f 137//137 2354//2354 1424//1424
f 1012//1012 1431//1431 152//152
f 1764//1764 1216//1216 2887//2887
f 1212//1212 1433//1433 2886//2886
f 1215//1215 1569//1569 2651//2651
f 578//578 688//688 3031//3031
f 1823//1823 2884//2884 2882//2882
f 686//686 3219//3219 3439//3439
f 2722//2722 415//415 3823//3823
f 3822//3822 1764//1764 2889//2889
f 3670//3670 3830//3830 3826//3826
f 1234//1234 3040//3040 1495//1495
f 3042//3042 1485//1485 1491//1491
f 2372//2372 1270//1270 1494//1494
f 1493//1493 2372//2372 1494//1494
f 3931//3931 1497//1497 3928//3928
f 3772//3772 1232//1232 1705//1705
f 3040//3040 1234//1234 2890//2890
f 1488//1488 2891//2891 1495//1495
f 2746//2746 515//515 2477//2477
f 2748//2748 784//784 1478//1478
f 2748//2748 266//266 784//784
f 1232//1232 1478//1478 2893//2893
f 3129//3129 1483//1483 1708//1708
f 1235//1235 1492//1492 1222//1222
f 2001//2001 936//936 1222//1222
f 1219//1219 3772//3772 1712//1712
f 1230//1230 3516//3516 3199//3199
f 820//820 2898//2898 2821//2821
f 1462//1462 2895//2895 2896//2896
f 2897//2897 2730//2730 2500//2500
f 1329//1329 4085//4085 3317//3317
f 1325//1325 1457//1457 965//965
f 3945//3945 207//207 2278//2278
f 1729//1729 4020//4020 2286//2286
f 4020//4020 3074//3074 798//798
f 720//720 1722//1722 2904//2904
f 722//722 3575//3575 3462//3462
f 2632//2632 3970//3970 2905//2905
f 725//725 983//983 2196//2196
f 715//715 898//898 1729//1729
f 4095//4095 1097//1097 3327//3327
f 3462//3462 3575//3575 2200//2200
f 1724//1724 3377//3377 1837//1837
f 3075//3075 1464//1464 1473//1473
f 2632//2632 2165//2165 1291//1291
f 252//252 1276//1276 2467//2467
f 1471//1471 3739//3739 2201//2201
f 3328//3328 4026//4026 2909//2909
f 4019//4019 4027//4027 4091//4091
f 3852//3852 3920//3920 2907//2907
f 3961//3961 1198//1198 21//21
f 3181//3181 3549//3549 1735//1735
f 1588//1588 4022//4022 3073//3073
f 960//960 1499//1499 512//512
f 2910//2910 1602//1602 4117//4117
f 2315//2315 553//553 3837//3837
f 1251//1251 1535//1535 3481//3481
f 1242//1242 1504//1504 3936//3936
f 1238//1238 192//192 2913//2913
f 2448//2448 2446//2446 2912//2912
f 1505//1505 2916//2916 528//528
f 2916//2916 1278//1278 528//528
f 2513//2513 2152//2152 807//807
f 953//953 1507//1507 1345//1345
f 3588//3588 807//807 2152//2152
f 3839//3839 2911//2911 2513//2513
f 3045//3045 1504//1504 1501//1501
f 952//952 2011//2011 4103//4103
f 3859//3859 1516//1516 1544//1544
f 2921//2921 3856//3856 2820//2820
f 3941//3941 2159//2159 2970//2970
f 1519//1519 1509//1509 2922//2922
f 1544//1544 3856//3856 2921//2921
f 1040//1040 1515//1515 1521//1521
f 771//771 3857//3857 1522//1522
f 3856//3856 1077//1077 2820//2820
f 3281//3281 990//990 1063//1063
f 3579//3579 1062//1062 3869//3869
f 3768//3768 1201//1201 2588//2588
f 1960//1960 1086//1086 3210//3210
f 4116//4116 4031//4031 1933//1933
f 2699//2699 2996//2996 1832//1832
f 194//194 3586//3586 2080//2080
f 3498//3498 1036//1036 2527//2527
f 2185//2185 1576//1576 3585//3585
f 2177//2177 3250//3250 2642//2642
f 2490//2490 2006//2006 1631//1631
f 1631//1631 2006//2006 2545//2545
f 355//355 446//446 7//7
f 195//195 803//803 2012//2012
f 1268//1268 349//349 314//314
f 328//328 432//432 1182//1182
f 2098//2098 4081//4081 2775//2775
f 3419//3419 390//390 2066//2066
f 209//209 1617//1617 856//856
f 2445//2445 3663//3663 2143//2143
f 2837//2837 1581//1581 253//253
f 311//311 3890//3890 523//523
f 427//427 1557//1557 1305//1305
f 3475//3475 167//167 489//489
f 3696//3696 4110//4110 2138//2138
f 498//498 174//174 179//179
f 313//313 3889//3889 590//590
f 366//366 3150//3150 449//449
f 2101//2101 161//161 3043//3043
f 1001//1001 1332//1332 297//297
f 2228//2228 2689//2689 855//855
f 3811//3811 762//762 4067//4067
f 2336//2336 3948//3948 3355//3355
f 2457//2457 3499//3499 1773//1773
f 3300//3300 91//91 80//80
f 566//566 2256//2256 80//80
f 91//91 566//566 80//80
f 2912//2912 170//170 1994//1994
f 910//910 907//907 2714//2714
f 585//585 810//810 2979//2979
f 2124//2124 1617//1617 3146//3146
f 3417//3417 2816//2816 2127//2127
f 3605//3605 1845//1845 1585//1585
f 116//116 6//6 347//347
f 4061//4061 257//257 3790//3790
f 2710//2710 1067//1067 385//385
f 2923//2923 3247//3247 2950//2950
f 3223//3223 3142//3142 267//267
f 2279//2279 2283//2283 4023//4023
f 1442//1442 2937//2937 1900//1900
f 1074//1074 341//341 2035//2035
f 2135//2135 3457//3457 3152//3152
f 277//277 1106//1106 225//225
f 2822//2822 3942//3942 1515//1515
f 3079//3079 2367//2367 3212//3212
f 1941//1941 964//964 2813//2813
f 3620//3620 891//891 299//299
f 2608//2608 991//991 3668//3668
f 3211//3211 4114//4114 1985//1985
f 999//999 1262//1262 2324//2324
f 2446//2446 3481//3481 1535//1535
f 2031//2031 357//357 1317//1317
f 2653//2653 609//609 384//384
f 3182//3182 3982//3982 2693//2693
f 617//617 4048//4048 613//613
f 886//886 1400//1400 2803//2803
f 3759//3759 2978//2978 2804//2804
f 3585//3585 4144//4144 2481//2481
f 3679//3679 3444//3444 3443//3443
f 2941//2941 1000//1000 2475//2475
f 2062//2062 4062//4062 815//815
f 488//488 3342//3342 226//226
f 254//254 285//285 2965//2965
f 787//787 589//589 4036//4036
f 2978//2978 2387//2387 1770//1770
f 3580//3580 1217//1217 2587//2587
f 2173//2173 3380//3380 1799//1799
f 1386//1386 1987//1987 1387//1387
f 2332//2332 33//33 2771//2771
f 33//33 253//253 2771//2771
f 2978//2978 1770//1770 3533//3533
f 1992//1992 2975//2975 2976//2976
f 2787//2787 3596//3596 2975//2975
f 3105//3105 1267//1267 2029//2029
f 1304//1304 2982//2982 2981//2981
f 3890//3890 2977//2977 3891//3891
f 1110//1110 1770//1770 3596//3596
f 1298//1298 1358//1358 3135//3135
f 1267//1267 3105//3105 537//537
f 264//264 308//308 3385//3385
f 1992//1992 2787//2787 2975//2975
f 1275//1275 308//308 2980//2980
f 1854//1854 3981//3981 3978//3978
f 2221//2221 3677//3677 61//61
f 3979//3979 2990//2990 3797//3797
f 1368//1368 69//69 1365//1365
f 51//51 52//52 2183//2183
f 1046//1046 3979//3979 541//541
f 60//60 1363//1363 1073//1073
f 1848//1848 59//59 1366//1366
f 2228//2228 3292//3292 3125//3125
f 1551//1551 1065//1065 4045//4045
f 2763//2763 2391//2391 2344//2344
f 3798//3798 3979//3979 1046//1046
f 660//660 3899//3899 2050//2050
f 3808//3808 1162//1162 2368//2368
f 86//86 1385//1385 876//876
f 2251//2251 3001//3001 368//368
f 871//871 73//73 2398//2398
f 1858//1858 3293//3293 872//872
f 2247//2247 2993//2993 3299//3299
f 3296//3296 3986//3986 1397//1397
f 868//868 74//74 3616//3616
f 2996//2996 1870//1870 2995//2995
f 3990//3990 1386//1386 1375//1375
f 93//93 1861//1861 1393//1393
f 916//916 2871//2871 863//863
f 1860//1860 2855//2855 2052//2052
f 83//83 86//86 876//876
f 656//656 1633//1633 2992//2992
f 1039//1039 1870//1870 1386//1386
f 3990//3990 1039//1039 1386//1386
f 1395//1395 3776//3776 2619//2619
f 373//373 407//407 3985//3985
f 1388//1388 2561//2561 1867//1867
f 3506//3506 1868//1868 1871//1871
f 87//87 1869//1869 879//879
f 1864//1864 87//87 879//879
f 71//71 865//865 2706//2706
f 1389//1389 869//869 1862//1862
f 3989//3989 2561//2561 1388//1388
f 3908//3908 3989//3989 3874//3874
f 831//831 83//83 876//876
f 2364//2364 2253//2253 281//281
f 652//652 2564//2564 1372//1372
f 3804//3804 75//75 2202//2202
f 601//601 3295//3295 2997//2997
f 3616//3616 74//74 2701//2701
f 3510//3510 2353//2353 1121//1121
f 3700//3700 1116//1116 3728//3728
f 324//324 321//321 3003//3003
f 3054//3054 1189//1189 1117//1117
f 3056//3056 102//102 322//322
f 3705//3705 3319//3319 885//885
f 1640//1640 435//435 3496//3496
f 326//326 3543//3543 3958//3958
f 109//109 1400//1400 888//888
f 3963//3963 3013//3013 2709//2709
f 3262//3262 1789//1789 1995//1995
f 2492//2492 3498//3498 191//191
f 2693//2693 351//351 9//9
f 342//342 3603//3603 3672//3672
f 342//342 3672//3672 842//842
f 3672//3672 3603//3603 2512//2512
f 359//359 10//10 348//348
f 347//347 1192//1192 893//893
f 323//323 3152//3152 3062//3062
f 441//441 3510//3510 319//319
f 3020//3020 454//454 1131//1131
f 4025//4025 2241//2241 3551//3551
f 2574//2574 1132//1132 3178//3178
f 1673//1673 1669//1669 3575//3575
f 2487//2487 2875//2875 1681//1681
f 2420//2420 1876//1876 1402//1402
f 395//395 404//404 2264//2264
f 1413//1413 911//911 2722//2722
f 2875//2875 2487//2487 2423//2423
f 3264//3264 1169//1169 3883//3883
f 3248//3248 218//218 3021//3021
f 1596//1596 1409//1409 1797//1797
f 1883//1883 2070//2070 4004//4004
f 2725//2725 2414//2414 3630//3630
f 3996//3996 414//414 2873//2873
f 1880//1880 2870//2870 2720//2720
f 2718//2718 3621//3621 2716//2716
f 779//779 1412//1412 4140//4140
f 1765//1765 3997//3997 2359//2359
f 1888//1888 271//271 4074//4074
f 2875//2875 2423//2423 3630//3630
f 3239//3239 1884//1884 3788//3788
f 1893//1893 2723//2723 2069//2069
f 3669//3669 4140//4140 1412//1412
f 2263//2263 1405//1405 3427//3427
f 3623//3623 2426//2426 1543//1543
f 3998//3998 2622//2622 2171//2171
f 4003//4003 128//128 2429//2429
f 2268//2268 1407//1407 3275//3275
f 1401//1401 2422//2422 2639//2639
f 3193//3193 2953//2953 1431//1431
f 2883//2883 3828//3828 1700//1700
f 3025//3025 1433//1433 1692//1692
f 3030//3030 2361//2361 3185//3185
f 3229//3229 1204//1204 564//564
f 3829//3829 3313//3313 1539//1539
f 4001//4001 1429//1429 1905//1905
f 3028//3028 1028//1028 3189//3189
f 1415//1415 681//681 1449//1449
f 2316//2316 3252//3252 3035//3035
f 3029//3029 2586//2586 3924//3924
f 1692//1692 1419//1419 3186//3186
f 2314//2314 1443//1443 1011//1011
f 3187//3187 578//578 3031//3031
f 3828//3828 1324//1324 1700//1700
f 1694//1694 1430//1430 1902//1902
f 1430//1430 1421//1421 1902//1902
f 2882//2882 1699//1699 1432//1432
f 2882//2882 1451//1451 1699//1699
f 1419//1419 1432//1432 3186//3186
f 1214//1214 2886//2886 3025//3025
f 3183//3183 1446//1446 3491//3491
f 1433//1433 1419//1419 1692//1692
f 3927//3927 1718//1718 1716//1716
f 3927//3927 2660//2660 1718//1718
f 1704//1704 2356//2356 4028//4028
f 3039//3039 3773//3773 3932//3932
f 3127//3127 1915//1915 3563//3563
f 1060//1060 3127//3127 3563//3563
f 4029//4029 1491//1491 3036//3036
f 1703//1703 1488//1488 3037//3037
f 929//929 2458//2458 3379//3379
f 1484//1484 1911//1911 1711//1711
f 2893//2893 1478//1478 3336//3336
f 1706//1706 3929//3929 1336//1336
f 1497//1497 1715//1715 3928//3928
f 3929//3929 1477//1477 1717//1717
f 2798//2798 265//265 921//921
f 2356//2356 1233//1233 4028//4028
f 1484//1484 269//269 1911//1911
f 940//940 929//929 3379//3379
f 3202//3202 1249//1249 1747//1747
f 1249//1249 3936//3936 1747//1747
f 518//518 1748//1748 1099//1099
f 3044//3044 3048//3048 1744//1744
f 2329//2329 742//742 2620//2620
f 1345//1345 1742//1742 1744//1744
f 2315//2315 3051//3051 553//553
f 170//170 2446//2446 1535//1535
f 2784//2784 2670//2670 4143//4143
f 1345//1345 553//553 1742//1742
f 4035//4035 3044//3044 1587//1587
f 2918//2918 1249//1249 3202//3202
f 3700//3700 357//357 1981//1981
f 1981//1981 2671//2671 548//548
f 2811//2811 3503//3503 1972//1972
f 8//8 3057//3057 3005//3005
f 96//96 3954//3954 1591//1591
f 1644//1644 1339//1339 1528//1528
f 3702//3702 351//351 1338//1338
f 3975//3975 330//330 3052//3052
f 347//347 6//6 329//329
f 3482//3482 3008//3008 3413//3413
f 1339//1339 3413//3413 3008//3008
f 330//330 431//431 3052//3052
f 1456//1456 1125//1125 962//962
f 17//17 1089//1089 832//832
f 357//357 1556//1556 1317//1317
f 3714//3714 4041//4041 349//349
f 2830//2830 3459//3459 1672//1672
f 2082//2082 2233//2233 10//10
f 3461//3461 1133//1133 120//120
f 1672//1672 540//540 3711//3711
f 453//453 2242//2242 1134//1134
f 447//447 437//437 2691//2691
f 3151//3151 443//443 2692//2692
f 442//442 3672//3672 1136//1136
f 362//362 3063//3063 1194//1194
f 3878//3878 2135//2135 343//343
f 358//358 119//119 3598//3598
f 325//325 1130//1130 365//365
f 1670//1670 4//4 3064//3064
f 2476//2476 114//114 352//352
f 1130//1130 356//356 363//363
f 2239//2239 361//361 902//902
f 3017//3017 851//851 2574//2574
f 111//111 120//120 1133//1133
f 3017//3017 3459//3459 851//851
f 437//437 1//1 3715//3715
f 978//978 2196//2196 983//983
f 2850//2850 3464//3464 604//604
f 3330//3330 2856//2856 1627//1627
f 3645//3645 380//380 1475//1475
f 3074//3074 1588//1588 607//607
f 793//793 3853//3853 1945//1945
f 2048//2048 718//718 3901//3901
f 2160//2160 3847//3847 3233//3233
f 3847//3847 793//793 3076//3076
f 2537//2537 3850//3850 3523//3523
f 2470//2470 1952//1952 3077//3077
f 3071//3071 979//979 2204//2204
f 3852//3852 2907//2907 2856//2856
f 1974//1974 1510//1510 3940//3940
f 1752//1752 1754//1754 3086//3086
f 3091//3091 1752//1752 3086//3086
f 1517//1517 2370//2370 3940//3940
f 3942//3942 2822//2822 2969//2969
f 1522//1522 2322//2322 1760//1760
f 1517//1517 3210//3210 2370//2370
f 2610//2610 3944//3944 2024//2024
f 2322//2322 1522//1522 3857//3857
f 3087//3087 2950//2950 1759//1759
f 2762//2762 989//989 223//223
f 4091//4091 2540//2540 598//598
f 3323//3323 3331//3331 2283//2283
f 1828//1828 133//133 3095//3095
f 2981//2981 2982//2982 2384//2384
f 3282//3282 2009//2009 2334//2334
f 1793//1793 3282//3282 2334//2334
f 3684//3684 1802//1802 3047//3047
f 3248//3248 4000//4000 1881//1881
f 4016//4016 1200//1200 364//364
f 2157//2157 1742//1742 3051//3051
f 2360//2360 3393//3393 562//562
f 3393//3393 3390//3390 562//562
f 3972//3972 621//621 2553//2553
f 1636//1636 2402//2402 2405//2405
f 352//352 3598//3598 2476//2476
f 1568//1568 1333//1333 4036//4036
f 727//727 3050//3050 3497//3497
f 1832//1832 3614//3614 1774//1774
f 1605//1605 2258//2258 3994//3994
f 1786//1786 3786//3786 1982//1982
f 3752//3752 3754//3754 987//987
f 3600//3600 251//251 4088//4088
f 785//785 3864//3864 3357//3357
f 3394//3394 3398//3398 234//234
f 624//624 1601//1601 629//629
f 2568//2568 3716//3716 1171//1171
f 2413//2413 2053//2053 781//781
f 1647//1647 2127//2127 4065//4065
f 3543//3543 2901//2901 3545//3545
f 1289//1289 3627//3627 2358//2358
f 3895//3895 3125//3125 3399//3399
f 4101//4101 3205//3205 3107//3107
f 739//739 3571//3571 3049//3049
f 2791//2791 2478//2478 854//854
f 2177//2177 1356//1356 1351//1351
f 1087//1087 4043//4043 2713//2713
f 808//808 1951//1951 1734//1734
f 186//186 2298//2298 2805//2805
f 2443//2443 1924//1924 2503//2503
f 3837//3837 1507//1507 1239//1239
f 251//251 3611//3611 2144//2144
f 3836//3836 3844//3844 1293//1293
f 455//455 598//598 3529//3529
f 4077//4077 1911//1911 2802//2802
f 1911//1911 160//160 2802//2802
f 2639//2639 3821//3821 1401//1401
f 3333//3333 1311//1311 4024//4024
f 311//311 287//287 3890//3890
f 758//758 3484//3484 227//227
f 1480//1480 3933//3933 1920//1920
f 324//324 3003//3003 3700//3700
f 554//554 3528//3528 2949//2949
f 3528//3528 596//596 2949//2949
f 3695//3695 3026//3026 2596//2596
f 2469//2469 804//804 981//981
f 3142//3142 1559//1559 3133//3133
f 2228//2228 3125//3125 2689//2689
f 3651//3651 1286//1286 2327//2327
f 3469//3469 3946//3946 2108//2108
f 1118//1118 430//430 4010//4010
f 963//963 2962//2962 1051//1051
f 485//485 742//742 2329//2329
f 1808//1808 1781//1781 2374//2374
f 3642//3642 4085//4085 712//712
f 435//435 3456//3456 2731//2731
f 3422//3422 897//897 4026//4026
f 3337//3337 4078//4078 2096//2096
f 2070//2070 1410//1410 4004//4004
f 628//628 2550//2550 3143//3143
f 1315//1315 1844//1844 3141//3141
f 612//612 628//628 3143//3143
f 2550//2550 620//620 2552//2552
f 3973//3973 3972//3972 2553//2553
f 1826//1826 1578//1578 1071//1071
f 4052//4052 2042//2042 338//338
f 1032//1032 801//801 3147//3147
f 801//801 4122//4122 3147//3147
f 2039//2039 1619//1619 2673//2673
f 3406//3406 4119//4119 4121//4121
f 2036//2036 1301//1301 1803//1803
f 1301//1301 4121//4121 1803//1803
f 1622//1622 3149//3149 3405//3405
f 4120//4120 332//332 3968//3968
f 334//334 3760//3760 1623//1623
f 3968//3968 2673//2673 1619//1619
f 3956//3956 4120//4120 580//580
f 339//339 2036//2036 1124//1124
f 4122//4122 3145//3145 3220//3220
f 3405//3405 339//339 1622//1622
f 1841//1841 801//801 1032//1032
f 1368//1368 334//334 1623//1623
f 4119//4119 282//282 1841//1841
f 3145//3145 3956//3956 580//580
f 3401//3401 2673//2673 3968//3968
f 452//452 2236//2236 3139//3139
f 3460//3460 1132//1132 2574//2574
f 2231//2231 3153//3153 452//452
f 3153//3153 3065//3065 3686//3686
f 359//359 1776//1776 4015//4015
f 2398//2398 73//73 1628//1628
f 3806//3806 2052//2052 2286//2286
f 2049//2049 2649//2649 3371//3371
f 3991//3991 370//370 3075//3075
f 379//379 1630//1630 3897//3897
f 1548//1548 2394//2394 1637//1637
f 2994//2994 4126//4126 1628//1628
f 2403//2403 3409//3409 3581//3581
f 3154//3154 379//379 3897//3897
f 1146//1146 1856//1856 3410//3410
f 3407//3407 3155//3155 2649//2649
f 1392//1392 4128//4128 977//977
f 1635//1635 4130//4130 1548//1548
f 233//233 2850//2850 604//604
f 2993//2993 3527//3527 1138//1138
f 2547//2547 1392//1392 977//977
f 1374//1374 81//81 3525//3525
f 3408//3408 2545//2545 1626//1626
f 1651//1651 3163//3163 3158//3158
f 1653//1653 2056//2056 3163//3163
f 386//386 1654//1654 1655//1655
f 393//393 815//815 3159//3159
f 2066//2066 2145//2145 4065//4065
f 1819//1819 1037//1037 4063//4063
f 3158//3158 2057//2057 1656//1656
f 2064//2064 389//389 1156//1156
f 1651//1651 3158//3158 1656//1656
f 1159//1159 2059//2059 3162//3162
f 4068//4068 190//190 1650//1650
f 4066//4066 761//761 1646//1646
f 1648//1648 1997//1997 1159//1159
f 1088//1088 2407//2407 642//642
f 2061//2061 1655//1655 190//190
f 4068//4068 2061//2061 190//190
f 1658//1658 4062//4062 1653//1653
f 4062//4062 2062//2062 1653//1653
f 2145//2145 4064//4064 3161//3161
f 2061//2061 386//386 1655//1655
f 4066//4066 1646//1646 3164//3164
f 386//386 1648//1648 1654//1654
f 2257//2257 2869//2869 668//668
f 574//574 2954//2954 1768//1768
f 3724//3724 4072//4072 1984//1984
f 74//74 2716//2716 3621//3621
f 574//574 1768//1768 571//571
f 1894//1894 1169//1169 1174//1174
f 3166//3166 4074//4074 2563//2563
f 1984//1984 4069//4069 2865//2865
f 1675//1675 1679//1679 3426//3426
f 400//400 2997//2997 3295//3295
f 1169//1169 1862//1862 869//869
f 396//396 4074//4074 1178//1178
f 95//95 1641//1641 712//712
f 2732//2732 3871//3871 2003//2003
f 3871//3871 2573//2573 2003//2003
f 551//551 106//106 97//97
f 3415//3415 1187//1187 3643//3643
f 2738//2738 2945//2945 3547//3547
f 2737//2737 103//103 1188//1188
f 104//104 3173//3173 1463//1463
f 2739//2739 3411//3411 1643//1643
f 3916//3916 1199//1199 3176//3176
f 3182//3182 1673//1673 722//722
f 111//111 1195//1195 4022//4022
f 2082//2082 3330//3330 3650//3650
f 1200//1200 3650//3650 1464//1464
f 2744//2744 3917//3917 1722//1722
f 4019//4019 1194//1194 2293//2293
f 903//903 463//463 1199//1199
f 3551//3551 454//454 3743//3743
f 2026//2026 113//113 3288//3288
f 3303//3303 532//532 3695//3695
f 2276//2276 153//153 1017//1017
f 3926//3926 4002//4002 2597//2597
f 4131//4131 2883//2883 1895//1895
f 1539//1539 3313//3313 198//198
f 151//151 2883//2883 1700//1700
f 1423//1423 2597//2597 4002//4002
f 3301//3301 1895//1895 151//151
f 1895//1895 2883//2883 151//151
f 1324//1324 3027//3027 1908//1908
f 1690//1690 1701//1701 3310//3310
f 4006//4006 3191//3191 3305//3305
f 1421//1421 4007//4007 1902//1902
f 2438//2438 3303//3303 3771//3771
f 1417//1417 4134//4134 1443//1443
f 3829//3829 3923//3923 2087//2087
f 3311//3311 3035//3035 1907//1907
f 1701//1701 4047//4047 3310//3310
f 3035//3035 2646//2646 142//142
f 3027//3027 1903//1903 2092//2092
f 1692//1692 3186//3186 3304//3304
f 3825//3825 2576//2576 3187//3187
f 1476//1476 1496//1496 1919//1919
f 1494//1494 3334//3334 1929//1929
f 1923//1923 1719//1719 2333//2333
f 4028//4028 1710//1710 3195//3195
f 4029//4029 1928//1928 4079//4079
f 286//286 1719//1719 1923//1923
f 1091//1091 940//940 950//950
f 921//921 950//950 2798//2798
f 1928//1928 1711//1711 229//229
f 3929//3929 3782//3782 1918//1918
f 1336//1336 3929//3929 1918//1918
f 1224//1224 1708//1708 2529//2529
f 3199//3199 1706//1706 821//821
f 4081//4081 3042//3042 4029//4029
f 1486//1486 1916//1916 1914//1914
f 1270//1270 1921//1921 510//510
f 1703//1703 521//521 2333//2333
f 1718//1718 1988//1988 1929//1929
f 1715//1715 165//165 1917//1917
f 3930//3930 1593//1593 2294//2294
f 1911//1911 1719//1719 286//286
f 3038//3038 3043//3043 730//730
f 4037//4037 4032//4032 3204//3204
f 1747//1747 1743//1743 3786//3786
f 4033//4033 1935//1935 4031//4031
f 1251//1251 1938//1938 4038//4038
f 1742//1742 2157//2157 4100//4100
f 1743//1743 1749//1749 3786//3786
f 168//168 3225//3225 3338//3338
f 4117//4117 1574//1574 1266//1266
f 4033//4033 3200//3200 3205//3205
f 2142//2142 4114//4114 1966//1966
f 3211//3211 1985//1985 3861//3861
f 3681//3681 2801//2801 3209//3209
f 2131//2131 1953//1953 3281//3281
f 3211//3211 1966//1966 4114//4114
f 1962//1962 2769//2769 778//778
f 1976//1976 272//272 3366//3366
f 272//272 3122//3122 3366//3366
f 3215//3215 1536//1536 1255//1255
f 3366//3366 3209//3209 2801//2801
f 1074//1074 3884//3884 3495//3495
f 3880//3880 3793//3793 47//47
f 3861//3861 1985//1985 44//44
f 1830//1830 2689//2689 3125//3125
f 2208//2208 1355//1355 4053//4053
f 1697//1697 147//147 3921//3921
f 2695//2695 4019//4019 1668//1668
f 4023//4023 2318//2318 3226//3226
f 218//218 3599//3599 1597//1597
f 3608//3608 2989//2989 3534//3534
f 736//736 731//731 3744//3744
f 3514//3514 1826//1826 2960//2960
f 3995//3995 3815//3815 1038//1038
f 4083//4083 963//963 711//711
f 1670//1670 3064//3064 1469//1469
f 2461//2461 106//106 551//551
f 513//513 3286//3286 3235//3235
f 3393//3393 2138//2138 1354//1354
f 3249//3249 402//402 399//399
f 210//210 2913//2913 2499//2499
f 2019//2019 1292//1292 1284//1284
f 4021//4021 3693//3693 1472//1472
f 2462//2462 1125//1125 2844//2844
f 2151//2151 3468//3468 2311//2311
f 2836//2836 2485//2485 260//260
f 3058//3058 1118//1118 1186//1186
f 3694//3694 637//637 1092//1092
f 3992//3992 803//803 3416//3416
f 3976//3976 774//774 2219//2219
f 4053//4053 313//313 840//840
f 1872//1872 573//573 3136//3136
f 3385//3385 2138//2138 3098//3098
f 273//273 2933//2933 591//591
f 2933//2933 196//196 591//591
f 3819//3819 1782//1782 3245//3245
f 2807//2807 1555//1555 2119//2119
f 2336//2336 2757//2757 2338//2338
f 1071//1071 3604//3604 3513//3513
f 717//717 979//979 3071//3071
f 228//228 2661//2661 3124//3124
f 3495//3495 230//230 3112//3112
f 2560//2560 54//54 3495//3495
f 2516//2516 2325//2325 241//241
f 1273//1273 1801//1801 1087//1087
f 795//795 2060//2060 2770//2770
f 3417//3417 2127//2127 2057//2057
f 2323//2323 1839//1839 2631//2631
f 3645//3645 3647//3647 974//974
f 2955//2955 2837//2837 253//253
f 3290//3290 2955//2955 253//253
f 3160//3160 3775//3775 555//555
f 260//260 2485//2485 1048//1048
f 1255//1255 1536//1536 2957//2957
f 3994//3994 184//184 108//108
f 2161//2161 1542//1542 1399//1399
f 124//124 300//300 3269//3269
f 2075//2075 3264//3264 1892//1892
f 2076//2076 243//243 1891//1891
f 2715//2715 836//836 140//140
f 2259//2259 3587//3587 2480//2480
f 1953//1953 2521//2521 3277//3277
f 4114//4114 2517//2517 3278//3278
f 1955//1955 3857//3857 2112//2112
f 1064//1064 2523//2523 2517//2517
f 2014//2014 4112//4112 3282//3282
f 3286//3286 2643//2643 4109//4109
f 1043//1043 3235//3235 3284//3284
f 1043//1043 513//513 3235//3235
f 4113//4113 1969//1969 1955//1955
f 2517//2517 3287//3287 3278//3278
f 1959//1959 3861//3861 44//44
f 2012//2012 3992//3992 2355//2355
f 1146//1146 3410//3410 378//378
f 3503//3503 2811//2811 438//438
f 248//248 1045//1045 3697//3697
f 3741//3741 1276//1276 2283//2283
f 3737//3737 3741//3741 2283//2283
f 2821//2821 2898//2898 1094//1094
f 545//545 2344//2344 2688//2688
f 852//852 2257//2257 3576//3576
f 2952//2952 3576//3576 2257//2257
f 142//142 2646//2646 3302//3302
f 1445//1445 1905//1905 2091//2091
f 3306//3306 1784//1784 3309//3309
f 700//700 2276//2276 3033//3033
f 3302//3302 4006//4006 3305//3305
f 1898//1898 3306//3306 3310//3310
f 2092//2092 1903//1903 155//155
f 1299//1299 142//142 2974//2974
f 151//151 1908//1908 145//145
f 3028//3028 2010//2010 2089//2089
f 3924//3924 1695//1695 3446//3446
f 3035//3035 1299//1299 1907//1907
f 1449//1449 3113//3113 1109//1109
f 1696//1696 3032//3032 231//231
f 4131//4131 1895//1895 2085//2085
f 1069//1069 1909//1909 3241//3241
f 1453//1453 1463//1463 708//708
f 712//712 3945//3945 2278//2278
f 3360//3360 1460//1460 713//713
f 709//709 3729//3729 3217//3217
f 2025//2025 2335//2335 3758//3758
f 4023//4023 2283//2283 3331//3331
f 3020//3020 3647//3647 3645//3645
f 2292//2292 2026//2026 1097//1097
f 1198//1198 3851//3851 21//21
f 454//454 3645//3645 1475//1475
f 1467//1467 719//719 2280//2280
f 3740//3740 2497//2497 2282//2282
f 2291//2291 2243//2243 975//975
f 4022//4022 1470//1470 3073//3073
f 1733//1733 3552//3552 984//984
f 458//458 459//459 3327//3327
f 1141//1141 894//894 1949//1949
f 3918//3918 3320//3320 3464//3464
f 1467//1467 3180//3180 3328//3328
f 2026//2026 3288//3288 1097//1097
f 3364//3364 1328//1328 1481//1481
f 1914//1914 164//164 2340//2340
f 3374//3374 1710//1710 1914//1914
f 2094//2094 1929//1929 3334//3334
f 3352//3352 938//938 2448//2448
f 3447//3447 1716//1716 1310//1310
f 2377//2377 4080//4080 2099//2099
f 2098//2098 4079//4079 2097//2097
f 1716//1716 1718//1718 1310//1310
f 3782//3782 4078//4078 3337//3337
f 1705//1705 3688//3688 3449//3449
f 3038//3038 2304//2304 288//288
f 4077//4077 2097//2097 1928//1928
f 1707//1707 486//486 2101//2101
f 821//821 2017//2017 162//162
f 3476//3476 1042//1042 2100//2100
f 2775//2775 4079//4079 2098//2098
f 1917//1917 165//165 3566//3566
f 3340//3340 3116//3116 3345//3345
f 1245//1245 176//176 2451//2451
f 3202//3202 1567//1567 4102//4102
f 172//172 4101//4101 3339//3339
f 4101//4101 1055//1055 3339//3339
f 1568//1568 4036//4036 1931//1931
f 3468//3468 1587//1587 3478//3478
f 3962//3962 2107//2107 3934//3934
f 1055//1055 1587//1587 3468//3468
f 1938//1938 511//511 180//180
f 552//552 3116//3116 3340//3340
f 1786//1786 4102//4102 1567//1567
f 1152//1152 2644//2644 2559//2559
f 2651//2651 3830//3830 2724//2724
f 2761//2761 2785//2785 1253//1253
f 3994//3994 2712//2712 184//184
f 1394//1394 2991//2991 1808//1808
f 1993//1993 3433//3433 3273//3273
f 3948//3948 490//490 3355//3355
f 2766//2766 3646//3646 3644//3644
f 1320//1320 4137//4137 1799//1799
f 3755//3755 2132//2132 2130//2130
f 1291//1291 2165//2165 757//757
f 3504//3504 3223//3223 2156//2156
f 849//849 1820//1820 1298//1298
f 3611//3611 4044//4044 1852//1852
f 2171//2171 2622//2622 572//572
f 3643//3643 1264//1264 710//710
f 1591//1591 329//329 96//96
f 1751//1751 3680//3680 1974//1974
f 1056//1056 2290//2290 2497//2497
f 3060//3060 3761//3761 1054//1054
f 1063//1063 2610//2610 2024//2024
f 3699//3699 2308//2308 169//169
f 960//960 2460//2460 3565//3565
f 2403//2403 875//875 862//862
f 1756//1756 1296//1296 3123//3123
f 1054//1054 1050//1050 3060//3060
f 4083//4083 2896//2896 963//963
f 1289//1289 2358//2358 3378//3378
f 3762//3762 1999//1999 827//827
f 328//328 883//883 432//432
f 3405//3405 3149//3149 1065//1065
f 2041//2041 859//859 2813//2813
f 743//743 498//498 1277//1277
f 2898//2898 3520//3520 2463//2463
f 3402//3402 3404//3404 3384//3384
f 3882//3882 1796//1796 797//797
f 2774//2774 1292//1292 2386//2386
f 1963//1963 2007//2007 2345//2345
f 1490//1490 466//466 3656//3656
f 2479//2479 1353//1353 2214//2214
f 2773//2773 1048//1048 2833//2833
f 1078//1078 3251//3251 3392//3392
f 228//228 768//768 3397//3397
f 1532//1532 562//562 3390//3390
f 2627//2627 2129//2129 3395//3395
f 2013//2013 1581//1581 2837//2837
f 2807//2807 3251//3251 1078//1078
f 2138//2138 3393//3393 2360//2360
f 2678//2678 3404//3404 3406//3406
f 1822//1822 2678//2678 3406//3406
f 875//875 2403//2403 1625//1625
f 2481//2481 4144//4144 4124//4124
f 105//105 2216//2216 3548//3548
f 2936//2936 3013//3013 2864//2864
f 3919//3919 441//441 364//364
f 2072//2072 814//814 3359//3359
f 1860//1860 3427//3427 4073//4073
f 414//414 3996//3996 1014//1014
f 124//124 3436//3436 2260//2260
f 3433//3433 124//124 2260//2260
f 1762//1762 3268//3268 140//140
f 127//127 539//539 3435//3435
f 1696//1696 1221//1221 1422//1422
f 928//928 2277//2277 1429//1429
f 519//519 837//837 480//480
f 1181//1181 3008//3008 3482//3482
f 775//775 100//100 3774//3774
f 3052//3052 3728//3728 1115//1115
f 3703//3703 3452//3452 315//315
f 3414//3414 1182//1182 2680//2680
f 3455//3455 706//706 3357//3357
f 706//706 785//785 3357//3357
f 2015//2015 2895//2895 967//967
f 3520//3520 820//820 4052//4052
f 1940//1940 293//293 2463//2463
f 2896//2896 2895//2895 2015//2015
f 3059//3059 2799//2799 3594//3594
f 2365//2365 3594//3594 2942//2942
f 1459//1459 3455//3455 1943//1943
f 364//364 5//5 4016//4016
f 353//353 446//446 3458//3458
f 356//356 444//444 2153//2153
f 3460//3460 2767//2767 1132//1132
f 2135//2135 3878//3878 3457//3457
f 3063//3063 352//352 1663//1663
f 343//343 3151//3151 3878//3878
f 4093//4093 824//824 4142//4142
f 1721//1721 3525//3525 2288//2288
f 1731//1731 1291//1291 757//757
f 1097//1097 4095//4095 30//30
f 4093//4093 2469//2469 824//824
f 2819//2819 3848//3848 3463//3463
f 3850//3850 722//722 3462//3462
f 1730//1730 3408//3408 1626//1626
f 973//973 4089//4089 270//270
f 607//607 1588//1588 3073//3073
f 974//974 3647//3647 717//717
f 3068//3068 901//901 1141//1141
f 3471//3471 509//509 491//491
f 166//166 176//176 1245//1245
f 2473//2473 174//174 743//743
f 3946//3946 3469//3469 1604//1604
f 3092//3092 3749//3749 3081//3081
f 3116//3116 552//552 1930//1930
f 3239//3239 3632//3632 3587//3587
f 1443//1443 3243//3243 3950//3950
f 1342//1342 3691//3691 2717//2717
f 179//179 2758//2758 1277//1277
f 3892//3892 289//289 4139//4139
f 3515//3515 262//262 310//310
f 3667//3667 3361//3361 502//502
f 1938//1938 1251//1251 2919//2919
f 2714//2714 907//907 2147//2147
f 907//907 915//915 2147//2147
f 394//394 776//776 4067//4067
f 1695//1695 1444//1444 3184//3184
f 3843//3843 192//192 159//159
f 1300//1300 477//477 2927//2927
f 1271//1271 3202//3202 4042//4042
f 2900//2900 1807//1807 1325//1325
f 1052//1052 3545//3545 296//296
f 3347//3347 3205//3205 4101//4101
f 1305//1305 1557//1557 2636//2636
f 4050//4050 3816//3816 1796//1796
f 1751//1751 2370//2370 3210//3210
f 2797//2797 838//838 646//646
f 3939//3939 3089//3089 2367//2367
f 1262//1262 1990//1990 1257//1257
f 829//829 2519//2519 4140//4140
f 473//473 466//466 1490//1490
f 3348//3348 585//585 627//627
f 1819//1819 3967//3967 2709//2709
f 2782//2782 3731//3731 1134//1134
f 1303//1303 783//783 2330//2330
f 2653//2653 3365//3365 602//602
f 3407//3407 570//570 3155//3155
f 312//312 2977//2977 3515//3515
f 2771//2771 2618//2618 239//239
f 1965//1965 3868//3868 2169//2169
f 312//312 310//310 2800//2800
f 3149//3149 2962//2962 1942//1942
f 3361//3361 1530//1530 2607//2607
f 1072//1072 3149//3149 1942//1942
f 1558//1558 2189//2189 592//592
f 593//593 2351//2351 1618//1618
f 3317//3317 2144//2144 1329//1329
f 3674//3674 707//707 2675//2675
f 2944//2944 3152//3152 3457//3457
f 3421//3421 3016//3016 760//760
f 1946//1946 19//19 595//595
f 610//610 1272//1272 24//24
f 554//554 2949//2949 3526//3526
f 3532//3532 1349//1349 2381//2381
f 1106//1106 2210//2210 3513//3513
f 3532//3532 3135//3135 309//309
f 3887//3887 262//262 2381//2381
f 1152//1152 2559//2559 2929//2929
f 2141//2141 1102//1102 2371//2371
f 3538//3538 2641//2641 2347//2347
f 102//102 2369//2369 3011//3011
f 3913//3913 2217//2217 3171//3171
f 883//883 3913//3913 3546//3546
f 3544//3544 96//96 1075//1075
f 4060//4060 1876//1876 122//122
f 3557//3557 690//690 2433//2433
f 401//401 678//678 1014//1014
f 418//418 2431//2431 2932//2932
f 476//476 1321//1321 3559//3559
f 2442//2442 3823//3823 933//933
f 2275//2275 3439//3439 2951//2951
f 3132//3132 3567//3567 3565//3565
f 482//482 2306//2306 2447//2447
f 787//787 2827//2827 288//288
f 1922//1922 2456//2456 2296//2296
f 2103//2103 3481//3481 3197//3197
f 2184//2184 2946//2946 3448//3448
f 3568//3568 3843//3843 178//178
f 2310//2310 2336//2336 3355//3355
f 2312//2312 3572//3572 3569//3569
f 1980//1980 244//244 491//491
f 3916//3916 2083//2083 899//899
f 619//619 3493//3493 196//196
f 3196//3196 3789//3789 931//931
f 3910//3910 2879//2879 3246//3246
f 2614//2614 178//178 530//530
f 4079//4079 1928//1928 2097//2097
f 212//212 1532//1532 3390//3390
f 685//685 2584//2584 3580//3580
f 357//357 2031//2031 1191//1191
f 2730//2730 2734//2734 240//240
f 854//854 545//545 2688//2688
f 3863//3863 1571//1571 2957//2957
f 1518//1518 254//254 2965//2965
f 3055//3055 2681//2681 3007//3007
f 248//248 191//191 3356//3356
f 2053//2053 2319//2319 1659//1659
f 3841//3841 3842//3842 1244//1244
f 1194//1194 4019//4019 362//362
f 3858//3858 3231//3231 1253//1253
f 4111//4111 238//238 2506//2506
f 2044//2044 1548//1548 1147//1147
f 312//312 3515//3515 310//310
f 52//52 2392//2392 2183//2183
f 4036//4036 589//589 1248//1248
f 1586//1586 3009//3009 2369//2369
f 887//887 3814//3814 3813//3813
f 1986//1986 590//590 3533//3533
f 221//221 2314//2314 1011//1011
f 2646//2646 4006//4006 3302//3302
f 573//573 1872//1872 2770//2770
f 2316//2316 3311//3311 1901//1901
f 2787//2787 1992//1992 1284//1284
f 2777//2777 1107//1107 927//927
f 3504//3504 2156//2156 1810//1810
f 620//620 3257//3257 2552//2552
f 611//611 591//591 2515//2515
f 3257//3257 615//615 2552//2552
f 2683//2683 2501//2501 1046//1046
f 4129//4129 1808//1808 2374//2374
f 2817//2817 2005//2005 2134//2134
f 2134//2134 839//839 3614//3614
f 2407//2407 1789//1789 1971//1971
f 3487//3487 2797//2797 1661//1661
f 185//185 888//888 1657//1657
f 290//290 3601//3601 782//782
f 3952//3952 3625//3625 2808//2808
f 910//910 284//284 3375//3375
f 2419//2419 3627//3627 792//792
f 758//758 1597//1597 3587//3587
f 2588//2588 695//695 2121//2121
f 101//101 828//828 710//710
f 194//194 2809//2809 3586//3586
f 1468//1468 1199//1199 463//463
f 2377//2377 1069//1069 3241//3241
f 2615//2615 3470//3470 753//753
f 1996//1996 3757//3757 991//991
f 1399//1399 1789//1789 536//536
f 3201//3201 3206//3206 3500//3500
f 3097//3097 3216//3216 2624//2624
f 1071//1071 1578//1578 3604//3604
f 1990//1990 1262//1262 2159//2159
f 3042//3042 4081//4081 3041//3041
f 619//619 196//196 189//189
f 3115//3115 2965//2965 3236//3236
f 2062//2062 2056//2056 1653//1653
f 968//968 707//707 3109//3109
f 3273//3273 1282//1282 218//218
f 3353//3353 3886//3886 1445//1445
f 1957//1957 3093//3093 291//291
f 615//615 623//623 2552//2552
f 2492//2492 191//191 2797//2797
f 3452//3452 345//345 1184//1184
f 365//365 2031//2031 1317//1317
f 3993//3993 2350//2350 1809//1809
f 2601//2601 2824//2824 2366//2366
f 3765//3765 1893//1893 1427//1427
f 2170//2170 1756//1756 1783//1783
f 2534//2534 2040//2040 3577//3577
f 431//431 356//356 3052//3052
f 3877//3877 1085//1085 1651//1651
f 3903//3903 631//631 2792//2792
f 1085//1085 3707//3707 1651//1651
f 1591//1591 3489//3489 1192//1192
f 3006//3006 344//344 3376//3376
f 4//4 451//451 2938//2938
f 3423//3423 2031//2031 365//365
f 3422//3422 3423//3423 365//365
f 4071//4071 3431//3431 3541//3541
f 348//348 775//775 3774//3774
f 3055//3055 1575//1575 2681//2681
f 3119//3119 1185//1185 1792//1792
f 1792//1792 1185//1185 2150//2150
f 3451//3451 345//345 1645//1645
f 429//429 2215//2215 3518//3518
f 2003//2003 2125//2125 4013//4013
f 1137//1137 1193//1193 2379//2379
f 451//451 439//439 2658//2658
f 358//358 450//450 3458//3458
f 3328//3328 2909//2909 719//719
f 1066//1066 4096//4096 804//804
f 2757//2757 811//811 3232//3232
f 2605//2605 3751//3751 1994//1994
f 1063//1063 505//505 3569//3569
f 3959//3959 999//999 559//559
f 993//993 3753//3753 1040//1040
f 2525//2525 1530//1530 4040//4040
f 2051//2051 2861//2861 2848//2848
f 1939//1939 4035//4035 1587//1587
f 2363//2363 311//311 523//523
f 3582//3582 594//594 1803//1803
f 599//599 3130//3130 1143//1143
f 3188//3188 2487//2487 1021//1021
f 239//239 2618//2618 35//35
f 3691//3691 1877//1877 829//829
f 2355//2355 1977//1977 2012//2012
f 1987//1987 3803//3803 1387//1387
f 2676//2676 1065//1065 3149//3149
f 2942//2942 3483//3483 4054//4054
f 295//295 1355//1355 2208//2208
f 1775//1775 2976//2976 2975//2975
f 1709//1709 1480//1480 569//569
f 3002//3002 3985//3985 651//651
f 1424//1424 1435//1435 137//137
f 3490//3490 2825//2825 3388//3388
f 768//768 228//228 37//37
f 2185//2185 3900//3900 2491//2491
f 2477//2477 1719//1719 2746//2746
f 3208//3208 778//778 2154//2154
f 3940//3940 1510//1510 2922//2922
f 1497//1497 3931//3931 2777//2777
f 2955//2955 228//228 3124//3124
f 2624//2624 1366//1366 3291//3291
f 3682//3682 1979//1979 2768//2768
f 3811//3811 3783//3783 2027//2027
f 889//889 2708//2708 1398//1398
f 3819//3819 1409//1409 1098//1098
f 1909//1909 2728//2728 1018//1018
f 3491//3491 2577//2577 3950//3950
f 1924//1924 3308//3308 2297//2297
f 517//517 2911//2911 3839//3839
f 3848//3848 2819//2819 1082//1082
f 1524//1524 3754//3754 2126//2126
f 2362//2362 1271//1271 255//255
f 2899//2899 966//966 3227//3227
f 3972//3972 3973//3973 626//626
f 1640//1640 3256//3256 435//435
f 3335//3335 158//158 2529//2529
f 2512//2512 1191//1191 3094//3094
f 1494//1494 510//510 3334//3334
f 207//207 3864//3864 785//785
f 2766//2766 1307//1307 3646//3646
f 572//572 1411//1411 2171//2171
f 567//567 1007//1007 629//629
f 3571//3571 739//739 958//958
f 1714//1714 3336//3336 784//784
f 1275//1275 1592//1592 308//308
f 3135//3135 1779//1779 309//309
f 2813//2813 209//209 2041//2041
f 3581//3581 2849//2849 1625//1625
f 3258//3258 3106//3106 1045//1045
f 882//882 3483//3483 2799//2799
f 1739//1739 512//512 1499//1499
f 1744//1744 3048//3048 1345//1345
f 1931//1931 1248//1248 3746//3746
f 3944//3944 1520//1520 263//263
f 2781//2781 3083//3083 1263//1263
f 3667//3667 2664//2664 1265//1265
f 394//394 4067//4067 762//762
f 1048//1048 1064//1064 530//530
f 4012//4012 3056//3056 316//316
f 3050//3050 957//957 2310//2310
f 3087//3087 3941//3941 2950//2950
f 1850//1850 1847//1847 1360//1360
f 238//238 1811//1811 2014//2014
f 351//351 2963//2963 1338//1338
f 917//917 1891//1891 1797//1797
f 3032//3032 3872//3872 1693//1693
f 1285//1285 2803//2803 3873//3873
f 3973//3973 2553//2553 623//623
f 1111//1111 1007//1007 766//766
f 2373//2373 2903//2903 1075//1075
f 3422//3422 4026//4026 3328//3328
f 4029//4029 3036//3036 1928//1928
f 1748//1748 4116//4116 4104//4104
f 2796//2796 1750//1750 1834//1834
f 3366//3366 3088//3088 1976//1976
f 3213//3213 3079//3079 3212//3212
f 2009//2009 4112//4112 1962//1962
f 293//293 2898//2898 2463//2463
f 213//213 1533//1533 249//249
f 2053//2053 1659//1659 781//781
f 1911//1911 286//286 160//160
f 3198//3198 834//834 2961//2961
g Layer_2
vn 0.242911 0.106073 -0.964232
v 3.062353 -29.717796 24.488386 0.000000 0.278431 0.792157
vn -0.279350 0.512362 0.812064
v 2.058337 -28.569607 26.759953 0.000000 0.278431 0.792157
vn -0.364124 0.067540 -0.928898
v 2.627536 -30.245605 24.530823 0.000000 0.278431 0.792157
vn -0.288653 0.396512 -0.871469
v 1.239933 -21.543377 22.055202 0.000000 0.278431 0.792157
vn 0.475225 -0.081138 0.876115
v 1.709854 -23.669083 24.198032 0.000000 0.278431 0.792157
vn 0.754235 -0.649949 -0.093255
v 20.525024 -14.662632 -39.177399 0.000000 0.274510 0.792157
vn 0.680619 -0.719373 0.138784
v 21.218046 -13.912818 -42.981758 0.000000 0.278431 0.792157
vn -0.564432 -0.752986 -0.338273
v 20.217442 -13.912643 -44.435894 0.000000 0.278431 0.792157
vn -0.931711 0.067736 -0.356828
v 20.773605 -12.208736 -47.618233 0.000000 0.278431 0.792157
vn 0.852559 0.352731 0.385648
v 2.414183 -26.087084 24.334911 0.000000 0.278431 0.792157
vn 0.956349 -0.171697 0.236469
v 28.376606 -10.348909 -58.560284 0.000000 0.278431 0.792157
vn -0.771317 -0.065815 0.633039
v 3.818233 -30.208673 28.813040 0.000000 0.278431 0.792157
vn 0.711770 -0.469464 0.522481
v 6.808074 -33.026245 26.881680 0.000000 0.278431 0.792157
vn -0.615773 -0.738889 -0.273619
v 10.029495 -31.149939 3.152767 0.000000 0.278431 0.792157
vn -0.910314 0.384763 -0.152594
v 30.986792 -4.558548 -77.565559 0.000000 0.278431 0.792157
vn -0.504911 0.851319 0.142555
v 5.942180 -30.710217 18.384378 0.000000 0.278431 0.792157
vn 0.990139 -0.001060 -0.140087
v 32.753788 0.702178 -86.337357 0.000000 0.278431 0.792157
vn -0.642888 -0.361710 -0.675175
v 0.348289 -26.673573 22.567911 0.000000 0.278431 0.792157
vn 0.994416 -0.100436 0.032399
v 20.210260 -16.043653 -34.350971 0.000000 0.278431 0.792157
vn 0.988307 -0.020194 0.151136
v 21.050272 -13.256642 -40.885582 0.000000 0.278431 0.792157
vn -0.973109 -0.005865 -0.230270
v 15.682809 -25.223223 -11.523291 0.000000 0.274510 0.792157
vn -0.639600 0.736850 0.219005
v 3.065916 -18.452591 24.979996 0.000000 0.278431 0.792157
vn 0.672560 -0.688944 0.270221
v 9.428750 -30.047161 8.062745 0.000000 0.278431 0.792157
vn 0.817446 -0.072646 -0.571405
v 2.459258 -27.136395 23.350651 0.000000 0.278431 0.792157
vn -0.113105 0.731949 -0.671906
v 3.237287 -18.678904 23.546616 0.000000 0.278431 0.792157
vn -0.174469 0.893351 0.414106
v 3.492323 -29.263739 27.765734 0.000000 0.278431 0.792157
vn 0.941398 -0.270485 -0.201513
v 2.359504 -23.473606 23.441120 0.000000 0.278431 0.792157
vn -0.673493 -0.562835 0.479191
v 2.534226 -30.913008 26.836946 0.000000 0.278431 0.792157
vn -0.856733 0.160865 0.490032
v 2.986944 -32.586769 27.348036 0.000000 0.278431 0.792157
vn -0.892124 -0.425718 -0.151256
v 2.603147 -32.651512 25.524780 0.000000 0.278431 0.792157
vn -0.790163 -0.292098 0.538814
v 2.002960 -29.942635 27.125427 0.000000 0.278431 0.792157
vn -0.311673 0.869230 0.383796
v 5.170603 -17.601921 26.208815 0.000000 0.278431 0.792157
vn -0.033183 0.651048 -0.758311
v 4.630394 -30.332422 23.280317 0.000000 0.278431 0.792157
vn 0.206405 0.760590 -0.615549
v 5.549531 -17.793135 25.011181 0.000000 0.278431 0.792157
vn -0.727759 -0.681089 -0.080533
v 4.082338 -34.353577 24.891632 0.000000 0.278431 0.792157
vn -0.610614 -0.748019 -0.260037
v 5.364026 -33.969513 20.306597 0.000000 0.274510 0.792157
vn -0.289860 -0.631158 0.719459
v 4.194297 -33.450466 27.992380 0.000000 0.278431 0.792157
vn 0.734602 -0.532040 -0.421062
v 4.385789 -20.654650 23.902683 0.000000 0.278431 0.792157
vn -0.976305 0.003477 -0.216370
v 4.810761 -32.484447 19.305294 0.000000 0.278431 0.792157
vn 0.493618 0.091357 -0.864868
v 3.696497 -20.296244 22.946714 0.000000 0.278431 0.792157
vn 0.120143 -0.774808 0.620675
v 5.770563 -33.741985 27.462105 0.000000 0.278431 0.792157
vn -0.431486 0.881696 0.190870
v 5.318030 -29.067644 29.486280 0.000000 0.278431 0.792157
vn -0.445813 -0.822243 0.353789
v 4.917806 -33.841362 26.144276 0.000000 0.278431 0.792157
vn -0.423590 0.899687 0.105523
v 13.632928 -26.936584 -2.679935 0.000000 0.278431 0.792157
vn -0.038139 -0.944623 -0.325932
v 14.176677 -29.549923 -3.338730 0.000000 0.278431 0.792157
vn -0.777283 -0.487083 -0.398221
v 14.013976 -28.036705 -6.311792 0.000000 0.278431 0.792157
vn 0.815414 -0.518118 0.258174
v 14.584187 -29.468750 -1.774801 0.000000 0.278431 0.792157
vn 0.831869 0.241615 0.499616
v 13.480886 -28.927010 0.919535 0.000000 0.278431 0.792157
vn -0.604049 0.690016 -0.398751
v 1.821732 -20.042973 23.056784 0.000000 0.278431 0.792157
vn -0.865951 0.356327 0.350941
v 0.397289 -21.338062 23.704906 0.000000 0.278431 0.792157
vn 0.093986 -0.488231 -0.867639
v 1.446934 -27.607489 22.901001 0.000000 0.278431 0.792157
vn -0.099512 0.420360 0.901884
v 1.074231 -25.940409 25.057629 0.000000 0.278431 0.792157
vn -0.869933 -0.222139 0.440308
v 0.923000 -28.879622 25.852690 0.000000 0.278431 0.792157
vn 0.221047 -0.415420 0.882363
v 1.897800 -21.829655 24.859529 0.000000 0.278431 0.792157
vn -0.576337 0.081297 0.813158
v 2.166187 -20.326399 25.204042 0.000000 0.278431 0.792157
vn -0.700654 -0.670672 -0.243481
v 3.721025 -33.127491 25.396133 0.000000 0.278431 0.792157
vn 0.546160 0.727172 0.415848
v 3.311101 -28.323633 26.283190 0.000000 0.278431 0.792157
vn -0.810200 -0.196746 -0.552148
v 3.136710 -31.890202 23.605165 0.000000 0.278431 0.792157
vn -0.479264 -0.874356 0.076201
v 3.593579 -33.842678 26.718113 0.000000 0.278431 0.792157
vn -0.798495 -0.091755 0.594968
v 7.416831 -20.431089 29.224905 0.000000 0.278431 0.792157
vn 0.770376 0.035787 -0.636584
v 7.369531 -30.284542 28.350031 0.000000 0.278431 0.792157
vn 0.951738 0.248675 0.179876
v 8.355231 -30.567429 15.175673 0.000000 0.278431 0.792157
vn 0.356131 0.930687 -0.083626
v 7.723017 -18.213535 26.772980 0.000000 0.274510 0.792157
vn 0.269670 0.936440 0.224405
v 8.468950 -28.183456 8.846406 0.000000 0.278431 0.792157
vn 0.988129 -0.036774 0.149159
v 7.934064 -33.415672 25.847134 0.000000 0.278431 0.792157
vn 0.448675 0.046188 -0.892501
v 8.772493 -28.819710 29.470264 0.000000 0.278431 0.792157
vn -0.886589 -0.163808 -0.432582
v 8.068341 -29.807177 5.587190 0.000000 0.278431 0.792157
vn 0.606109 -0.793539 0.054115
v 8.099774 -30.889706 30.199528 0.000000 0.278431 0.792157
vn 0.945995 0.068096 -0.316947
v 7.636343 -31.029060 25.991896 0.000000 0.278431 0.792157
vn 0.378021 -0.916676 -0.129637
v 8.496974 -30.954283 9.236412 0.000000 0.278431 0.792157
vn -0.566559 -0.802384 -0.187589
v 7.632352 -21.382475 27.604374 0.000000 0.278431 0.792157
vn 0.891022 0.368185 0.265555
v 8.006919 -31.381590 17.991440 0.000000 0.278431 0.792157
vn 0.750494 0.660251 0.028765
v 7.526831 -30.018988 26.674383 0.000000 0.278431 0.792157
vn 0.973611 -0.187098 0.130676
v 7.351336 -32.118210 26.603148 0.000000 0.278431 0.792157
vn -0.686194 0.705336 -0.177873
v 24.489340 -10.185638 -55.194931 0.000000 0.278431 0.792157
vn -0.510669 -0.791349 -0.336131
v 25.123983 -12.076572 -56.060349 0.000000 0.278431 0.792157
vn 0.392022 -0.919406 0.031804
v 25.346369 -12.616324 -53.911251 0.000000 0.278431 0.792157
vn 0.242935 0.940793 0.236414
v 25.891703 -9.656087 -55.303223 0.000000 0.278431 0.792157
vn 0.332361 -0.084149 -0.939391
v 1.304242 -23.551989 21.607752 0.000000 0.278431 0.792157
vn 0.899231 -0.033218 0.436210
v 11.180584 -29.943443 5.558245 0.000000 0.278431 0.792157
vn -0.729358 0.583067 0.357869
v 30.134661 2.808344 -87.794090 0.000000 0.278431 0.792157
vn 0.942956 0.055071 -0.328332
v 33.736210 -1.122372 -84.193382 0.000000 0.278431 0.792157
vn 0.844976 -0.518926 0.129349
v 30.752131 -8.941962 -66.920143 0.000000 0.278431 0.792157
vn 0.588017 -0.766040 -0.259649
v 19.715326 -16.614307 -35.233192 0.000000 0.278431 0.792157
vn -0.954340 0.140159 -0.263801
v 26.696560 -9.448333 -63.253628 0.000000 0.278431 0.792157
vn 0.693485 0.340400 -0.634985
v 6.748545 -30.249744 24.499437 0.000000 0.278431 0.792157
vn -0.661491 0.235755 0.711933
v 8.317243 -24.439274 32.150379 0.000000 0.278431 0.792157
vn -0.187483 -0.676545 -0.712136
v 7.306373 -20.467762 26.208719 0.000000 0.278431 0.792157
vn 0.888720 0.311991 0.335915
v 9.210373 -29.354700 9.448041 0.000000 0.278431 0.792157
vn -0.911346 0.304149 -0.277383
v 25.861103 -9.802275 -59.612255 0.000000 0.278431 0.792157
vn -0.408510 -0.869209 -0.278560
v 4.310750 -33.638676 24.016975 0.000000 0.278431 0.792157
vn 0.953273 -0.212006 0.215231
v 18.065165 -26.071190 -10.395027 0.000000 0.278431 0.792157
vn -0.676422 -0.678775 -0.285864
v 6.187073 -31.872162 13.971684 0.000000 0.278431 0.792157
vn 0.892163 0.137735 0.430203
v 22.857210 -12.285319 -45.585697 0.000000 0.278431 0.792157
vn -0.669626 -0.686368 -0.283725
v 30.934647 -0.834701 -85.825165 0.000000 0.278431 0.792157
vn 0.123373 -0.407443 -0.904859
v 31.361416 1.621571 -90.093910 0.000000 0.278431 0.792157
vn 0.056948 -0.963979 -0.259811
v 30.650351 -8.783037 -70.950874 0.000000 0.278431 0.792157
vn -0.258270 0.963646 -0.068426
v 30.806225 3.828368 -88.780045 0.000000 0.278431 0.792157
vn -0.664514 0.513454 0.542943
v 30.868166 0.938199 -84.501579 0.000000 0.278431 0.792157
vn -0.336667 0.939917 0.056662
v 26.797867 -8.965672 -60.292786 0.000000 0.278431 0.792157
vn 0.692735 0.712599 -0.111000
v 8.929370 -18.904928 27.427084 0.000000 0.278431 0.792157
vn -0.631990 -0.614992 -0.471565
v 31.193129 -6.646466 -76.322525 0.000000 0.278431 0.792157
vn -0.791348 0.289244 0.538616
v 7.156114 -28.367805 31.490883 0.000000 0.278431 0.792157
vn -0.891606 0.412638 -0.186462
v 13.748158 -26.983944 -5.766995 0.000000 0.278431 0.792157
vn -0.060658 -0.946962 -0.315569
v 14.965725 -28.566605 -6.589228 0.000000 0.278431 0.792157
vn 0.995848 -0.055523 0.072134
v 19.214226 -21.408670 -21.990093 0.000000 0.278431 0.792157
vn 0.529924 0.814190 0.237225
v 8.018519 -29.467449 13.317098 0.000000 0.278431 0.792157
vn -0.990387 0.132994 0.038016
v 16.116869 -23.409805 -15.757416 0.000000 0.278431 0.792157
vn 0.895743 -0.264859 -0.357064
v 34.266262 -2.635150 -82.582275 0.000000 0.278431 0.792157
vn 0.879211 -0.459055 -0.127503
v 18.642239 -24.000101 -16.488127 0.000000 0.278431 0.792157
vn -0.193046 0.889441 0.414281
v 18.540516 -15.690383 -31.347185 0.000000 0.278431 0.792157
vn 0.929217 0.341132 0.142073
v 18.744015 -22.573967 -17.500660 0.000000 0.278431 0.792157
vn 0.897013 0.341751 0.280309
v 18.508980 -24.435482 -12.187840 0.000000 0.278431 0.792157
vn 0.741789 0.623106 0.247970
v 18.424736 -22.881845 -15.231389 0.000000 0.278431 0.792157
vn -0.358586 0.872885 0.330890
v 18.474789 -13.526519 -36.772755 0.000000 0.278431 0.792157
vn 0.831837 -0.539133 -0.131845
v 18.772976 -22.829380 -20.154287 0.000000 0.278431 0.792157
vn -0.830977 -0.404712 -0.381686
v 28.405464 -8.884654 -67.944008 0.000000 0.278431 0.792157
vn -0.996974 -0.015804 -0.076109
v 31.189150 -4.558744 -78.724686 0.000000 0.278431 0.792157
vn -0.983296 -0.064110 -0.170352
v 5.286601 -31.852674 17.295614 0.000000 0.278431 0.792157
vn 0.344008 -0.876363 0.337114
v 5.510704 -20.419584 25.937590 0.000000 0.278431 0.792157
vn -0.708758 0.679248 0.190482
v 17.355526 -19.227810 -24.533165 0.000000 0.278431 0.792157
vn -0.840557 0.508659 0.186360
v 17.580505 -15.877215 -32.864868 0.000000 0.278431 0.792157
vn 0.854110 0.461684 0.239467
v 20.356297 -14.232595 -36.775692 0.000000 0.278431 0.792157
vn 0.729300 -0.641851 0.236958
v 12.424891 -30.747593 2.018885 0.000000 0.274510 0.792157
vn 0.180587 0.930799 0.317807
v 12.732412 -27.929098 0.380549 0.000000 0.274510 0.792157
vn -0.695820 0.707694 -0.122495
v 11.985202 -27.952227 -1.501143 0.000000 0.278431 0.792157
vn 0.983740 -0.172698 -0.049304
v 11.802119 -24.061178 30.032316 0.000000 0.278431 0.792157
vn 0.919008 -0.281970 0.275530
v 10.735884 -25.154110 31.458286 0.000000 0.278431 0.792157
vn -0.365391 -0.832965 -0.415522
v 12.425278 -30.084213 -1.355815 0.000000 0.278431 0.792157
vn 0.497457 -0.769158 0.401163
v 6.819211 -31.617811 29.137867 0.000000 0.278431 0.792157
vn 0.884666 -0.341127 -0.317803
v 6.743646 -32.957207 23.737986 0.000000 0.278431 0.792157
vn 0.234765 0.935944 0.262478
v 7.134180 -30.517292 17.854599 0.000000 0.278431 0.792157
vn 0.300624 0.913247 -0.274964
v 6.498490 -29.513985 25.435907 0.000000 0.278431 0.792157
vn 0.816500 -0.571336 0.083085
v 6.902610 -33.856155 21.068096 0.000000 0.278431 0.792157
vn -0.620172 -0.284204 0.731174
v 5.820995 -19.468481 26.734346 0.000000 0.278431 0.792157
vn -0.454769 -0.861738 -0.224927
v 7.092662 -31.249554 10.532177 0.000000 0.278431 0.792157
vn 0.216685 -0.711114 -0.668853
v 6.554279 -19.278099 25.981703 0.000000 0.278431 0.792157
vn 0.303025 -0.932021 -0.198777
v 7.001699 -33.117512 17.482874 0.000000 0.278431 0.792157
vn -0.138744 -0.788488 0.599197
v 6.412216 -31.252041 30.241528 0.000000 0.278431 0.792157
vn 0.596543 -0.250083 0.762624
v 7.038921 -34.127449 26.818218 0.000000 0.278431 0.792157
vn 0.153592 0.968478 0.196113
v 22.918797 -10.644250 -48.408176 0.000000 0.278431 0.792157
vn 0.520242 0.153187 -0.840168
v 7.431881 -18.823572 25.823284 0.000000 0.278431 0.792157
vn 0.855035 -0.415438 0.310364
v 25.034470 -12.114082 -50.810452 0.000000 0.278431 0.792157
vn 0.799752 0.584416 0.137309
v 32.976730 0.547143 -84.791855 0.000000 0.278431 0.792157
vn 0.904187 0.170955 0.391434
v 26.251036 -10.929188 -53.453327 0.000000 0.278431 0.792157
vn -0.890226 0.129775 -0.436643
v 11.067095 -28.969006 -0.493599 0.000000 0.278431 0.792157
vn 0.198900 0.951563 0.234449
v 27.852324 -8.650293 -60.874958 0.000000 0.278431 0.792157
vn 0.890067 0.364931 0.273142
v 19.380203 -20.103163 -23.218479 0.000000 0.278431 0.792157
vn 0.465122 0.829093 0.310269
v 24.953077 -10.587124 -51.513897 0.000000 0.278431 0.792157
vn 0.743235 -0.668521 0.026120
v 16.712202 -27.797344 -7.580486 0.000000 0.278431 0.792157
vn 0.972980 0.157611 0.168729
v 19.978355 -19.018122 -26.792625 0.000000 0.278431 0.792157
vn 0.272669 -0.956544 -0.103322
v 29.081568 -10.288451 -65.368683 0.000000 0.278431 0.792157
vn 0.167193 -0.978064 -0.124244
v 27.100342 -11.879624 -58.184330 0.000000 0.278431 0.792157
vn 0.945196 -0.226395 0.235267
v 29.475677 -9.557353 -62.729633 0.000000 0.278431 0.792157
vn 0.166579 -0.087120 0.982172
v 9.711158 -25.213766 32.592491 0.000000 0.278431 0.792157
vn -0.025933 0.762442 0.646536
v 31.925892 0.674900 -83.760612 0.000000 0.278431 0.792157
vn 0.885907 0.253936 -0.388181
v 7.316275 -32.292816 24.692356 0.000000 0.278431 0.792157
vn 0.044273 0.916822 0.396834
v 17.545769 -23.610806 -12.131763 0.000000 0.274510 0.792157
vn -0.430420 -0.822016 -0.372865
v 17.328632 -22.658945 -21.964674 0.000000 0.278431 0.792157
vn -0.568209 0.756368 0.324107
v 17.782255 -17.011957 -29.641556 0.000000 0.278431 0.792157
vn 0.474926 -0.863269 -0.170915
v 17.382318 -26.883909 -11.194344 0.000000 0.278431 0.792157
vn -0.095285 0.937073 0.335879
v 17.711937 -20.817007 -19.579411 0.000000 0.274510 0.792157
vn -0.983455 -0.107315 -0.145946
v 17.338058 -18.896915 -27.968523 0.000000 0.278431 0.792157
vn -0.868510 -0.446550 -0.215138
v 17.615990 -16.246578 -34.606472 0.000000 0.278431 0.792157
vn 0.539163 0.726234 0.426482
v 17.348341 -24.992657 -9.705194 0.000000 0.278431 0.792157
vn -0.275592 0.820884 0.500199
v 32.479332 -2.247741 -80.346130 0.000000 0.278431 0.792157
vn -0.499303 -0.738697 -0.452794
v 32.195869 -4.375054 -81.441132 0.000000 0.278431 0.792157
vn -0.071242 0.934134 0.349740
v 32.281044 -4.154793 -76.039063 0.000000 0.278431 0.792157
vn 0.486683 0.709728 0.509338
v 33.114563 -0.319276 -82.939629 0.000000 0.278431 0.792157
vn 0.789788 -0.603012 -0.112305
v 33.333511 -6.215224 -76.898506 0.000000 0.278431 0.792157
vn 0.841762 0.398608 0.364073
v 32.292984 -6.578110 -71.819542 0.000000 0.278431 0.792157
vn 0.699839 0.614151 0.364752
v 30.998173 -7.536314 -67.983025 0.000000 0.278431 0.792157
vn -0.873151 0.473251 -0.116790
v 18.737463 -12.684430 -42.396820 0.000000 0.278431 0.792157
vn -0.991109 0.119831 -0.057826
v 17.664167 -14.945926 -36.659454 0.000000 0.278431 0.792157
vn 0.567249 0.727153 0.386622
v 29.093180 -8.265947 -63.297188 0.000000 0.278431 0.792157
vn 0.846332 -0.490334 -0.208074
v 19.864220 -18.452763 -30.507219 0.000000 0.278431 0.792157
vn -0.935819 0.348309 -0.054062
v 8.249454 -23.859755 31.012026 0.000000 0.274510 0.792157
vn -0.939709 0.070770 -0.334573
v -0.437862 -23.970722 22.559622 0.000000 0.278431 0.792157
vn -0.664170 -0.696339 -0.272010
v 16.339771 -24.613371 -15.709451 0.000000 0.278431 0.792157
vn 0.638553 -0.769445 0.014340
v 15.540139 -28.791750 -3.983322 0.000000 0.278431 0.792157
vn -0.907010 0.419994 -0.030607
v 18.184855 -13.283394 -39.498341 0.000000 0.274510 0.792157
vn -0.909930 -0.220526 -0.351277
v 25.279716 -10.909721 -58.078583 0.000000 0.278431 0.792157
vn 0.462632 0.756208 -0.462733
v 4.104266 -29.391310 25.221230 0.000000 0.278431 0.792157
vn -0.928042 -0.284102 -0.240881
v 16.631702 -22.009628 -21.885317 0.000000 0.278431 0.792157
vn 0.758127 -0.370280 0.536782
v 9.666493 -28.948179 31.523491 0.000000 0.278431 0.792157
vn -0.485754 -0.810773 -0.326635
v 6.170333 -32.984608 17.357182 0.000000 0.278431 0.792157
vn 0.980839 0.147456 0.127323
v 20.023880 -17.746201 -29.614920 0.000000 0.278431 0.792157
vn -0.529707 0.840732 0.112162
v 15.476118 -25.439873 -8.162333 0.000000 0.278431 0.792157
vn -0.388600 -0.804358 -0.449442
v 15.634233 -27.395142 -9.902002 0.000000 0.278431 0.792157
vn -0.646826 -0.640782 -0.413540
v 30.298120 1.339018 -88.790474 0.000000 0.278431 0.792157
vn 0.685783 0.633320 0.358618
v 29.789505 -7.754996 -65.232964 0.000000 0.278431 0.792157
vn -0.981468 -0.161015 0.103896
v 30.046675 0.890458 -86.820045 0.000000 0.278431 0.792157
vn -0.961284 0.156561 -0.226765
v 29.914845 -6.329500 -73.040352 0.000000 0.278431 0.792157
vn -0.660217 0.751043 -0.006982
v 30.200342 -5.831162 -72.017670 0.000000 0.278431 0.792157
vn -0.120809 0.958078 0.259791
v 29.663044 -6.484404 -69.249405 0.000000 0.278431 0.792157
vn 0.666546 0.639639 0.382855
v 32.304710 -5.424032 -73.241241 0.000000 0.278431 0.792157
vn 0.794151 -0.404809 -0.453270
v 32.415070 1.688828 -88.829460 0.000000 0.278431 0.792157
vn 0.935180 0.276111 0.221814
v 34.322659 -3.007352 -80.780243 0.000000 0.278431 0.792157
vn -0.858965 -0.459134 -0.226659
v 16.291927 -23.413521 -18.471252 0.000000 0.278431 0.792157
vn -0.807383 -0.533350 -0.252330
v 0.626629 -28.686625 24.394733 0.000000 0.278431 0.792157
vn 0.839066 -0.543930 -0.010434
v 7.992080 -32.360443 16.797295 0.000000 0.278431 0.792157
vn -0.364040 -0.039724 0.930536
v 4.580759 -18.966352 26.970152 0.000000 0.278431 0.792157
vn -0.335315 0.930590 0.146852
v 14.573084 -26.200592 -5.468445 0.000000 0.278431 0.792157
vn 0.768488 0.488943 0.412749
v 23.772287 -11.441883 -47.986092 0.000000 0.278431 0.792157
vn 0.691322 0.646821 0.322020
v 11.394243 -29.186693 4.255818 0.000000 0.278431 0.792157
vn 0.329141 -0.795302 0.509079
v 4.046159 -20.958105 24.893063 0.000000 0.278431 0.792157
vn 0.838667 -0.529021 -0.129517
v 19.420155 -20.847996 -25.161835 0.000000 0.278431 0.792157
vn 0.018033 -0.987461 -0.156829
v 21.953783 -13.486401 -47.397900 0.000000 0.278431 0.792157
vn 0.142813 0.964454 0.222333
v 20.960480 -11.201496 -44.345692 0.000000 0.278431 0.792157
vn -0.717431 0.658918 -0.226095
v 21.799746 -11.174801 -49.419956 0.000000 0.278431 0.792157
vn -0.986264 0.127351 -0.105193
v 5.778563 -30.907970 15.191278 0.000000 0.278431 0.792157
vn -0.703539 0.649925 -0.287454
v 7.658085 -28.192038 7.017891 0.000000 0.278431 0.792157
vn 0.297149 -0.695538 -0.654163
v 33.023472 -2.764511 -83.966286 0.000000 0.278431 0.792157
vn 0.948722 -0.052404 0.311739
v 7.777904 -31.003332 27.865934 0.000000 0.278431 0.792157
vn -0.601598 -0.722825 -0.340005
v 26.854074 -11.056793 -61.618488 0.000000 0.278431 0.792157
vn -0.045278 0.625153 0.779188
v 8.872021 -20.144657 30.161316 0.000000 0.278431 0.792157
vn 0.970960 0.062337 0.230980
v 33.246422 -6.122332 -75.069580 0.000000 0.278431 0.792157
vn 0.412352 0.843387 0.344476
v 19.400553 -18.190317 -26.438009 0.000000 0.278431 0.792157
vn -0.847290 -0.445241 -0.289586
v 17.180561 -20.441433 -25.692314 0.000000 0.278431 0.792157
vn 0.834860 0.460077 0.302223
v 18.878075 -21.320135 -20.177305 0.000000 0.278431 0.792157
vn -0.629997 0.080555 0.772408
v 6.203512 -29.750839 30.941544 0.000000 0.278431 0.792157
vn 0.948506 -0.293165 0.119959
v 7.596245 -32.470478 19.290207 0.000000 0.278431 0.792157
vn 0.688775 -0.674401 -0.266032
v 19.808664 -19.630741 -28.254457 0.000000 0.278431 0.792157
vn -0.030983 -0.911038 -0.411158
v 32.361668 -6.690462 -77.242844 0.000000 0.278431 0.792157
vn -0.767549 -0.572235 -0.288818
v 31.587336 -2.451074 -83.528069 0.000000 0.278431 0.792157
vn -0.340302 -0.766784 -0.544276
v 31.913116 -1.793032 -85.071060 0.000000 0.278431 0.792157
vn 0.303232 0.918068 0.255345
v 31.736952 3.514754 -88.056038 0.000000 0.278431 0.792157
vn 0.706400 -0.707808 -0.002703
v 32.312695 -7.524648 -73.418549 0.000000 0.278431 0.792157
vn 0.855190 -0.502749 0.126066
v 31.748850 -7.808165 -70.467934 0.000000 0.278431 0.792157
vn 0.423426 -0.669693 -0.610100
v 32.238983 -0.218498 -86.530975 0.000000 0.278431 0.792157
vn 0.852180 0.489147 -0.185810
v 32.579185 2.545491 -88.511780 0.000000 0.278431 0.792157
vn 0.771120 0.606356 0.194181
v 10.736437 -20.826378 29.535082 0.000000 0.278431 0.792157
vn -0.904102 -0.294908 -0.309239
v 4.234746 -32.912426 22.837160 0.000000 0.278431 0.792157
vn -0.906546 0.009116 0.422010
v -0.130544 -25.553862 24.202869 0.000000 0.278431 0.792157
vn -0.968280 0.233482 -0.088991
v 30.499672 -5.836914 -75.379715 0.000000 0.278431 0.792157
vn -0.914783 -0.363498 -0.176185
v 17.401161 -17.828360 -31.129896 0.000000 0.278431 0.792157
vn -0.574850 0.805425 -0.144356
v 21.190519 -11.014636 -47.029476 0.000000 0.278431 0.792157
vn -0.430160 0.089354 -0.898319
v 8.731142 -24.991686 29.851067 0.000000 0.278431 0.792157
vn -0.392561 -0.844851 0.363487
v 5.510429 -35.207306 25.778320 0.000000 0.278431 0.792157
vn 0.865511 0.318849 0.386297
v 33.522888 -4.690187 -76.850319 0.000000 0.278431 0.792157
vn 0.102600 -0.991796 0.076250
v 6.121171 -34.337727 21.177670 0.000000 0.278431 0.792157
vn 0.292848 -0.933946 0.204900
v 6.735166 -35.330601 26.030327 0.000000 0.278431 0.792157
vn 0.156204 0.969195 -0.190426
v 5.966215 -29.173779 28.125227 0.000000 0.278431 0.792157
vn 0.712953 0.592868 0.374440
v 5.924856 -17.843784 25.925890 0.000000 0.278431 0.792157
vn -0.264419 0.953258 0.146224
v 5.930582 -31.343386 20.654881 0.000000 0.278431 0.792157
vn 0.722331 0.639112 0.264145
v 6.826122 -31.977516 21.694040 0.000000 0.278431 0.792157
vn -0.914594 0.345528 -0.210068
v 6.491015 -29.278990 10.217259 0.000000 0.278431 0.792157
vn -0.946682 -0.188964 -0.260934
v 6.593203 -30.188396 9.207285 0.000000 0.278431 0.792157
vn 0.616073 0.641982 -0.456414
v 5.623622 -31.578487 23.241201 0.000000 0.278431 0.792157
vn -0.839801 0.540488 0.051047
v 6.005895 -29.980797 13.404867 0.000000 0.278431 0.792157
vn 0.007932 0.954455 0.298250
v 19.394312 -12.158009 -40.013920 0.000000 0.278431 0.792157
vn 0.084067 -0.939533 -0.331980
v 19.275812 -15.316110 -39.314552 0.000000 0.278431 0.792157
vn -0.698932 -0.617891 -0.360146
v 21.256538 -12.848049 -48.168365 0.000000 0.278431 0.792157
vn -0.873712 0.416975 -0.250516
v 19.241806 -12.109559 -43.528584 0.000000 0.278431 0.792157
vn 0.520762 0.775870 0.356136
v 19.765259 -14.843348 -34.094265 0.000000 0.278431 0.792157
vn -0.718749 -0.215946 0.660884
v 3.991070 -31.325764 27.087513 0.000000 0.278431 0.792157
vn -0.664432 0.627126 -0.406501
v 4.642281 -31.954851 22.471964 0.000000 0.278431 0.792157
vn -0.318277 -0.526072 0.788637
v 5.082191 -32.175854 28.852278 0.000000 0.278431 0.792157
vn 0.793144 -0.008449 -0.608976
v 10.331143 -20.719921 28.435448 0.000000 0.278431 0.792157
vn 0.630308 -0.348880 -0.693538
v 10.026220 -25.436800 30.180645 0.000000 0.278431 0.792157
vn 0.370783 -0.104362 -0.922837
v 10.423546 -22.013973 28.505934 0.000000 0.278431 0.792157
vn -0.367438 0.509638 0.777983
v 9.422132 -22.785326 31.318146 0.000000 0.278431 0.792157
vn -0.227978 0.972023 0.056546
v 11.290746 -28.361965 1.454022 0.000000 0.278431 0.792157
vn 0.064354 -0.992676 -0.102235
v 11.062757 -31.303791 2.774213 0.000000 0.278431 0.792157
vn -0.854149 0.421769 -0.304206
v 10.734628 -28.892878 0.897021 0.000000 0.278431 0.792157
vn -0.755441 -0.460603 -0.465997
v 10.617887 -30.121008 0.702341 0.000000 0.278431 0.792157
vn -0.360561 -0.668376 -0.650591
v 8.929691 -22.605377 28.662851 0.000000 0.278431 0.792157
vn -0.875334 -0.441378 -0.197424
v 2.210493 -30.833742 24.800400 0.000000 0.278431 0.792157
vn 0.915667 0.093999 0.390793
v 15.983788 -27.992842 -4.075494 0.000000 0.278431 0.792157
vn -0.786387 -0.519434 -0.334341
v 18.526939 -13.915309 -41.439903 0.000000 0.278431 0.792157
vn -0.954175 0.090389 0.285270
v 30.953253 -0.827407 -83.700760 0.000000 0.278431 0.792157
vn 0.608834 -0.782948 0.127725
v 13.243064 -30.339960 0.361645 0.000000 0.278431 0.792157
vn -0.874200 -0.203283 -0.440965
v 12.931977 -28.478769 -3.847405 0.000000 0.278431 0.792157
vn 0.591229 -0.794386 0.139281
v 23.296896 -13.015503 -47.667919 0.000000 0.278431 0.792157
vn 0.814076 -0.534979 0.226003
v 27.509720 -11.445572 -56.975800 0.000000 0.274510 0.792157
vn 0.738463 -0.451233 -0.501060
v 7.620940 -34.006554 24.861208 0.000000 0.278431 0.792157
vn -0.719557 -0.566080 -0.402233
v 29.630232 -7.685563 -72.088501 0.000000 0.278431 0.792157
vn -0.923874 0.324309 -0.203175
v 29.083841 -7.121371 -70.436958 0.000000 0.274510 0.792157
vn -0.321180 0.930104 0.178183
v 28.698298 -7.569794 -65.214249 0.000000 0.278431 0.792157
vn -0.622530 -0.385819 0.680882
v 4.699979 -30.955776 29.792345 0.000000 0.278431 0.792157
vn 0.039715 0.914561 0.402494
v 18.407967 -18.986012 -23.987179 0.000000 0.278431 0.792157
vn 0.289937 -0.900400 -0.324371
v 18.004503 -23.333382 -20.400940 0.000000 0.278431 0.792157
vn 0.108879 -0.921464 -0.372893
v 17.631227 -25.488010 -14.883288 0.000000 0.278431 0.792157
vn -0.144927 -0.905265 -0.399365
v 18.622002 -17.648838 -33.577103 0.000000 0.278431 0.792157
vn -0.206019 -0.887258 -0.412711
v 18.537674 -19.426311 -29.990164 0.000000 0.278431 0.792157
vn -0.065439 -0.919815 -0.386856
v 18.451664 -21.152834 -25.953514 0.000000 0.278431 0.792157
vn -0.635861 -0.692193 -0.341395
v 18.314737 -15.774798 -37.410500 0.000000 0.278431 0.792157
vn 0.312494 0.295278 0.902861
v 9.843388 -24.270323 32.445347 0.000000 0.278431 0.792157
vn -0.055652 0.488967 0.870525
v 9.474311 -21.018219 30.669912 0.000000 0.278431 0.792157
vn 0.869700 -0.334856 -0.362621
v 9.553686 -29.202641 30.291132 0.000000 0.278431 0.792157
vn 0.544265 0.826960 0.141116
v 9.872930 -28.246143 6.545124 0.000000 0.278431 0.792157
vn -0.399729 0.903085 0.157016
v 6.975985 -28.735117 10.912580 0.000000 0.278431 0.792157
vn 0.881354 -0.458533 -0.113855
v 18.588909 -25.167019 -13.459459 0.000000 0.278431 0.792157
vn 0.643112 0.247114 -0.724805
v 6.587297 -18.742283 25.152599 0.000000 0.278431 0.792157
vn 0.719150 0.305512 0.624088
v 11.048241 -22.765116 31.284431 0.000000 0.278431 0.792157
vn 0.180986 -0.422147 -0.888277
v 10.582645 -24.252272 29.077581 0.000000 0.278431 0.792157
vn 0.362475 -0.880862 0.304457
v 10.652595 -31.042408 5.194201 0.000000 0.278431 0.792157
vn 0.709463 0.601517 0.367205
v 20.995770 -12.341672 -41.472343 0.000000 0.278431 0.792157
vn -0.973820 0.220096 -0.056855
v 16.221395 -22.261612 -19.055593 0.000000 0.278431 0.792157
vn 0.246044 0.893911 0.374679
v 16.084528 -25.640751 -7.347380 0.000000 0.278431 0.792157
vn -0.915912 0.026454 -0.400507
v 23.038328 -11.448713 -52.880795 0.000000 0.278431 0.792157
vn 0.866092 0.402747 0.296107
v 33.815601 -3.916066 -78.184624 0.000000 0.278431 0.792157
vn 0.517110 0.801358 0.300704
v 27.933630 -9.756947 -58.248093 0.000000 0.278431 0.792157
vn 0.089144 -0.699442 -0.709108
v 5.906374 -34.897251 24.645111 0.000000 0.278431 0.792157
vn 0.141969 0.988333 -0.055163
v 4.895135 -29.421005 26.254553 0.000000 0.274510 0.792157
vn 0.859907 0.345270 0.375964
v 16.514284 -26.517941 -6.294436 0.000000 0.278431 0.792157
vn -0.574154 0.778279 0.254224
v 16.517246 -21.927814 -17.814701 0.000000 0.278431 0.792157
vn -0.585100 0.781874 0.215245
v 16.278332 -24.184643 -11.716937 0.000000 0.278431 0.792157
vn -0.963315 0.265022 0.042276
v 16.583616 -20.792753 -22.429750 0.000000 0.274510 0.792157
vn -0.517951 -0.770804 -0.370929
v 16.692728 -26.582989 -12.050372 0.000000 0.278431 0.792157
vn -0.237363 0.728357 0.642772
v 7.618476 -18.611258 28.317223 0.000000 0.278431 0.792157
vn -0.293423 -0.951910 -0.088146
v 8.432525 -30.598883 7.050689 0.000000 0.278431 0.792157
vn 0.062917 -0.952676 -0.297405
v 31.298149 -7.814623 -73.779572 0.000000 0.278431 0.792157
vn -0.090776 0.956285 0.277989
v 31.311012 -5.233913 -72.985855 0.000000 0.278431 0.792157
vn -0.441532 0.440691 -0.781563
v 30.270948 3.052589 -89.748375 0.000000 0.278431 0.792157
vn 0.579080 0.653332 0.487672
v 14.591476 -27.126650 -2.434994 0.000000 0.278431 0.792157
vn 0.681493 -0.727559 -0.078902
v 8.296609 -31.513483 12.882456 0.000000 0.278431 0.792157
vn -0.966978 0.199141 0.159047
v 31.674103 -2.845796 -80.737595 0.000000 0.278431 0.792157
vn 0.673445 0.638681 0.372235
v 19.544598 -16.367599 -30.562321 0.000000 0.274510 0.792157
vn -0.416368 -0.865414 -0.278741
v 23.538616 -12.788293 -52.611435 0.000000 0.278431 0.792157
vn -0.342072 0.939457 -0.020161
v 23.769573 -10.286513 -52.025448 0.000000 0.278431 0.792157
vn -0.978850 -0.159520 -0.128089
v 8.671630 -23.048882 30.070993 0.000000 0.278431 0.792157
vn 0.582328 -0.240086 -0.776693
v 8.661063 -20.243710 26.577087 0.000000 0.278431 0.792157
vn 0.040046 -0.419019 0.907094
v 8.064429 -29.744417 32.015217 0.000000 0.278431 0.792157
vn -0.652607 0.398388 -0.644508
v 7.820749 -27.753046 29.922533 0.000000 0.278431 0.792157
vn -0.440629 0.830237 -0.341399
v 9.440656 -28.680098 4.469971 0.000000 0.278431 0.792157
vn -0.841641 0.528117 -0.112841
v 27.912342 -8.067859 -66.173386 0.000000 0.278431 0.792157
vn -0.469612 -0.824138 -0.316640
v 28.511063 -9.830245 -66.505966 0.000000 0.278431 0.792157
vn 0.489157 -0.869806 -0.064522
v 28.178082 -11.176566 -61.886139 0.000000 0.278431 0.792157
vn 0.527919 -0.766812 -0.365105
v 33.723942 -4.614717 -81.081352 0.000000 0.278431 0.792157
vn -0.943409 0.146144 -0.297693
v 14.666346 -26.399050 -8.727403 0.000000 0.278431 0.792157
f 4196//4196 4224//4224 4169//4169
f 4345//4345 4148//4148 4413//4413
f 4194//4194 4195//4195 4170//4170
f 4195//4195 4167//4167 4170//4170
f 4150//4150 4172//4172 4199//4199
f 4196//4196 4169//4169 4146//4146
f 4150//4150 4197//4197 4155//4155
f 4224//4224 4172//4172 4169//4169
f 4176//4176 4171//4171 4147//4147
f 4345//4345 4146//4146 4148//4148
f 4155//4155 4197//4197 4147//4147
f 4149//4149 4185//4185 4224//4224
f 4173//4173 4176//4176 4413//4413
f 4176//4176 4198//4198 4413//4413
f 4155//4155 4172//4172 4150//4150
f 4345//4345 4196//4196 4146//4146
f 4185//4185 4172//4172 4224//4224
f 4200//4200 4167//4167 4195//4195
f 4268//4268 4165//4165 4443//4443
f 4396//4396 4268//4268 4443//4443
f 4396//4396 4443//4443 4354//4354
f 4153//4153 4152//4152 4151//4151
f 4397//4397 4153//4153 4151//4151
f 4353//4353 4153//4153 4398//4398
f 4399//4399 4396//4396 4354//4354
f 4151//4151 4268//4268 4164//4164
f 4164//4164 4229//4229 4151//4151
f 4349//4349 4354//4354 4239//4239
f 4354//4354 4443//4443 4239//4239
f 4319//4319 4267//4267 4260//4260
f 4295//4295 4237//4237 4451//4451
f 4460//4460 4226//4226 4243//4243
f 4443//4443 4152//4152 4239//4239
f 4364//4364 4308//4308 4430//4430
f 4339//4339 4380//4380 4338//4338
f 4247//4247 4422//4422 4338//4338
f 4321//4321 4332//4332 4363//4363
f 4296//4296 4321//4321 4363//4363
f 4299//4299 4297//4297 4228//4228
f 4376//4376 4372//4372 4162//4162
f 4372//4372 4289//4289 4162//4162
f 4342//4342 4162//4162 4375//4375
f 4327//4327 4221//4221 4446//4446
f 4379//4379 4323//4323 4163//4163
f 4345//4345 4379//4379 4163//4163
f 4464//4464 4321//4321 4164//4164
f 4177//4177 4439//4439 4389//4389
f 4439//4439 4179//4179 4389//4389
f 4289//4289 4375//4375 4162//4162
f 4165//4165 4268//4268 4151//4151
f 4212//4212 4457//4457 4393//4393
f 4471//4471 4212//4212 4357//4357
f 4334//4334 4476//4476 4166//4166
f 4475//4475 4343//4343 4447//4447
f 4462//4462 4215//4215 4168//4168
f 4183//4183 4351//4351 4172//4172
f 4201//4201 4204//4204 4175//4175
f 4183//4183 4172//4172 4185//4185
f 4157//4157 4171//4171 4176//4176
f 4173//4173 4157//4157 4176//4176
f 4401//4401 4173//4173 4175//4175
f 4174//4174 4401//4401 4175//4175
f 4413//4413 4201//4201 4175//4175
f 4194//4194 4170//4170 4149//4149
f 4170//4170 4185//4185 4149//4149
f 4155//4155 4147//4147 4202//4202
f 4351//4351 4199//4199 4172//4172
f 4148//4148 4203//4203 4413//4413
f 4203//4203 4201//4201 4413//4413
f 4175//4175 4204//4204 4174//4174
f 4146//4146 4178//4178 4148//4148
f 4178//4178 4203//4203 4148//4148
f 4147//4147 4171//4171 4202//4202
f 4179//4179 4167//4167 4177//4177
f 4278//4278 4178//4178 4328//4328
f 4425//4425 4366//4366 4157//4157
f 4181//4181 4386//4386 4236//4236
f 4449//4449 4384//4384 4180//4180
f 4394//4394 4390//4390 4402//4402
f 4186//4186 4204//4204 4188//4188
f 4185//4185 4439//4439 4183//4183
f 4204//4204 4201//4201 4188//4188
f 4186//4186 4403//4403 4182//4182
f 4328//4328 4202//4202 4450//4450
f 4178//4178 4394//4394 4402//4402
f 4170//4170 4439//4439 4185//4185
f 4182//4182 4204//4204 4186//4186
f 4390//4390 4184//4184 4402//4402
f 4171//4171 4187//4187 4450//4450
f 4187//4187 4388//4388 4450//4450
f 4450//4450 4278//4278 4328//4328
f 4236//4236 4449//4449 4180//4180
f 4170//4170 4167//4167 4179//4179
f 4188//4188 4180//4180 4384//4384
f 4202//4202 4171//4171 4450//4450
f 4366//4366 4187//4187 4157//4157
f 4179//4179 4439//4439 4170//4170
f 4271//4271 4270//4270 4189//4189
f 4189//4189 4270//4270 4193//4193
f 4250//4250 4190//4190 4191//4191
f 4192//4192 4417//4417 4190//4190
f 4417//4417 4274//4274 4190//4190
f 4418//4418 4191//4191 4190//4190
f 4274//4274 4418//4418 4190//4190
f 4418//4418 4249//4249 4191//4191
f 4193//4193 4461//4461 4189//4189
f 4249//4249 4418//4418 4189//4189
f 4348//4348 4249//4249 4189//4189
f 4461//4461 4348//4348 4189//4189
f 4196//4196 4163//4163 4224//4224
f 4345//4345 4413//4413 4198//4198
f 4379//4379 4150//4150 4199//4199
f 4200//4200 4379//4379 4199//4199
f 4197//4197 4198//4198 4147//4147
f 4176//4176 4147//4147 4198//4198
f 4379//4379 4197//4197 4150//4150
f 4345//4345 4163//4163 4196//4196
f 4149//4149 4195//4195 4194//4194
f 4182//4182 4403//4403 4174//4174
f 4351//4351 4200//4200 4199//4199
f 4328//4328 4178//4178 4146//4146
f 4351//4351 4265//4265 4200//4200
f 4328//4328 4146//4146 4155//4155
f 4202//4202 4328//4328 4155//4155
f 4182//4182 4174//4174 4204//4204
f 4401//4401 4157//4157 4173//4173
f 4178//4178 4402//4402 4203//4203
f 4347//4347 4167//4167 4200//4200
f 4347//4347 4177//4177 4167//4167
f 4421//4421 4302//4302 4210//4210
f 4439//4439 4208//4208 4287//4287
f 4283//4283 4281//4281 4462//4462
f 4210//4210 4387//4387 4421//4421
f 4456//4456 4280//4280 4205//4205
f 4277//4277 4217//4217 4207//4207
f 4248//4248 4366//4366 4469//4469
f 4388//4388 4211//4211 4206//4206
f 4215//4215 4281//4281 4457//4457
f 4281//4281 4393//4393 4457//4457
f 4168//4168 4215//4215 4457//4457
f 4437//4437 4252//4252 4209//4209
f 4462//4462 4281//4281 4215//4215
f 4284//4284 4213//4213 4469//4469
f 4283//4283 4346//4346 4367//4367
f 4206//4206 4275//4275 4359//4359
f 4282//4282 4287//4287 4233//4233
f 4287//4287 4468//4468 4233//4233
f 4346//4346 4283//4283 4462//4462
f 4187//4187 4470//4470 4211//4211
f 4388//4388 4187//4187 4211//4211
f 4437//4437 4277//4277 4252//4252
f 4206//4206 4213//4213 4275//4275
f 4282//4282 4439//4439 4287//4287
f 4252//4252 4277//4277 4207//4207
f 4285//4285 4387//4387 4210//4210
f 4158//4158 4219//4219 4359//4359
f 4275//4275 4158//4158 4359//4359
f 4357//4357 4437//4437 4209//4209
f 4187//4187 4248//4248 4470//4470
f 4290//4290 4294//4294 4349//4349
f 4245//4245 4235//4235 4220//4220
f 4223//4223 4245//4245 4220//4220
f 4379//4379 4345//4345 4198//4198
f 4224//4224 4323//4323 4149//4149
f 4323//4323 4224//4224 4163//4163
f 4195//4195 4379//4379 4200//4200
f 4197//4197 4379//4379 4198//4198
f 4292//4292 4472//4472 4230//4230
f 4350//4350 4436//4436 4225//4225
f 4272//4272 4377//4377 4440//4440
f 4447//4447 4385//4385 4315//4315
f 4475//4475 4447//4447 4315//4315
f 4331//4331 4181//4181 4184//4184
f 4317//4317 4336//4336 4228//4228
f 4393//4393 4281//4281 4395//4395
f 4234//4234 4436//4436 4209//4209
f 4262//4262 4473//4473 4230//4230
f 4438//4438 4428//4428 4255//4255
f 4212//4212 4393//4393 4357//4357
f 4393//4393 4437//4437 4357//4357
f 4300//4300 4273//4273 4433//4433
f 4216//4216 4280//4280 4233//4233
f 4289//4289 4314//4314 4227//4227
f 4212//4212 4159//4159 4457//4457
f 4227//4227 4358//4358 4375//4375
f 4320//4320 4299//4299 4336//4336
f 4398//4398 4154//4154 4465//4465
f 4154//4154 4446//4446 4465//4465
f 4329//4329 4454//4454 4304//4304
f 4454//4454 4364//4364 4304//4304
f 4438//4438 4258//4258 4237//4237
f 4238//4238 4395//4395 4281//4281
f 4245//4245 4230//4230 4235//4235
f 4230//4230 4360//4360 4235//4235
f 4360//4360 4327//4327 4235//4235
f 4180//4180 4201//4201 4236//4236
f 4189//4189 4418//4418 4271//4271
f 4295//4295 4306//4306 4237//4237
f 4356//4356 4395//4395 4238//4238
f 4335//4335 4460//4460 4241//4241
f 4371//4371 4416//4416 4240//4240
f 4226//4226 4372//4372 4243//4243
f 4241//4241 4375//4375 4335//4335
f 4458//4458 4242//4242 4247//4247
f 4340//4340 4459//4459 4339//4339
f 4339//4339 4459//4459 4380//4380
f 4336//4336 4317//4317 4340//4340
f 4297//4297 4242//4242 4228//4228
f 4338//4338 4380//4380 4247//4247
f 4375//4375 4240//4240 4335//4335
f 4371//4371 4370//4370 4416//4416
f 4372//4372 4226//4226 4244//4244
f 4301//4301 4372//4372 4244//4244
f 4337//4337 4335//4335 4240//4240
f 4422//4422 4247//4247 4242//4242
f 4323//4323 4195//4195 4149//4149
f 4378//4378 4184//4184 4181//4181
f 4236//4236 4378//4378 4181//4181
f 4377//4377 4434//4434 4440//4440
f 4396//4396 4399//4399 4318//4318
f 4329//4329 4344//4344 4444//4444
f 4268//4268 4396//4396 4400//4400
f 4433//4433 4273//4273 4272//4272
f 4424//4424 4320//4320 4336//4336
f 4399//4399 4354//4354 4382//4382
f 4154//4154 4399//4399 4382//4382
f 4315//4315 4362//4362 4373//4373
f 4244//4244 4226//4226 4337//4337
f 4410//4410 4411//4411 4471//4471
f 4168//4168 4207//4207 4462//4462
f 4305//4305 4308//4308 4266//4266
f 4330//4330 4405//4405 4273//4273
f 4414//4414 4193//4193 4192//4192
f 4261//4261 4352//4352 4251//4251
f 4234//4234 4252//4252 4168//4168
f 4216//4216 4412//4412 4205//4205
f 4392//4392 4393//4393 4395//4395
f 4279//4279 4367//4367 4276//4276
f 4367//4367 4391//4391 4276//4276
f 4173//4173 4413//4413 4175//4175
f 4460//4460 4335//4335 4226//4226
f 4266//4266 4364//4364 4454//4454
f 4358//4358 4227//4227 4254//4254
f 4257//4257 4259//4259 4255//4255
f 4294//4294 4223//4223 4466//4466
f 4344//4344 4324//4324 4253//4253
f 4228//4228 4374//4374 4317//4317
f 4321//4321 4430//4430 4429//4429
f 4399//4399 4415//4415 4318//4318
f 4261//4261 4257//4257 4255//4255
f 4397//4397 4229//4229 4429//4429
f 4432//4432 4397//4397 4429//4429
f 4307//4307 4365//4365 4293//4293
f 4400//4400 4396//4396 4260//4260
f 4432//4432 4415//4415 4397//4397
f 4464//4464 4400//4400 4256//4256
f 4321//4321 4368//4368 4430//4430
f 4365//4365 4307//4307 4257//4257
f 4400//4400 4260//4260 4256//4256
f 4368//4368 4431//4431 4430//4430
f 4431//4431 4352//4352 4261//4261
f 4427//4427 4431//4431 4261//4261
f 4368//4368 4352//4352 4431//4431
f 4326//4326 4260//4260 4396//4396
f 4305//4305 4426//4426 4363//4363
f 4415//4415 4153//4153 4397//4397
f 4305//4305 4363//4363 4464//4464
f 4255//4255 4427//4427 4261//4261
f 4426//4426 4307//4307 4293//4293
f 4256//4256 4305//4305 4464//4464
f 4229//4229 4321//4321 4429//4429
f 4259//4259 4303//4303 4258//4258
f 4464//4464 4164//4164 4400//4400
f 4230//4230 4472//4472 4262//4262
f 4359//4359 4214//4214 4218//4218
f 4312//4312 4369//4369 4263//4263
f 4369//4369 4160//4160 4263//4263
f 4316//4316 4373//4373 4362//4362
f 4341//4341 4316//4316 4362//4362
f 4314//4314 4463//4463 4311//4311
f 4273//4273 4300//4300 4330//4330
f 4420//4420 4290//4290 4288//4288
f 4331//4331 4184//4184 4264//4264
f 4282//4282 4280//4280 4265//4265
f 4146//4146 4169//4169 4155//4155
f 4205//4205 4467//4467 4361//4361
f 4414//4414 4325//4325 4295//4295
f 4324//4324 4166//4166 4453//4453
f 4166//4166 4476//4476 4333//4333
f 4153//4153 4399//4399 4398//4398
f 4156//4156 4290//4290 4420//4420
f 4440//4440 4433//4433 4272//4272
f 4274//4274 4417//4417 4269//4269
f 4409//4409 4274//4274 4269//4269
f 4441//4441 4406//4406 4272//4272
f 4350//4350 4193//4193 4270//4270
f 4408//4408 4350//4350 4270//4270
f 4405//4405 4272//4272 4273//4273
f 4405//4405 4441//4441 4272//4272
f 4291//4291 4418//4418 4274//4274
f 4291//4291 4270//4270 4271//4271
f 4411//4411 4291//4291 4274//4274
f 4406//4406 4404//4404 4272//4272
f 4404//4404 4377//4377 4272//4272
f 4409//4409 4411//4411 4274//4274
f 4408//4408 4471//4471 4350//4350
f 4291//4291 4408//4408 4270//4270
f 4177//4177 4456//4456 4208//4208
f 4439//4439 4177//4177 4208//4208
f 4186//4186 4210//4210 4158//4158
f 4449//4449 4421//4421 4387//4387
f 4218//4218 4388//4388 4359//4359
f 4388//4388 4206//4206 4359//4359
f 4187//4187 4366//4366 4248//4248
f 4275//4275 4186//4186 4158//4158
f 4390//4390 4391//4391 4277//4277
f 4282//4282 4233//4233 4280//4280
f 4213//4213 4284//4284 4275//4275
f 4421//4421 4449//4449 4276//4276
f 4302//4302 4421//4421 4276//4276
f 4285//4285 4210//4210 4186//4186
f 4161//4161 4390//4390 4277//4277
f 4238//4238 4281//4281 4283//4283
f 4394//4394 4214//4214 4276//4276
f 4214//4214 4302//4302 4276//4276
f 4231//4231 4214//4214 4394//4394
f 4278//4278 4388//4388 4218//4218
f 4384//4384 4449//4449 4387//4387
f 4392//4392 4395//4395 4437//4437
f 4210//4210 4219//4219 4158//4158
f 4218//4218 4231//4231 4278//4278
f 4437//4437 4395//4395 4277//4277
f 4331//4331 4238//4238 4283//4283
f 4186//4186 4387//4387 4285//4285
f 4366//4366 4425//4425 4469//4469
f 4425//4425 4284//4284 4469//4469
f 4283//4283 4367//4367 4279//4279
f 4386//4386 4283//4283 4279//4279
f 4177//4177 4280//4280 4456//4456
f 4386//4386 4331//4331 4283//4283
f 4395//4395 4161//4161 4277//4277
f 4354//4354 4349//4349 4286//4286
f 4382//4382 4354//4354 4286//4286
f 4466//4466 4446//4446 4355//4355
f 4465//4465 4353//4353 4398//4398
f 4239//4239 4152//4152 4419//4419
f 4355//4355 4382//4382 4286//4286
f 4286//4286 4466//4466 4355//4355
f 4208//4208 4246//4246 4287//4287
f 4246//4246 4468//4468 4287//4287
f 4290//4290 4349//4349 4288//4288
f 4372//4372 4301//4301 4289//4289
f 4452//4452 4344//4344 4253//4253
f 4292//4292 4230//4230 4245//4245
f 4246//4246 4404//4404 4468//4468
f 4432//4432 4429//4429 4309//4309
f 4353//4353 4419//4419 4152//4152
f 4352//4352 4365//4365 4251//4251
f 4269//4269 4350//4350 4225//4225
f 4258//4258 4255//4255 4259//4259
f 4299//4299 4448//4448 4156//4156
f 4420//4420 4474//4474 4156//4156
f 4308//4308 4381//4381 4430//4430
f 4235//4235 4327//4327 4220//4220
f 4446//4446 4466//4466 4220//4220
f 4374//4374 4316//4316 4317//4317
f 4424//4424 4340//4340 4472//4472
f 4240//4240 4416//4416 4244//4244
f 4337//4337 4240//4240 4244//4244
f 4365//4365 4352//4352 4293//4293
f 4451//4451 4414//4414 4295//4295
f 4352//4352 4368//4368 4296//4296
f 4470//4470 4322//4322 4383//4383
f 4424//4424 4472//4472 4292//4292
f 4245//4245 4448//4448 4292//4292
f 4245//4245 4223//4223 4448//4448
f 4360//4360 4297//4297 4474//4474
f 4420//4420 4298//4298 4474//4474
f 4297//4297 4230//4230 4473//4473
f 4298//4298 4360//4360 4474//4474
f 4415//4415 4399//4399 4153//4153
f 4451//4451 4310//4310 4445//4445
f 4393//4393 4392//4392 4437//4437
f 4476//4476 4191//4191 4249//4249
f 4264//4264 4184//4184 4161//4161
f 4193//4193 4350//4350 4269//4269
f 4448//4448 4223//4223 4156//4156
f 4258//4258 4310//4310 4237//4237
f 4319//4319 4415//4415 4432//4432
f 4241//4241 4342//4342 4375//4375
f 4269//4269 4417//4417 4193//4193
f 4465//4465 4446//4446 4221//4221
f 4419//4419 4465//4465 4222//4222
f 4166//4166 4455//4455 4334//4334
f 4309//4309 4429//4429 4381//4381
f 4259//4259 4307//4307 4303//4303
f 4307//4307 4452//4452 4303//4303
f 4453//4453 4310//4310 4303//4303
f 4304//4304 4427//4427 4428//4428
f 4324//4324 4304//4304 4428//4428
f 4307//4307 4426//4426 4266//4266
f 4344//4344 4329//4329 4304//4304
f 4256//4256 4267//4267 4305//4305
f 4455//4455 4428//4428 4306//4306
f 4381//4381 4305//4305 4267//4267
f 4364//4364 4431//4431 4304//4304
f 4454//4454 4307//4307 4266//4266
f 4324//4324 4344//4344 4304//4304
f 4431//4431 4427//4427 4304//4304
f 4267//4267 4319//4319 4309//4309
f 4455//4455 4306//4306 4295//4295
f 4452//4452 4453//4453 4303//4303
f 4381//4381 4308//4308 4305//4305
f 4453//4453 4445//4445 4310//4310
f 4447//4447 4311//4311 4313//4313
f 4385//4385 4447//4447 4313//4313
f 4301//4301 4463//4463 4314//4314
f 4358//4358 4475//4475 4312//4312
f 4371//4371 4375//4375 4358//4358
f 4447//4447 4314//4314 4311//4311
f 4312//4312 4475//4475 4369//4369
f 4373//4373 4369//4369 4315//4315
f 4370//4370 4371//4371 4358//4358
f 4475//4475 4315//4315 4369//4369
f 4301//4301 4314//4314 4289//4289
f 4312//4312 4370//4370 4358//4358
f 4415//4415 4319//4319 4326//4326
f 4319//4319 4260//4260 4326//4326
f 4467//4467 4322//4322 4407//4407
f 4316//4316 4459//4459 4317//4317
f 4438//4438 4255//4255 4258//4258
f 4227//4227 4314//4314 4343//4343
f 4254//4254 4227//4227 4343//4343
f 4461//4461 4193//4193 4414//4414
f 4168//4168 4442//4442 4225//4225
f 4365//4365 4257//4257 4261//4261
f 4214//4214 4231//4231 4218//4218
f 4216//4216 4205//4205 4280//4280
f 4296//4296 4368//4368 4321//4321
f 4219//4219 4214//4214 4359//4359
f 4308//4308 4364//4364 4266//4266
f 4228//4228 4242//4242 4374//4374
f 4410//4410 4408//4408 4291//4291
f 4425//4425 4157//4157 4401//4401
f 4403//4403 4425//4425 4401//4401
f 4168//4168 4252//4252 4207//4207
f 4373//4373 4316//4316 4374//4374
f 4228//4228 4336//4336 4299//4299
f 4234//4234 4168//4168 4225//4225
f 4436//4436 4234//4234 4225//4225
f 4267//4267 4309//4309 4381//4381
f 4268//4268 4400//4400 4164//4164
f 4293//4293 4363//4363 4426//4426
f 4263//4263 4160//4160 4313//4313
f 4403//4403 4401//4401 4174//4174
f 4329//4329 4452//4452 4454//4454
f 4344//4344 4452//4452 4444//4444
f 4330//4330 4435//4435 4405//4405
f 4382//4382 4355//4355 4154//4154
f 4169//4169 4172//4172 4155//4155
f 4419//4419 4222//4222 4288//4288
f 4220//4220 4466//4466 4223//4223
f 4466//4466 4286//4286 4294//4294
f 4465//4465 4221//4221 4222//4222
f 4291//4291 4411//4411 4410//4410
f 4226//4226 4335//4335 4337//4337
f 4455//4455 4324//4324 4428//4428
f 4238//4238 4331//4331 4264//4264
f 4292//4292 4448//4448 4299//4299
f 4232//4232 4322//4322 4248//4248
f 4322//4322 4470//4470 4248//4248
f 4463//4463 4370//4370 4312//4312
f 4263//4263 4463//4463 4312//4312
f 4321//4321 4464//4464 4332//4332
f 4395//4395 4356//4356 4161//4161
f 4356//4356 4264//4264 4161//4161
f 4445//4445 4453//4453 4333//4333
f 4453//4453 4166//4166 4333//4333
f 4295//4295 4250//4250 4334//4334
f 4190//4190 4295//4295 4325//4325
f 4190//4190 4250//4250 4295//4295
f 4455//4455 4295//4295 4334//4334
f 4333//4333 4348//4348 4445//4445
f 4340//4340 4424//4424 4336//4336
f 4262//4262 4422//4422 4242//4242
f 4339//4339 4423//4423 4340//4340
f 4473//4473 4262//4262 4242//4242
f 4473//4473 4242//4242 4297//4297
f 4475//4475 4358//4358 4254//4254
f 4236//4236 4201//4201 4203//4203
f 4378//4378 4236//4236 4203//4203
f 4362//4362 4313//4313 4341//4341
f 4217//4217 4346//4346 4207//4207
f 4161//4161 4184//4184 4390//4390
f 4314//4314 4447//4447 4343//4343
f 4340//4340 4423//4423 4472//4472
f 4423//4423 4262//4262 4472//4472
f 4428//4428 4427//4427 4255//4255
f 4212//4212 4411//4411 4159//4159
f 4402//4402 4184//4184 4378//4378
f 4467//4467 4205//4205 4412//4412
f 4423//4423 4422//4422 4262//4262
f 4367//4367 4346//4346 4217//4217
f 4329//4329 4444//4444 4452//4452
f 4237//4237 4310//4310 4451//4451
f 4426//4426 4305//4305 4266//4266
f 4265//4265 4439//4439 4282//4282
f 4296//4296 4363//4363 4352//4352
f 4152//4152 4153//4153 4353//4353
f 4154//4154 4355//4355 4446//4446
f 4152//4152 4443//4443 4165//4165
f 4464//4464 4363//4363 4332//4332
f 4319//4319 4432//4432 4309//4309
f 4394//4394 4178//4178 4231//4231
f 4367//4367 4217//4217 4391//4391
f 4217//4217 4277//4277 4391//4391
f 4238//4238 4264//4264 4356//4356
f 4475//4475 4254//4254 4343//4343
f 4306//4306 4438//4438 4237//4237
f 4342//4342 4376//4376 4162//4162
f 4383//4383 4322//4322 4467//4467
f 4385//4385 4313//4313 4362//4362
f 4461//4461 4445//4445 4348//4348
f 4325//4325 4192//4192 4190//4190
f 4249//4249 4348//4348 4476//4476
f 4348//4348 4333//4333 4476//4476
f 4420//4420 4222//4222 4298//4298
f 4222//4222 4221//4221 4298//4298
f 4297//4297 4360//4360 4230//4230
f 4221//4221 4360//4360 4298//4298
f 4294//4294 4290//4290 4156//4156
f 4223//4223 4294//4294 4156//4156
f 4166//4166 4324//4324 4455//4455
f 4229//4229 4397//4397 4151//4151
f 4192//4192 4193//4193 4417//4417
f 4418//4418 4291//4291 4271//4271
f 4372//4372 4460//4460 4243//4243
f 4363//4363 4293//4293 4352//4352
f 4459//4459 4160//4160 4380//4380
f 4435//4435 4213//4213 4211//4211
f 4213//4213 4206//4206 4211//4211
f 4349//4349 4294//4294 4286//4286
f 4460//4460 4372//4372 4376//4376
f 4453//4453 4253//4253 4324//4324
f 4247//4247 4160//4160 4369//4369
f 4371//4371 4240//4240 4375//4375
f 4416//4416 4463//4463 4301//4301
f 4459//4459 4316//4316 4341//4341
f 4241//4241 4376//4376 4342//4342
f 4458//4458 4369//4369 4373//4373
f 4458//4458 4247//4247 4369//4369
f 4311//4311 4263//4263 4313//4313
f 4242//4242 4458//4458 4373//4373
f 4242//4242 4373//4373 4374//4374
f 4459//4459 4341//4341 4313//4313
f 4244//4244 4416//4416 4301//4301
f 4160//4160 4459//4459 4313//4313
f 4404//4404 4246//4246 4377//4377
f 4349//4349 4239//4239 4288//4288
f 4239//4239 4419//4419 4288//4288
f 4210//4210 4302//4302 4219//4219
f 4302//4302 4214//4214 4219//4219
f 4454//4454 4452//4452 4307//4307
f 4321//4321 4229//4229 4164//4164
f 4334//4334 4191//4191 4476//4476
f 4306//4306 4428//4428 4438//4438
f 4323//4323 4379//4379 4195//4195
f 4276//4276 4386//4386 4279//4279
f 4186//4186 4188//4188 4387//4387
f 4188//4188 4384//4384 4387//4387
f 4178//4178 4278//4278 4231//4231
f 4179//4179 4177//4177 4389//4389
f 4403//4403 4186//4186 4275//4275
f 4183//4183 4439//4439 4265//4265
f 4449//4449 4236//4236 4276//4276
f 4276//4276 4391//4391 4394//4394
f 4278//4278 4450//4450 4388//4388
f 4394//4394 4391//4391 4390//4390
f 4236//4236 4386//4386 4276//4276
f 4181//4181 4331//4331 4386//4386
f 4177//4177 4347//4347 4280//4280
f 4347//4347 4265//4265 4280//4280
f 4351//4351 4183//4183 4265//4265
f 4425//4425 4275//4275 4284//4284
f 4425//4425 4403//4403 4275//4275
f 4203//4203 4402//4402 4378//4378
f 4347//4347 4200//4200 4265//4265
f 4187//4187 4171//4171 4157//4157
f 4180//4180 4188//4188 4201//4201
f 4440//4440 4434//4434 4407//4407
f 4410//4410 4471//4471 4408//4408
f 4471//4471 4436//4436 4350//4350
f 4434//4434 4377//4377 4361//4361
f 4441//4441 4405//4405 4383//4383
f 4412//4412 4404//4404 4406//4406
f 4435//4435 4211//4211 4405//4405
f 4211//4211 4383//4383 4405//4405
f 4383//4383 4467//4467 4441//4441
f 4467//4467 4412//4412 4441//4441
f 4407//4407 4232//4232 4433//4433
f 4411//4411 4409//4409 4159//4159
f 4412//4412 4468//4468 4404//4404
f 4269//4269 4442//4442 4409//4409
f 4406//4406 4441//4441 4412//4412
f 4433//4433 4440//4440 4407//4407
f 4227//4227 4375//4375 4289//4289
f 4429//4429 4430//4430 4381//4381
f 4325//4325 4414//4414 4192//4192
f 4334//4334 4250//4250 4191//4191
f 4423//4423 4339//4339 4422//4422
f 4339//4339 4338//4338 4422//4422
f 4370//4370 4463//4463 4416//4416
f 4353//4353 4465//4465 4419//4419
f 4327//4327 4446//4446 4220//4220
f 4315//4315 4385//4385 4362//4362
f 4246//4246 4361//4361 4377//4377
f 4461//4461 4414//4414 4451//4451
f 4445//4445 4461//4461 4451//4451
f 4462//4462 4207//4207 4346//4346
f 4152//4152 4165//4165 4151//4151
f 4292//4292 4299//4299 4320//4320
f 4299//4299 4156//4156 4474//4474
f 4299//4299 4474//4474 4297//4297
f 4424//4424 4292//4292 4320//4320
f 4263//4263 4311//4311 4463//4463
f 4303//4303 4310//4310 4258//4258
f 4420//4420 4288//4288 4222//4222
f 4364//4364 4430//4430 4431//4431
f 4259//4259 4257//4257 4307//4307
f 4318//4318 4415//4415 4326//4326
f 4396//4396 4318//4318 4326//4326
f 4260//4260 4267//4267 4256//4256
f 4434//4434 4467//4467 4407//4407
f 4232//4232 4300//4300 4433//4433
f 4469//4469 4330//4330 4300//4300
f 4470//4470 4383//4383 4211//4211
f 4442//4442 4457//4457 4409//4409
f 4457//4457 4159//4159 4409//4409
f 4456//4456 4361//4361 4246//4246
f 4457//4457 4442//4442 4168//4168
f 4407//4407 4322//4322 4232//4232
f 4361//4361 4467//4467 4434//4434
f 4412//4412 4216//4216 4468//4468
f 4232//4232 4469//4469 4300//4300
f 4452//4452 4253//4253 4453//4453
f 4317//4317 4459//4459 4340//4340
f 4160//4160 4247//4247 4380//4380
f 4269//4269 4225//4225 4442//4442
f 4330//4330 4213//4213 4435//4435
f 4327//4327 4360//4360 4221//4221
f 4241//4241 4460//4460 4376//4376
f 4456//4456 4205//4205 4361//4361
f 4471//4471 4357//4357 4436//4436
f 4469//4469 4213//4213 4330//4330
f 4232//4232 4248//4248 4469//4469
f 4208//4208 4456//4456 4246//4246
f 4212//4212 4471//4471 4411//4411
f 4357//4357 4209//4209 4436//4436
f 4216//4216 4233//4233 4468//4468
f 4399//4399 4154//4154 4398//4398
f 4251//4251 4365//4365 4261//4261
f 4234//4234 4209//4209 4252//4252
